Site;SubCatch;Number Data Training;Number Global Data;MSE Test;R2 Test;Quality Metric;Quality Sum;P Real;P pred;H Real Preal;H Real Ppred
33;5;32;40;0.015876894174186487;-0.2251314532438502;0.12645106774202178;0.271;90.0;100.0;6.477501234410618e-05;0.1265158427543659
35;4;32;40;0.015876894174186487;-0.2251314532438502;nan;0.271;125.0;60.0;0.0967837991127325;0.0010399296135287
35;5;32;40;0.015876894174186487;-0.2251314532438502;nan;0.271;100.0;100.0;0.0854998669450237;0.0854998669450237
35;6;32;40;0.015876894174186487;-0.2251314532438502;0.1448966249673345;0.271;182.0;1500.0;0.0027261767355532;0.1476228017028877
37;8;32;40;0.015876894174186487;-0.2251314532438502;nan;0.271;150.0;100.0;0.0836747416091536;6.227427565503887e-05
37;9;32;40;0.015876894174186487;-0.2251314532438502;nan;0.271;100.0;75.0;0.0020697018210069;0.0020697018210069
38;6;32;40;0.015876894174186487;-0.2251314532438502;nan;0.271;75.0;75.0;0.004115867494401133;0.004115867494401133
39;5;32;40;0.015876894174186487;-0.2251314532438502;0.0;0.271;60.0;100.0;0.0026740309056195897;0.0026740309056195897
