Site;Rate;H Error;Slope;Elevation;LC;CW;Area;Coastal Vulnerability;Hydrological Vulnerability;Satured Zone Area;Vulnerability Sum;Vulnerability Rate;Global Area of site (in cells);Htest;HtestPred
24.0;1.0;0.0;0.038199;5.6431;2700.0;4.04;3735000.0;102;23;1389;1390.4447820750363;0.2024526473609546;6868;0.0;6.634684505364e-06
24.0;2.0;0.0024067949762981;0.038199;5.6431;2700.0;4.04;3735000.0;102;23;1389;1390.4447820750363;0.2024526473609546;6868;0.0024067949762981;0.005100783412248791
24.0;7.0;0.011770072135544;0.038199;5.6431;2700.0;4.04;3735000.0;102;23;1389;1390.4447820750363;0.2024526473609546;6868;0.011770072135544;0.02218336745180157
24.0;30.0;0.0306645078478985;0.038199;5.6431;2700.0;4.04;3735000.0;102;23;1389;1390.4447820750363;0.2024526473609546;6868;0.0306645078478985;0.060042511785376305
24.0;90.0;0.101023784559261;0.038199;5.6431;2700.0;4.04;3735000.0;102;23;1389;1390.4447820750363;0.2024526473609546;6868;0.101023784559261;0.17313606188882963
24.0;182.0;0.260205628970361;0.038199;5.6431;2700.0;4.04;3735000.0;102;23;1389;1390.4447820750363;0.2024526473609546;6868;0.260205628970361;0.399437567194352
24.0;365.0;0.3600814737994693;0.038199;5.6431;2700.0;4.04;3735000.0;102;23;1389;1390.4447820750363;0.2024526473609546;6868;0.3600814737994693;0.4809295776907217
24.0;730.0;0.5264062859373333;0.038199;5.6431;2700.0;4.04;3735000.0;102;23;1389;1390.4447820750363;0.2024526473609546;6868;0.5264062859373333;0.6099215479973553
24.0;3652.0;0.6827578327244789;0.038199;5.6431;2700.0;4.04;3735000.0;102;23;1389;1390.4447820750363;0.2024526473609546;6868;0.6827578327244789;0.83134296137241
