Site;Rate;H Error;Slope;Elevation;LC;CW;Area;Coastal Vulnerability;Hydrological Vulnerability;Satured Zone Area;Vulnerability Sum;Vulnerability Rate;Global Area of site (in cells);Htest;HtestPred
19.0;1.0;0.0;0.0081185;2.4609;1725.0;2.6646;42446000.0;4766;251;1569;1626.5722882492114;0.1070535927503759;15194;0.0;0.0
19.0;2.0;0.0072548607901231;0.0081185;2.4609;1725.0;2.6646;42446000.0;4766;251;1569;1626.5722882492114;0.1070535927503759;15194;0.0072548607901231;0.0038919739540960977
19.0;7.0;0.0313874267323508;0.0081185;2.4609;1725.0;2.6646;42446000.0;4766;251;1569;1626.5722882492114;0.1070535927503759;15194;0.0313874267323508;0.015353073533345533
19.0;30.0;0.0866235149493999;0.0081185;2.4609;1725.0;2.6646;42446000.0;4766;251;1569;1626.5722882492114;0.1070535927503759;15194;0.0866235149493999;0.04627824602763509
19.0;90.0;0.2019039969055668;0.0081185;2.4609;1725.0;2.6646;42446000.0;4766;251;1569;1626.5722882492114;0.1070535927503759;15194;0.2019039969055668;0.09873083636899481
19.0;182.0;0.3536643637347382;0.0081185;2.4609;1725.0;2.6646;42446000.0;4766;251;1569;1626.5722882492114;0.1070535927503759;15194;0.3536643637347382;0.17846667951293235
19.0;365.0;0.4183549524657499;0.0081185;2.4609;1725.0;2.6646;42446000.0;4766;251;1569;1626.5722882492114;0.1070535927503759;15194;0.4183549524657499;0.20171924957317613
19.0;730.0;0.4604984753848192;0.0081185;2.4609;1725.0;2.6646;42446000.0;4766;251;1569;1626.5722882492114;0.1070535927503759;15194;0.4604984753848192;0.24771388287307022
19.0;3652.0;0.4840729088696178;0.0081185;2.4609;1725.0;2.6646;42446000.0;4766;251;1569;1626.5722882492114;0.1070535927503759;15194;0.4840729088696178;0.305729936799373
