Site;SubCatch;Rate;H Error;Slope;Elevation;LC;SAR;Area;CV;HV;Htest;HtestPred
2;2.0;1;0.0;2.36130428314209;16.774969100952102;855.355613547343;1.00091433525085;4539375;275;188;0.0;0.0004436803854339397
2;2.0;2;0.0085532176410027;2.36130428314209;16.774969100952102;855.355613547343;1.00091433525085;4539375;275;188;0.0085532176410027;0.005964420122854132
2;2.0;7;0.0388064007461574;2.36130428314209;16.774969100952102;855.355613547343;1.00091433525085;4539375;275;188;0.0388064007461574;0.023047902743701356
2;2.0;30;0.1097975769701021;2.36130428314209;16.774969100952102;855.355613547343;1.00091433525085;4539375;275;188;0.1097975769701021;0.05684161159241777
2;2.0;90;0.4080204731085328;2.36130428314209;16.774969100952102;855.355613547343;1.00091433525085;4539375;275;188;0.4080204731085328;0.1797854997384393
2;2.0;182;0.7226980112351251;2.36130428314209;16.774969100952102;855.355613547343;1.00091433525085;4539375;275;188;0.7226980112351251;0.28485486031665386
2;2.0;365;1.033131646842377;2.36130428314209;16.774969100952102;855.355613547343;1.00091433525085;4539375;275;188;1.033131646842377;0.29651745683897046
2;2.0;730;1.4662195155842974;2.36130428314209;16.774969100952102;855.355613547343;1.00091433525085;4539375;275;188;1.4662195155842974;0.31756468212826544
2;2.0;3652;1.8609146128659209;2.36130428314209;16.774969100952102;855.355613547343;1.00091433525085;4539375;275;188;1.8609146128659209;0.33398911589525204
