Site;Rate;H Error;Satured Zone Area;Vulnerability Sum;Vulnerability Rate;Global Area of site (in cells);Htest;HtestPred
3.0;1.0;0.0;8700;8744.7282976493;0.2512852959094626;34800;0.0;0.0
3.0;2.0;0.0037050268572391;8700;8744.7282976493;0.2512852959094626;34800;0.0037050268572391;0.003525849486101847
3.0;7.0;0.015395923499432;8700;8744.7282976493;0.2512852959094626;34800;0.015395923499432;0.014702286920402456
3.0;30.0;0.0404493979934081;8700;8744.7282976493;0.2512852959094626;34800;0.0404493979934081;0.038694261017489746
3.0;90.0;0.1027571012342629;8700;8744.7282976493;0.2512852959094626;34800;0.1027571012342629;0.10077055587384616
3.0;182.0;0.1874998532504132;8700;8744.7282976493;0.2512852959094626;34800;0.1874998532504132;0.19357045252024874
3.0;365.0;0.2184592788548915;8700;8744.7282976493;0.2512852959094626;34800;0.2184592788548915;0.23184695317833623
3.0;730.0;0.2706465721432402;8700;8744.7282976493;0.2512852959094626;34800;0.2706465721432402;0.2999948376959519
3.0;3652.0;0.3404824929883649;8700;8744.7282976493;0.2512852959094626;34800;0.3404824929883649;0.40720309719552095
