Site;Rate;H Error;Slope;Elevation;LC;CW;Area;Htest;HtestPred
3.0;1.0;0.0;0.00057374;10.704;1425.0;2.0877;20256000.0;0.0;0.0
3.0;2.0;0.0037050268572391;0.00057374;10.704;1425.0;2.0877;20256000.0;0.0037050268572391;0.003163540675010928
3.0;7.0;0.015395923499432;0.00057374;10.704;1425.0;2.0877;20256000.0;0.015395923499432;0.013200098715148755
3.0;30.0;0.0404493979934081;0.00057374;10.704;1425.0;2.0877;20256000.0;0.0404493979934081;0.03424483514279569
3.0;90.0;0.1027571012342629;0.00057374;10.704;1425.0;2.0877;20256000.0;0.1027571012342629;0.0798724828118513
3.0;182.0;0.1874998532504132;0.00057374;10.704;1425.0;2.0877;20256000.0;0.1874998532504132;0.16214319304870972
3.0;365.0;0.2184592788548915;0.00057374;10.704;1425.0;2.0877;20256000.0;0.2184592788548915;0.18551439570579265
3.0;730.0;0.2706465721432402;0.00057374;10.704;1425.0;2.0877;20256000.0;0.2706465721432402;0.22334535164459715
3.0;3652.0;0.3404824929883649;0.00057374;10.704;1425.0;2.0877;20256000.0;0.3404824929883649;0.271672841362891
