Site;Rate;H Error;Slope;Elevation;LC;CW;Area;Coastal Vulnerability;Hydrological Vulnerability;Htest;HtestPred
17.0;1.0;0.0;0.0094464;30.539;1575.0;2.4613;61779000.0;185;1537;0.0;0.00018606874309911697
17.0;2.0;0.0036195277470909;0.0094464;30.539;1575.0;2.4613;61779000.0;185;1537;0.0036195277470909;0.002754092338334796
17.0;7.0;0.0154406150457085;0.0094464;30.539;1575.0;2.4613;61779000.0;185;1537;0.0154406150457085;0.011345170989801439
17.0;30.0;0.0413325160789286;0.0094464;30.539;1575.0;2.4613;61779000.0;185;1537;0.0413325160789286;0.030873937186745325
17.0;90.0;0.1067295865950587;0.0094464;30.539;1575.0;2.4613;61779000.0;185;1537;0.1067295865950587;0.07860393142040015
17.0;182.0;0.1967703504900904;0.0094464;30.539;1575.0;2.4613;61779000.0;185;1537;0.1967703504900904;0.13758275341780715
17.0;365.0;0.2335533325873067;0.0094464;30.539;1575.0;2.4613;61779000.0;185;1537;0.2335533325873067;0.1591835850207313
17.0;730.0;0.2945531520453903;0.0094464;30.539;1575.0;2.4613;61779000.0;185;1537;0.2945531520453903;0.1903344615017665
17.0;3652.0;0.360705584925762;0.0094464;30.539;1575.0;2.4613;61779000.0;185;1537;0.360705584925762;0.22389451646434758
