Site;Rate;H Error;Satured Zone Area;Vulnerability Sum;Vulnerability Rate;Global Area of site (in cells);Htest;HtestPred
19.0;1.0;0.0;1569;1626.5722882492114;0.1070535927503759;15194;0.0;0.0
19.0;2.0;0.0072548607901231;1569;1626.5722882492114;0.1070535927503759;15194;0.0072548607901231;0.003755707972689974
19.0;7.0;0.0313874267323508;1569;1626.5722882492114;0.1070535927503759;15194;0.0313874267323508;0.016273316184447637
19.0;30.0;0.0866235149493999;1569;1626.5722882492114;0.1070535927503759;15194;0.0866235149493999;0.04240249194289061
19.0;90.0;0.2019039969055668;1569;1626.5722882492114;0.1070535927503759;15194;0.2019039969055668;0.11795304968165214
19.0;182.0;0.3536643637347382;1569;1626.5722882492114;0.1070535927503759;15194;0.3536643637347382;0.23865702255650154
19.0;365.0;0.4183549524657499;1569;1626.5722882492114;0.1070535927503759;15194;0.4183549524657499;0.2842346233433333
19.0;730.0;0.4604984753848192;1569;1626.5722882492114;0.1070535927503759;15194;0.4604984753848192;0.3591215607318943
19.0;3652.0;0.4840729088696178;1569;1626.5722882492114;0.1070535927503759;15194;0.4840729088696178;0.45264392502353357
