Site;SubCatch;Rate;H Error;Slope;Elevation;LC;SAR;Area;Htest;HtestPred
33;9.0;1;0.0;4.76127815246582;115.677703857422;724.5849432758611;1.00211012363434;8448750;0.0;0.0
33;9.0;2;0.0022826169439025;4.76127815246582;115.677703857422;724.5849432758611;1.00211012363434;8448750;0.0022826169439025;0.003585844880255449
33;9.0;7;0.0160269418129041;4.76127815246582;115.677703857422;724.5849432758611;1.00211012363434;8448750;0.0160269418129041;0.0177513508891459
33;9.0;30;0.0414419683528203;4.76127815246582;115.677703857422;724.5849432758611;1.00211012363434;8448750;0.0414419683528203;0.04175122478833274
33;9.0;90;0.0022826169439025;4.76127815246582;115.677703857422;724.5849432758611;1.00211012363434;8448750;0.0022826169439025;0.09115740432228092
33;9.0;182;0.0022826169439025;4.76127815246582;115.677703857422;724.5849432758611;1.00211012363434;8448750;0.0022826169439025;0.10376406635129096
33;9.0;365;0.3457010977578436;4.76127815246582;115.677703857422;724.5849432758611;1.00211012363434;8448750;0.3457010977578436;0.2067173812788047
33;9.0;730;0.5081771591771534;4.76127815246582;115.677703857422;724.5849432758611;1.00211012363434;8448750;0.5081771591771534;0.21504878800095648
33;9.0;3652;0.0022826169439025;4.76127815246582;115.677703857422;724.5849432758611;1.00211012363434;8448750;0.0022826169439025;0.16146426863598962
