Site;Rate;H Error;Satured Zone Area;Vulnerability Sum;Vulnerability Rate;Global Area of site (in cells);Htest;HtestPred
27.0;1.0;0.0;4447;4497.45338672613;0.0891980204027316;50421;0.0;0.0
27.0;2.0;0.0038632200348545;4447;4497.45338672613;0.0891980204027316;50421;0.0038632200348545;0.003020075980488068
27.0;7.0;0.0167692720000393;4447;4497.45338672613;0.0891980204027316;50421;0.0167692720000393;0.011412861128798803
27.0;30.0;0.0493077354091983;4447;4497.45338672613;0.0891980204027316;50421;0.0493077354091983;0.03159286474460181
27.0;90.0;0.1184679900139628;4447;4497.45338672613;0.0891980204027316;50421;0.1184679900139628;0.06919319432611495
27.0;182.0;0.1933872963131468;4447;4497.45338672613;0.0891980204027316;50421;0.1933872963131468;0.1051268431955979
27.0;365.0;0.2420824054153631;4447;4497.45338672613;0.0891980204027316;50421;0.2420824054153631;0.1176452048235589
27.0;730.0;0.3365885671267685;4447;4497.45338672613;0.0891980204027316;50421;0.3365885671267685;0.15626995154573453
27.0;3652.0;0.4808045723297416;4447;4497.45338672613;0.0891980204027316;50421;0.4808045723297416;0.20978818909249242
