Site;Rate;H Error;Slope;Elevation;LC;CW;Area;Coastal Vulnerability;Hydrological Vulnerability;Satured Zone Area;Vulnerability Sum;Vulnerability Rate;Global Area of site (in cells);Htest;HtestPred
20.0;1.0;0.0;0.01503;11.743;1575.0;2.6242;36844000.0;886;1043;20338;20366.40839293909;0.4211677397882229;48357;0.0;0.0
20.0;2.0;0.0029849962343305;0.01503;11.743;1575.0;2.6242;36844000.0;886;1043;20338;20366.40839293909;0.4211677397882229;48357;0.0029849962343305;0.003986974440549022
20.0;7.0;0.012403614336042;0.01503;11.743;1575.0;2.6242;36844000.0;886;1043;20338;20366.40839293909;0.4211677397882229;48357;0.012403614336042;0.017269200279473866
20.0;30.0;0.0363035232843364;0.01503;11.743;1575.0;2.6242;36844000.0;886;1043;20338;20366.40839293909;0.4211677397882229;48357;0.0363035232843364;0.043573994346221105
20.0;90.0;0.0939738204160915;0.01503;11.743;1575.0;2.6242;36844000.0;886;1043;20338;20366.40839293909;0.4211677397882229;48357;0.0939738204160915;0.11908572422398893
20.0;182.0;0.1580830569715796;0.01503;11.743;1575.0;2.6242;36844000.0;886;1043;20338;20366.40839293909;0.4211677397882229;48357;0.1580830569715796;0.19599230042496438
20.0;365.0;0.1939241683831579;0.01503;11.743;1575.0;2.6242;36844000.0;886;1043;20338;20366.40839293909;0.4211677397882229;48357;0.1939241683831579;0.2317231493074559
20.0;730.0;0.2536156515933963;0.01503;11.743;1575.0;2.6242;36844000.0;886;1043;20338;20366.40839293909;0.4211677397882229;48357;0.2536156515933963;0.29922572557381416
20.0;3652.0;0.3341612039576478;0.01503;11.743;1575.0;2.6242;36844000.0;886;1043;20338;20366.40839293909;0.4211677397882229;48357;0.3341612039576478;0.3770454900946207
