Site;SubCatch;Rate;H Error;Slope;Elevation;LC;SAR;Area;CV;HV;Htest;HtestPred
39;3.0;1;0.0;8.04499816894531;194.032333374023;663.5244765615209;1.00515699386597;3566250;0;15;0.0;0.0006249875143331631
39;3.0;2;0.0030109019404276;8.04499816894531;194.032333374023;663.5244765615209;1.00515699386597;3566250;0;15;0.0030109019404276;0.004470832704074404
39;3.0;7;0.0142638483699564;8.04499816894531;194.032333374023;663.5244765615209;1.00515699386597;3566250;0;15;0.0142638483699564;0.023798549103724167
39;3.0;30;0.0386553909417834;8.04499816894531;194.032333374023;663.5244765615209;1.00515699386597;3566250;0;15;0.0386553909417834;0.052604198448186985
39;3.0;90;0.1234922044240667;8.04499816894531;194.032333374023;663.5244765615209;1.00515699386597;3566250;0;15;0.1234922044240667;0.0947126426632598
39;3.0;182;0.0022115400202595;8.04499816894531;194.032333374023;663.5244765615209;1.00515699386597;3566250;0;15;0.0022115400202595;0.11050212541148037
39;3.0;365;0.3062111071553264;8.04499816894531;194.032333374023;663.5244765615209;1.00515699386597;3566250;0;15;0.3062111071553264;0.3300989402035575
39;3.0;730;0.0022115400202595;8.04499816894531;194.032333374023;663.5244765615209;1.00515699386597;3566250;0;15;0.0022115400202595;0.2825649944121602
39;3.0;3652;0.4927067722691531;8.04499816894531;194.032333374023;663.5244765615209;1.00515699386597;3566250;0;15;0.4927067722691531;0.23950881929736081
