Site;Rate;H Error;Slope;Elevation;LC;CW;Area;Htest;HtestPred
27.0;1.0;0.0;0.014051;16.678;1725.0;2.7998;74036000.0;0.0;0.0
27.0;2.0;0.0038632200348545;0.014051;16.678;1725.0;2.7998;74036000.0;0.0038632200348545;0.003644914132710489
27.0;7.0;0.0167692720000393;0.014051;16.678;1725.0;2.7998;74036000.0;0.0167692720000393;0.01473708991258624
27.0;30.0;0.0493077354091983;0.014051;16.678;1725.0;2.7998;74036000.0;0.0493077354091983;0.041796115241234215
27.0;90.0;0.1184679900139628;0.014051;16.678;1725.0;2.7998;74036000.0;0.1184679900139628;0.1152042336276582
27.0;182.0;0.1933872963131468;0.014051;16.678;1725.0;2.7998;74036000.0;0.1933872963131468;0.21143401741150206
27.0;365.0;0.2420824054153631;0.014051;16.678;1725.0;2.7998;74036000.0;0.2420824054153631;0.24896452513340786
27.0;730.0;0.3365885671267685;0.014051;16.678;1725.0;2.7998;74036000.0;0.3365885671267685;0.3135061051506551
27.0;3652.0;0.4808045723297416;0.014051;16.678;1725.0;2.7998;74036000.0;0.4808045723297416;0.4000805500004372
