Site;Rate;H Error;Slope;Elevation;LC;CW;Area;Htest;HtestPred
4.0;1.0;0.0;0.023758;11.237;1425.0;2.5802;5203100.0;0.0;0.0
4.0;2.0;0.0029038378128997;0.023758;11.237;1425.0;2.5802;5203100.0;0.0029038378128997;0.0033287887830798723
4.0;7.0;0.0135430090036463;0.023758;11.237;1425.0;2.5802;5203100.0;0.0135430090036463;0.01424752494196238
4.0;30.0;0.0343745209691433;0.023758;11.237;1425.0;2.5802;5203100.0;0.0343745209691433;0.04089929996999658
4.0;90.0;0.1283290709635083;0.023758;11.237;1425.0;2.5802;5203100.0;0.1283290709635083;0.09884142736924767
4.0;182.0;0.2632623530631015;0.023758;11.237;1425.0;2.5802;5203100.0;0.2632623530631015;0.1551044142419953
4.0;365.0;0.3843631902014273;0.023758;11.237;1425.0;2.5802;5203100.0;0.3843631902014273;0.17577187031662442
4.0;730.0;0.5794391772227295;0.023758;11.237;1425.0;2.5802;5203100.0;0.5794391772227295;0.22075530215998132
4.0;3652.0;0.784027044277768;0.023758;11.237;1425.0;2.5802;5203100.0;0.784027044277768;0.27680985878808334
