Site;SubCatch;Rate;H Error;Slope;Elevation;LC;SAR;Area;Htest;HtestPred
35;5.0;1;0.0;5.118492126464839;55.5999984741211;535.136391652323;1.0022150278091402;3864375;0.0;0.0
35;5.0;2;0.0029212378202128;5.118492126464839;55.5999984741211;535.136391652323;1.0022150278091402;3864375;0.0029212378202128;0.00293366523257826
35;5.0;7;0.0118953834654631;5.118492126464839;55.5999984741211;535.136391652323;1.0022150278091402;3864375;0.0118953834654631;0.013259594912604835
35;5.0;30;0.0325120344590474;5.118492126464839;55.5999984741211;535.136391652323;1.0022150278091402;3864375;0.0325120344590474;0.034487495810173206
35;5.0;90;0.0862621248744049;5.118492126464839;55.5999984741211;535.136391652323;1.0022150278091402;3864375;0.0862621248744049;0.05522794305456234
35;5.0;182;0.0018106717849554;5.118492126464839;55.5999984741211;535.136391652323;1.0022150278091402;3864375;0.0018106717849554;0.04316118291734135
35;5.0;365;0.1680150677179108;5.118492126464839;55.5999984741211;535.136391652323;1.0022150278091402;3864375;0.1680150677179108;0.15759398330293692
35;5.0;730;0.0018106717849554;5.118492126464839;55.5999984741211;535.136391652323;1.0022150278091402;3864375;0.0018106717849554;0.13356588541529738
35;5.0;3652;0.0018106717849554;5.118492126464839;55.5999984741211;535.136391652323;1.0022150278091402;3864375;0.0018106717849554;0.013749203762200797
