Site;SubCatch;Rate;H Error;Slope;Elevation;LC;SAR;Area;Htest;HtestPred
19;1.0;1;0.0;0.251255035400391;2.3529360294342;666.396229390955;1.0000427961349498;1935000;0.0;0.0
19;1.0;2;0.0073289447235448;0.251255035400391;2.3529360294342;666.396229390955;1.0000427961349498;1935000;0.0073289447235448;0.001646936038670389
19;1.0;7;0.0317318278262551;0.251255035400391;2.3529360294342;666.396229390955;1.0000427961349498;1935000;0.0317318278262551;0.0069018366050773
19;1.0;30;0.085848031856365;0.251255035400391;2.3529360294342;666.396229390955;1.0000427961349498;1935000;0.085848031856365;0.019002179871781894
19;1.0;90;0.1988494275781533;0.251255035400391;2.3529360294342;666.396229390955;1.0000427961349498;1935000;0.1988494275781533;0.03830210118389689
19;1.0;182;0.35974541167904495;0.251255035400391;2.3529360294342;666.396229390955;1.0000427961349498;1935000;0.35974541167904495;0.026602791547375302
19;1.0;365;0.4254579102738617;0.251255035400391;2.3529360294342;666.396229390955;1.0000427961349498;1935000;0.4254579102738617;0.05782513478124275
19;1.0;730;0.4681799018693393;0.251255035400391;2.3529360294342;666.396229390955;1.0000427961349498;1935000;0.4681799018693393;0.031044479949275092
19;1.0;3652;0.4932405849300914;0.251255035400391;2.3529360294342;666.396229390955;1.0000427961349498;1935000;0.4932405849300914;0.023692496094428184
