Site;SubCatch;Rate;H Error;Slope;Elevation;LC;SAR;Area;CV;HV;Htest;HtestPred
37;2.0;1;0.0;3.50271368026733;111.66413879394501;562.1463405847239;1.0011284351348901;4674375;0;92;0.0;0.0005921272817554839
37;2.0;2;0.0041421631469509;3.50271368026733;111.66413879394501;562.1463405847239;1.0011284351348901;4674375;0;92;0.0041421631469509;0.0027882327797882807
37;2.0;7;0.0185666163269423;3.50271368026733;111.66413879394501;562.1463405847239;1.0011284351348901;4674375;0;92;0.0185666163269423;0.009994652772353119
37;2.0;30;0.0412643172482057;3.50271368026733;111.66413879394501;562.1463405847239;1.0011284351348901;4674375;0;92;0.0412643172482057;0.025589910321347286
37;2.0;90;0.1521723189481406;3.50271368026733;111.66413879394501;562.1463405847239;1.0011284351348901;4674375;0;92;0.1521723189481406;0.060958494310369586
37;2.0;182;0.3077776392385274;3.50271368026733;111.66413879394501;562.1463405847239;1.0011284351348901;4674375;0;92;0.3077776392385274;0.026069799237985945
37;2.0;365;5.6709551800989174e-05;3.50271368026733;111.66413879394501;562.1463405847239;1.0011284351348901;4674375;0;92;5.6709551800989174e-05;0.11073522815965389
37;2.0;730;0.8350114315482111;3.50271368026733;111.66413879394501;562.1463405847239;1.0011284351348901;4674375;0;92;0.8350114315482111;0.0062758974135642635
37;2.0;3652;5.6709551800989174e-05;3.50271368026733;111.66413879394501;562.1463405847239;1.0011284351348901;4674375;0;92;5.6709551800989174e-05;0.00306561691054898
