Site;Rate;H Error;Slope;Elevation;LC;CW;Area;Coastal Vulnerability;Hydrological Vulnerability;Htest;HtestPred
8.0;1.0;0.0;0.021748;6.9778;1650.0;2.0095;5220000.0;159;129;0.0;0.0
8.0;2.0;0.0024292213964008;0.021748;6.9778;1650.0;2.0095;5220000.0;159;129;0.0024292213964008;0.0028936534605557697
8.0;7.0;0.0098897397031194;0.021748;6.9778;1650.0;2.0095;5220000.0;159;129;0.0098897397031194;0.012805185913103456
8.0;30.0;0.0261748518897128;0.021748;6.9778;1650.0;2.0095;5220000.0;159;129;0.0261748518897128;0.033842031963499275
8.0;90.0;0.0692507301025263;0.021748;6.9778;1650.0;2.0095;5220000.0;159;129;0.0692507301025263;0.10689654263506433
8.0;182.0;0.1350018125779318;0.021748;6.9778;1650.0;2.0095;5220000.0;159;129;0.1350018125779318;0.26089524157827976
8.0;365.0;0.1669176491637847;0.021748;6.9778;1650.0;2.0095;5220000.0;159;129;0.1669176491637847;0.36055319515156264
8.0;730.0;0.2290698705623457;0.021748;6.9778;1650.0;2.0095;5220000.0;159;129;0.2290698705623457;0.507538263101734
8.0;3652.0;0.2988454033579271;0.021748;6.9778;1650.0;2.0095;5220000.0;159;129;0.2988454033579271;0.6514055733396158
