Site;SubCatch;Rate;H Error;Slope;Elevation;LC;SAR;Area;Htest;HtestPred
33;7.0;1;0.0;4.862651348114009;84.234375;526.098333947334;1.0023473501205402;3436875;0.0;0.0
33;7.0;2;0.0024822141967547;4.862651348114009;84.234375;526.098333947334;1.0023473501205402;3436875;0.0024822141967547;0.002731139385009838
33;7.0;7;0.0077755379352878;4.862651348114009;84.234375;526.098333947334;1.0023473501205402;3436875;0.0077755379352878;0.013285365567769481
33;7.0;30;0.019899778640194998;4.862651348114009;84.234375;526.098333947334;1.0023473501205402;3436875;0.019899778640194998;0.03711404287709312
33;7.0;90;0.0024822141967547;4.862651348114009;84.234375;526.098333947334;1.0023473501205402;3436875;0.0024822141967547;0.07253404555135222
33;7.0;182;0.0024822141967547;4.862651348114009;84.234375;526.098333947334;1.0023473501205402;3436875;0.0024822141967547;0.06366302761159803
33;7.0;365;0.0940651214389879;4.862651348114009;84.234375;526.098333947334;1.0023473501205402;3436875;0.0940651214389879;0.1133776701385187
33;7.0;730;0.1022949628701073;4.862651348114009;84.234375;526.098333947334;1.0023473501205402;3436875;0.1022949628701073;0.10945717369193536
33;7.0;3652;0.0024822141967547;4.862651348114009;84.234375;526.098333947334;1.0023473501205402;3436875;0.0024822141967547;0.01752775140057395
