Site;Rate;H Error;Satured Zone Area;Vulnerability Sum;Vulnerability Rate;Global Area of site (in cells);Htest;HtestPred
14.0;1.0;0.0;1198;1212.8957329081554;0.0319006794378936;38021;0.0;0.0
14.0;2.0;0.0025659666410965;1198;1212.8957329081554;0.0319006794378936;38021;0.0025659666410965;0.003271171268100365
14.0;7.0;0.0103738358831147;1198;1212.8957329081554;0.0319006794378936;38021;0.0103738358831147;0.013733054037847948
14.0;30.0;0.0275341640025388;1198;1212.8957329081554;0.0319006794378936;38021;0.0275341640025388;0.03560577841094538
14.0;90.0;0.0669928669115922;1198;1212.8957329081554;0.0319006794378936;38021;0.0669928669115922;0.08943066478986572
14.0;182.0;0.1215173863507666;1198;1212.8957329081554;0.0319006794378936;38021;0.1215173863507666;0.15729744782946867
14.0;365.0;0.1425932016706186;1198;1212.8957329081554;0.0319006794378936;38021;0.1425932016706186;0.18151840762763308
14.0;730.0;0.1853542925340359;1198;1212.8957329081554;0.0319006794378936;38021;0.1853542925340359;0.23699369736200632
14.0;3652.0;0.2711404842844023;1198;1212.8957329081554;0.0319006794378936;38021;0.2711404842844023;0.2963321691054847
