Site;SubCatch;Rate;H Error;Slope;Elevation;LC;SAR;Area;Htest;HtestPred
2;4.0;1;0.0;1.44525647163391;0.6265078783035279;269.89366442697;1.00061619281769;708750;0.0;0.006002704407712609
2;4.0;2;0.0006750431919812;1.44525647163391;0.6265078783035279;269.89366442697;1.00061619281769;708750;0.0006750431919812;0.010151522274575733
2;4.0;7;0.0022975173499961;1.44525647163391;0.6265078783035279;269.89366442697;1.00061619281769;708750;0.0022975173499961;0.02795639891830798
2;4.0;30;0.0058053961345371;1.44525647163391;0.6265078783035279;269.89366442697;1.00061619281769;708750;0.0058053961345371;0.057256777047656214
2;4.0;90;0.0122141928311769;1.44525647163391;0.6265078783035279;269.89366442697;1.00061619281769;708750;0.0122141928311769;0.15763136091742333
2;4.0;182;0.0203637825739111;1.44525647163391;0.6265078783035279;269.89366442697;1.00061619281769;708750;0.0203637825739111;0.2187130769865881
2;4.0;365;0.0224072389338543;1.44525647163391;0.6265078783035279;269.89366442697;1.00061619281769;708750;0.0224072389338543;0.25531129311749107
2;4.0;730;0.0246410342984375;1.44525647163391;0.6265078783035279;269.89366442697;1.00061619281769;708750;0.0246410342984375;0.30835409206300335
2;4.0;3652;0.0268670842602532;1.44525647163391;0.6265078783035279;269.89366442697;1.00061619281769;708750;0.0268670842602532;0.2778084773258285
