Site;Rate;H Error;Slope;Elevation;LC;CW;Area;Coastal Vulnerability;Hydrological Vulnerability;Satured Zone Area;Vulnerability Sum;Vulnerability Rate;Global Area of site (in cells);Htest;HtestPred
7.0;1.0;0.0;0.017869;37.15;1350.0;2.1056;27810000.0;1;439;2149;2157.4158180739905;0.153421690945384;14062;0.0;0.0
7.0;2.0;0.0030580677191298;0.017869;37.15;1350.0;2.1056;27810000.0;1;439;2149;2157.4158180739905;0.153421690945384;14062;0.0030580677191298;0.003602519048308883
7.0;7.0;0.0148834131981546;0.017869;37.15;1350.0;2.1056;27810000.0;1;439;2149;2157.4158180739905;0.153421690945384;14062;0.0148834131981546;0.015533777375206588
7.0;30.0;0.0316583333666094;0.017869;37.15;1350.0;2.1056;27810000.0;1;439;2149;2157.4158180739905;0.153421690945384;14062;0.0316583333666094;0.04021989293800718
7.0;90.0;0.086542647569335;0.017869;37.15;1350.0;2.1056;27810000.0;1;439;2149;2157.4158180739905;0.153421690945384;14062;0.086542647569335;0.10915026921598232
7.0;182.0;0.1821309914129173;0.017869;37.15;1350.0;2.1056;27810000.0;1;439;2149;2157.4158180739905;0.153421690945384;14062;0.1821309914129173;0.18571146853250878
7.0;365.0;0.2199584496227709;0.017869;37.15;1350.0;2.1056;27810000.0;1;439;2149;2157.4158180739905;0.153421690945384;14062;0.2199584496227709;0.21526530238333202
7.0;730.0;0.2874353576477332;0.017869;37.15;1350.0;2.1056;27810000.0;1;439;2149;2157.4158180739905;0.153421690945384;14062;0.2874353576477332;0.26554855179466336
7.0;3652.0;0.4438459728656725;0.017869;37.15;1350.0;2.1056;27810000.0;1;439;2149;2157.4158180739905;0.153421690945384;14062;0.4438459728656725;0.3134977783745907
