Site;Rate;H Error;Slope;Elevation;LC;CW;Area;Coastal Vulnerability;Hydrological Vulnerability;Htest;HtestPred
22.0;1.0;0.0;0.0096528;32.229;1500.0;2.1629;67568000.0;215;2266;0.0;0.0
22.0;2.0;0.0025623977304338;0.0096528;32.229;1500.0;2.1629;67568000.0;215;2266;0.0025623977304338;0.003262209109766235
22.0;7.0;0.0102307056616175;0.0096528;32.229;1500.0;2.1629;67568000.0;215;2266;0.0102307056616175;0.013879158130165723
22.0;30.0;0.026952018249273;0.0096528;32.229;1500.0;2.1629;67568000.0;215;2266;0.026952018249273;0.03599833087503365
22.0;90.0;0.0665826349200478;0.0096528;32.229;1500.0;2.1629;67568000.0;215;2266;0.0665826349200478;0.08967973298430974
22.0;182.0;0.1331744246574456;0.0096528;32.229;1500.0;2.1629;67568000.0;215;2266;0.1331744246574456;0.17013114024644185
22.0;365.0;0.159802943245865;0.0096528;32.229;1500.0;2.1629;67568000.0;215;2266;0.159802943245865;0.19839280286014313
22.0;730.0;0.2160474341072332;0.0096528;32.229;1500.0;2.1629;67568000.0;215;2266;0.2160474341072332;0.24378023684710534
22.0;3652.0;0.2821658600269947;0.0096528;32.229;1500.0;2.1629;67568000.0;215;2266;0.2821658600269947;0.30364977886637534
