Site;Rate;H Error;Slope;Elevation;LC;CW;Area;Htest;HtestPred
17.0;1.0;0.0;0.0094464;30.539;1575.0;2.4613;61779000.0;0.0;0.0
17.0;2.0;0.0036195277470909;0.0094464;30.539;1575.0;2.4613;61779000.0;0.0036195277470909;0.003229040384151573
17.0;7.0;0.0154406150457085;0.0094464;30.539;1575.0;2.4613;61779000.0;0.0154406150457085;0.013187159200419261
17.0;30.0;0.0413325160789286;0.0094464;30.539;1575.0;2.4613;61779000.0;0.0413325160789286;0.036036209195471555
17.0;90.0;0.1067295865950587;0.0094464;30.539;1575.0;2.4613;61779000.0;0.1067295865950587;0.09082501377048718
17.0;182.0;0.1967703504900904;0.0094464;30.539;1575.0;2.4613;61779000.0;0.1967703504900904;0.17415017131853902
17.0;365.0;0.2335533325873067;0.0094464;30.539;1575.0;2.4613;61779000.0;0.2335533325873067;0.20601005656589838
17.0;730.0;0.2945531520453903;0.0094464;30.539;1575.0;2.4613;61779000.0;0.2945531520453903;0.25771345032986526
17.0;3652.0;0.360705584925762;0.0094464;30.539;1575.0;2.4613;61779000.0;0.360705584925762;0.32163408595246357
