Site;Rate;H Error;Slope;Elevation;LC;CW;Area;Htest;HtestPred
25.0;1.0;0.0;0.02218;48.571;1350.0;1.8653;59490000.0;0.0;0.0
25.0;2.0;0.0027349948639427;0.02218;48.571;1350.0;1.8653;59490000.0;0.0027349948639427;0.0033254265548554695
25.0;7.0;0.0113878859696152;0.02218;48.571;1350.0;1.8653;59490000.0;0.0113878859696152;0.01417519409342289
25.0;30.0;0.0289246948751953;0.02218;48.571;1350.0;1.8653;59490000.0;0.0289246948751953;0.037017395022813364
25.0;90.0;0.0734978659430122;0.02218;48.571;1350.0;1.8653;59490000.0;0.0734978659430122;0.09723829450780437
25.0;182.0;0.137609810009888;0.02218;48.571;1350.0;1.8653;59490000.0;0.137609810009888;0.1819658309327287
25.0;365.0;0.1586114600447141;0.02218;48.571;1350.0;1.8653;59490000.0;0.1586114600447141;0.21409387863722976
25.0;730.0;0.1940339436318247;0.02218;48.571;1350.0;1.8653;59490000.0;0.1940339436318247;0.27150351141630547
25.0;3652.0;0.2399666736275057;0.02218;48.571;1350.0;1.8653;59490000.0;0.2399666736275057;0.3379041984854722
