Site;Rate;H Error;Satured Zone Area;Vulnerability Sum;Vulnerability Rate;Global Area of site (in cells);Htest;HtestPred
7.0;1.0;0.0;2149;2157.4158180739905;0.153421690945384;14062;0.0;0.0
7.0;2.0;0.0030580677191298;2149;2157.4158180739905;0.153421690945384;14062;0.0030580677191298;0.005797712394424396
7.0;7.0;0.0148834131981546;2149;2157.4158180739905;0.153421690945384;14062;0.0148834131981546;0.023866855830680385
7.0;30.0;0.0316583333666094;2149;2157.4158180739905;0.153421690945384;14062;0.0316583333666094;0.06844682803570916
7.0;90.0;0.086542647569335;2149;2157.4158180739905;0.153421690945384;14062;0.086542647569335;0.16821382148539848
7.0;182.0;0.1821309914129173;2149;2157.4158180739905;0.153421690945384;14062;0.1821309914129173;0.3365230725973348
7.0;365.0;0.2199584496227709;2149;2157.4158180739905;0.153421690945384;14062;0.2199584496227709;0.39859084830916547
7.0;730.0;0.2874353576477332;2149;2157.4158180739905;0.153421690945384;14062;0.2874353576477332;0.4596734833571296
7.0;3652.0;0.4438459728656725;2149;2157.4158180739905;0.153421690945384;14062;0.4438459728656725;0.5104426837874954
