Site;SubCatch;Rate;H Error;Slope;Elevation;LC;SAR;Area;CV;HV;Htest;HtestPred
38;2.0;1;0.0;10.4242429733276;186.145324707031;479.22086419551204;1.01065957546234;5709375;0;39;0.0;0.004507473697194468
38;2.0;2;0.0047130041838266;10.4242429733276;186.145324707031;479.22086419551204;1.01065957546234;5709375;0;39;0.0047130041838266;0.00786673247049024
38;2.0;7;0.0230208995710137;10.4242429733276;186.145324707031;479.22086419551204;1.01065957546234;5709375;0;39;0.0230208995710137;0.02201873142479422
38;2.0;30;0.002712617335012;10.4242429733276;186.145324707031;479.22086419551204;1.01065957546234;5709375;0;39;0.002712617335012;0.061376711053096215
38;2.0;90;0.16995525850196302;10.4242429733276;186.145324707031;479.22086419551204;1.01065957546234;5709375;0;39;0.16995525850196302;0.14362490885291465
38;2.0;182;0.3580396680889587;10.4242429733276;186.145324707031;479.22086419551204;1.01065957546234;5709375;0;39;0.3580396680889587;0.12448654285460965
38;2.0;365;0.002712617335012;10.4242429733276;186.145324707031;479.22086419551204;1.01065957546234;5709375;0;39;0.002712617335012;0.37552082002298587
38;2.0;730;0.002712617335012;10.4242429733276;186.145324707031;479.22086419551204;1.01065957546234;5709375;0;39;0.002712617335012;0.27231936404613905
38;2.0;3652;0.002712617335012;10.4242429733276;186.145324707031;479.22086419551204;1.01065957546234;5709375;0;39;0.002712617335012;0.5496250191981772
