Site;SubCatch;Rate;H Error;Slope;Elevation;LC;SAR;Area;Htest;HtestPred
35;6.0;1;0.0;3.48396944999695;30.139289855957;242.837952094719;1.0011293888092;1575000;0.0;0.0
35;6.0;2;0.0028531623903825;3.48396944999695;30.139289855957;242.837952094719;1.0011293888092;1575000;0.0028531623903825;0.002958373809323961
35;6.0;7;0.0114315193476664;3.48396944999695;30.139289855957;242.837952094719;1.0011293888092;1575000;0.0114315193476664;0.010158532846447672
35;6.0;30;0.0342316904238335;3.48396944999695;30.139289855957;242.837952094719;1.0011293888092;1575000;0.0342316904238335;0.024209308617758322
35;6.0;90;0.0773572991303985;3.48396944999695;30.139289855957;242.837952094719;1.0011293888092;1575000;0.0773572991303985;0.05852751239309764
35;6.0;182;0.0027261767355532;3.48396944999695;30.139289855957;242.837952094719;1.0011293888092;1575000;0.0027261767355532;0.039919512777987644
35;6.0;365;0.1273314119849048;3.48396944999695;30.139289855957;242.837952094719;1.0011293888092;1575000;0.1273314119849048;0.07235046604103891
35;6.0;730;0.0027261767355532;3.48396944999695;30.139289855957;242.837952094719;1.0011293888092;1575000;0.0027261767355532;0.0378035948524003
35;6.0;3652;0.0027261767355532;3.48396944999695;30.139289855957;242.837952094719;1.0011293888092;1575000;0.0027261767355532;0.01479094359650089
