Site;Rate;H Error;Slope;Elevation;LC;CW;Area;Coastal Vulnerability;Hydrological Vulnerability;Satured Zone Area;Vulnerability Sum;Vulnerability Rate;Global Area of site (in cells);Htest;HtestPred
23.0;1.0;0.0;0.073487;13.12;1575.0;1.5577;3273800.0;16;15;600;602.4443071011202;0.050710800261037;11880;0.0;0.0
23.0;2.0;0.0042627925995811;0.073487;13.12;1575.0;1.5577;3273800.0;16;15;600;602.4443071011202;0.050710800261037;11880;0.0042627925995811;0.003472839780187846
23.0;7.0;0.0205161496721075;0.073487;13.12;1575.0;1.5577;3273800.0;16;15;600;602.4443071011202;0.050710800261037;11880;0.0205161496721075;0.01638826900714714
23.0;30.0;0.0601751122032808;0.073487;13.12;1575.0;1.5577;3273800.0;16;15;600;602.4443071011202;0.050710800261037;11880;0.0601751122032808;0.03979343505284242
23.0;90.0;0.1655578430692754;0.073487;13.12;1575.0;1.5577;3273800.0;16;15;600;602.4443071011202;0.050710800261037;11880;0.1655578430692754;0.11212507304877375
23.0;182.0;0.3272893303727391;0.073487;13.12;1575.0;1.5577;3273800.0;16;15;600;602.4443071011202;0.050710800261037;11880;0.3272893303727391;0.31818682937096565
23.0;365.0;0.3934913033998186;0.073487;13.12;1575.0;1.5577;3273800.0;16;15;600;602.4443071011202;0.050710800261037;11880;0.3934913033998186;0.4204151265715513
23.0;730.0;0.4658165624744712;0.073487;13.12;1575.0;1.5577;3273800.0;16;15;600;602.4443071011202;0.050710800261037;11880;0.4658165624744712;0.5677349122781409
23.0;3652.0;0.5528061260026178;0.073487;13.12;1575.0;1.5577;3273800.0;16;15;600;602.4443071011202;0.050710800261037;11880;0.5528061260026178;0.7840394426266432
