Site;SubCatch;Rate;H Error;Slope;Elevation;LC;SAR;Area;CV;HV;Htest;HtestPred
37;9.0;1;0.0;7.99075078964233;95.7330474853516;667.977190493564;1.0062495470047;4016250;0;14;0.0;0.0002864708907262781
37;9.0;2;0.0023949653226803;7.99075078964233;95.7330474853516;667.977190493564;1.0062495470047;4016250;0;14;0.0023949653226803;0.003341406329669684
37;9.0;7;0.0099480243634804;7.99075078964233;95.7330474853516;667.977190493564;1.0062495470047;4016250;0;14;0.0099480243634804;0.016273149117626964
37;9.0;30;0.0310650710676055;7.99075078964233;95.7330474853516;667.977190493564;1.0062495470047;4016250;0;14;0.0310650710676055;0.041417323292204246
37;9.0;90;0.0851915672180355;7.99075078964233;95.7330474853516;667.977190493564;1.0062495470047;4016250;0;14;0.0851915672180355;0.1185666319335041
37;9.0;182;0.1528367970968075;7.99075078964233;95.7330474853516;667.977190493564;1.0062495470047;4016250;0;14;0.1528367970968075;0.08394008314581909
37;9.0;365;0.0020697018210069;7.99075078964233;95.7330474853516;667.977190493564;1.0062495470047;4016250;0;14;0.0020697018210069;0.32684761886502417
37;9.0;730;0.2181481666904194;7.99075078964233;95.7330474853516;667.977190493564;1.0062495470047;4016250;0;14;0.2181481666904194;0.255473566080694
37;9.0;3652;0.0020697018210069;7.99075078964233;95.7330474853516;667.977190493564;1.0062495470047;4016250;0;14;0.0020697018210069;0.3385108563730907
