Site;Rate;H Error;Slope;Elevation;LC;CW;Area;Coastal Vulnerability;Hydrological Vulnerability;Satured Zone Area;Vulnerability Sum;Vulnerability Rate;Global Area of site (in cells);Htest;HtestPred
10.0;1.0;0.0;0.0048043999999999;15.404000000000002;1575.0;1.5889;57802000.0;1191;1902;2538;2608.949895076261;0.054954184203818;47475;0.0;0.0
10.0;2.0;0.0036961359926021;0.0048043999999999;15.404000000000002;1575.0;1.5889;57802000.0;1191;1902;2538;2608.949895076261;0.054954184203818;47475;0.0036961359926021;0.0034665178109151646
10.0;7.0;0.0149153057926668;0.0048043999999999;15.404000000000002;1575.0;1.5889;57802000.0;1191;1902;2538;2608.949895076261;0.054954184203818;47475;0.0149153057926668;0.01325002664495749
10.0;30.0;0.0396167202369016;0.0048043999999999;15.404000000000002;1575.0;1.5889;57802000.0;1191;1902;2538;2608.949895076261;0.054954184203818;47475;0.0396167202369016;0.03973441064992053
10.0;90.0;0.0915538363720714;0.0048043999999999;15.404000000000002;1575.0;1.5889;57802000.0;1191;1902;2538;2608.949895076261;0.054954184203818;47475;0.0915538363720714;0.07990410342567004
10.0;182.0;0.1694940808176965;0.0048043999999999;15.404000000000002;1575.0;1.5889;57802000.0;1191;1902;2538;2608.949895076261;0.054954184203818;47475;0.1694940808176965;0.13088707664658003
10.0;365.0;0.1919192240305992;0.0048043999999999;15.404000000000002;1575.0;1.5889;57802000.0;1191;1902;2538;2608.949895076261;0.054954184203818;47475;0.1919192240305992;0.1489038993186182
10.0;730.0;0.2219972819663322;0.0048043999999999;15.404000000000002;1575.0;1.5889;57802000.0;1191;1902;2538;2608.949895076261;0.054954184203818;47475;0.2219972819663322;0.19012498195769742
10.0;3652.0;0.277418471559083;0.0048043999999999;15.404000000000002;1575.0;1.5889;57802000.0;1191;1902;2538;2608.949895076261;0.054954184203818;47475;0.277418471559083;0.24062696965307778
