Site;SubCatch;Rate;H Error;Slope;Elevation;LC;SAR;Area;CV;HV;Htest;HtestPred
35;9.0;1;0.0;2.9782133102417006;31.7158126831055;1009.29822442476;1.00080227851868;1316250;0;38;0.0;0.02052643506043483
35;9.0;2;0.002497158839842;2.9782133102417006;31.7158126831055;1009.29822442476;1.00080227851868;1316250;0;38;0.002497158839842;0.023741787889907502
35;9.0;7;0.0088445460548075;2.9782133102417006;31.7158126831055;1009.29822442476;1.00080227851868;1316250;0;38;0.0088445460548075;0.0384876282097166
35;9.0;30;0.0252357890430049;2.9782133102417006;31.7158126831055;1009.29822442476;1.00080227851868;1316250;0;38;0.0252357890430049;0.07817889673927832
35;9.0;90;0.0489208359766;2.9782133102417006;31.7158126831055;1009.29822442476;1.00080227851868;1316250;0;38;0.0489208359766;0.29583392152414734
35;9.0;182;0.0031028964881321;2.9782133102417006;31.7158126831055;1009.29822442476;1.00080227851868;1316250;0;38;0.0031028964881321;0.4870726390436744
35;9.0;365;0.0795270086854965;2.9782133102417006;31.7158126831055;1009.29822442476;1.00080227851868;1316250;0;38;0.0795270086854965;0.7269773151046163
35;9.0;730;0.0031028964881321;2.9782133102417006;31.7158126831055;1009.29822442476;1.00080227851868;1316250;0;38;0.0031028964881321;1.0273821144033422
35;9.0;3652;0.0031028964881321;2.9782133102417006;31.7158126831055;1009.29822442476;1.00080227851868;1316250;0;38;0.0031028964881321;1.4190748194293605
