Site;Rate;H Error;Slope;Elevation;LC;CW;Area;Htest;HtestPred
12.0;1.0;0.0;0.041692;15.048;1425.0;2.0142;95816000.0;0.0;0.0
12.0;2.0;0.0031172366230168;0.041692;15.048;1425.0;2.0142;95816000.0;0.0031172366230168;0.003187037273694861
12.0;7.0;0.0119980742691852;0.041692;15.048;1425.0;2.0142;95816000.0;0.0119980742691852;0.012463894183222569
12.0;30.0;0.0336530456759948;0.041692;15.048;1425.0;2.0142;95816000.0;0.0336530456759948;0.034356610925748945
12.0;90.0;0.0730083632551525;0.041692;15.048;1425.0;2.0142;95816000.0;0.0730083632551525;0.08061107223707548
12.0;182.0;0.1222048385002407;0.041692;15.048;1425.0;2.0142;95816000.0;0.1222048385002407;0.15228757030124954
12.0;365.0;0.1401841306625733;0.041692;15.048;1425.0;2.0142;95816000.0;0.1401841306625733;0.174734881043651
12.0;730.0;0.1678353858801527;0.041692;15.048;1425.0;2.0142;95816000.0;0.1678353858801527;0.22144769694036634
12.0;3652.0;0.2076715457193804;0.041692;15.048;1425.0;2.0142;95816000.0;0.2076715457193804;0.283100449020453
