Site;SubCatch;Rate;H Error;Slope;Elevation;LC;SAR;Area;CV;HV;Htest;HtestPred
37;3.0;1;0.0;5.20619821548462;102.336456298828;479.812172607868;1.00250244140625;4798125;0;37;0.0;0.0
37;3.0;2;0.0042208166675517;5.20619821548462;102.336456298828;479.812172607868;1.00250244140625;4798125;0;37;0.0042208166675517;0.0029405362567768113
37;3.0;7;0.0191768163750198;5.20619821548462;102.336456298828;479.812172607868;1.00250244140625;4798125;0;37;0.0191768163750198;0.013618361066349905
37;3.0;30;0.0438076057251904;5.20619821548462;102.336456298828;479.812172607868;1.00250244140625;4798125;0;37;0.0438076057251904;0.032091103709865836
37;3.0;90;0.1327850566058465;5.20619821548462;102.336456298828;479.812172607868;1.00250244140625;4798125;0;37;0.1327850566058465;0.08321709331633682
37;3.0;182;0.3046425959992441;5.20619821548462;102.336456298828;479.812172607868;1.00250244140625;4798125;0;37;0.3046425959992441;0.10613525636961343
37;3.0;365;0.0031283131574299993;5.20619821548462;102.336456298828;479.812172607868;1.00250244140625;4798125;0;37;0.0031283131574299993;0.09853307590681934
37;3.0;730;0.5357710546874161;5.20619821548462;102.336456298828;479.812172607868;1.00250244140625;4798125;0;37;0.5357710546874161;0.13889681866691278
37;3.0;3652;0.0031283131574299993;5.20619821548462;102.336456298828;479.812172607868;1.00250244140625;4798125;0;37;0.0031283131574299993;0.031974645333759606
