Site;Rate;H Error;Slope;Elevation;LC;CW;Area;Htest;HtestPred
22.0;1.0;0.0;0.0096528;32.229;1500.0;2.1629;67568000.0;0.0;0.0
22.0;2.0;0.0025623977304338;0.0096528;32.229;1500.0;2.1629;67568000.0;0.0025623977304338;0.003497803390402261
22.0;7.0;0.0102307056616175;0.0096528;32.229;1500.0;2.1629;67568000.0;0.0102307056616175;0.01510258808016524
22.0;30.0;0.026952018249273;0.0096528;32.229;1500.0;2.1629;67568000.0;0.026952018249273;0.04017889313184652
22.0;90.0;0.0665826349200478;0.0096528;32.229;1500.0;2.1629;67568000.0;0.0665826349200478;0.09575722404697799
22.0;182.0;0.1331744246574456;0.0096528;32.229;1500.0;2.1629;67568000.0;0.1331744246574456;0.18180599247558601
22.0;365.0;0.159802943245865;0.0096528;32.229;1500.0;2.1629;67568000.0;0.159802943245865;0.2161628287485198
22.0;730.0;0.2160474341072332;0.0096528;32.229;1500.0;2.1629;67568000.0;0.2160474341072332;0.272602422052366
22.0;3652.0;0.2821658600269947;0.0096528;32.229;1500.0;2.1629;67568000.0;0.2821658600269947;0.3410726191312348
