Site;Rate;H Error;Satured Zone Area;Vulnerability Sum;Vulnerability Rate;Global Area of site (in cells);Htest;HtestPred
28.0;1.0;0.0;634;642.8226160394078;0.0664347474203604;9676;0.0;0.0
28.0;2.0;0.004606022446235;634;642.8226160394078;0.0664347474203604;9676;0.004606022446235;0.002660658807659379
28.0;7.0;0.0195617896314203;634;642.8226160394078;0.0664347474203604;9676;0.0195617896314203;0.01272563380953984
28.0;30.0;0.056126814949097;634;642.8226160394078;0.0664347474203604;9676;0.056126814949097;0.03408621857936051
28.0;90.0;0.1550749403945858;634;642.8226160394078;0.0664347474203604;9676;0.1550749403945858;0.10682930127984261
28.0;182.0;0.266160749072908;634;642.8226160394078;0.0664347474203604;9676;0.266160749072908;0.22545127261632342
28.0;365.0;0.3230017153258779;634;642.8226160394078;0.0664347474203604;9676;0.3230017153258779;0.27313401530900494
28.0;730.0;0.4079307738773825;634;642.8226160394078;0.0664347474203604;9676;0.4079307738773825;0.33008400260626614
28.0;3652.0;0.5555097219092765;634;642.8226160394078;0.0664347474203604;9676;0.5555097219092765;0.37632222786525704
