Site;Rate;H Error;Slope;Elevation;LC;CW;Area;Coastal Vulnerability;Hydrological Vulnerability;Htest;HtestPred
7.0;1.0;0.0;0.017869;37.15;1350.0;2.1056;27810000.0;1;439;0.0;0.0
7.0;2.0;0.0030580677191298;0.017869;37.15;1350.0;2.1056;27810000.0;1;439;0.0030580677191298;0.0035577803270911276
7.0;7.0;0.0148834131981546;0.017869;37.15;1350.0;2.1056;27810000.0;1;439;0.0148834131981546;0.014878894427785122
7.0;30.0;0.0316583333666094;0.017869;37.15;1350.0;2.1056;27810000.0;1;439;0.0316583333666094;0.037955910884597925
7.0;90.0;0.086542647569335;0.017869;37.15;1350.0;2.1056;27810000.0;1;439;0.086542647569335;0.09501033136179496
7.0;182.0;0.1821309914129173;0.017869;37.15;1350.0;2.1056;27810000.0;1;439;0.1821309914129173;0.17630752308470174
7.0;365.0;0.2199584496227709;0.017869;37.15;1350.0;2.1056;27810000.0;1;439;0.2199584496227709;0.2045747067163383
7.0;730.0;0.2874353576477332;0.017869;37.15;1350.0;2.1056;27810000.0;1;439;0.2874353576477332;0.26003816917999767
7.0;3652.0;0.4438459728656725;0.017869;37.15;1350.0;2.1056;27810000.0;1;439;0.4438459728656725;0.3184887790627901
