Site;Rate;H Error;Satured Zone Area;Vulnerability Sum;Vulnerability Rate;Global Area of site (in cells);Htest;HtestPred
28.0;1.0;0.0;634;642.8226160394078;0.0664347474203604;9676;0.0;0.0
28.0;2.0;0.004606022446235;634;642.8226160394078;0.0664347474203604;9676;0.004606022446235;0.0026309988793362356
28.0;7.0;0.0195617896314203;634;642.8226160394078;0.0664347474203604;9676;0.0195617896314203;0.012512351480704087
28.0;30.0;0.056126814949097;634;642.8226160394078;0.0664347474203604;9676;0.056126814949097;0.03424801432031974
28.0;90.0;0.1550749403945858;634;642.8226160394078;0.0664347474203604;9676;0.1550749403945858;0.10845056816061137
28.0;182.0;0.266160749072908;634;642.8226160394078;0.0664347474203604;9676;0.266160749072908;0.21937490342131782
28.0;365.0;0.3230017153258779;634;642.8226160394078;0.0664347474203604;9676;0.3230017153258779;0.26244854651955535
28.0;730.0;0.4079307738773825;634;642.8226160394078;0.0664347474203604;9676;0.4079307738773825;0.3220509317128607
28.0;3652.0;0.5555097219092765;634;642.8226160394078;0.0664347474203604;9676;0.5555097219092765;0.3701453446011182
