Site;Rate;H Error;Slope;Elevation;LC;CW;Area;Coastal Vulnerability;Hydrological Vulnerability;Satured Zone Area;Vulnerability Sum;Vulnerability Rate;Global Area of site (in cells);Htest;HtestPred
27.0;1.0;0.0;0.014051;16.678;1725.0;2.7998;74036000.0;1984;3286;4447;4497.45338672613;0.0891980204027316;50421;0.0;0.0
27.0;2.0;0.0038632200348545;0.014051;16.678;1725.0;2.7998;74036000.0;1984;3286;4447;4497.45338672613;0.0891980204027316;50421;0.0038632200348545;0.0036724349234874046
27.0;7.0;0.0167692720000393;0.014051;16.678;1725.0;2.7998;74036000.0;1984;3286;4447;4497.45338672613;0.0891980204027316;50421;0.0167692720000393;0.014251816441285954
27.0;30.0;0.0493077354091983;0.014051;16.678;1725.0;2.7998;74036000.0;1984;3286;4447;4497.45338672613;0.0891980204027316;50421;0.0493077354091983;0.0419460953751233
27.0;90.0;0.1184679900139628;0.014051;16.678;1725.0;2.7998;74036000.0;1984;3286;4447;4497.45338672613;0.0891980204027316;50421;0.1184679900139628;0.10739448225977094
27.0;182.0;0.1933872963131468;0.014051;16.678;1725.0;2.7998;74036000.0;1984;3286;4447;4497.45338672613;0.0891980204027316;50421;0.1933872963131468;0.1763330005588056
27.0;365.0;0.2420824054153631;0.014051;16.678;1725.0;2.7998;74036000.0;1984;3286;4447;4497.45338672613;0.0891980204027316;50421;0.2420824054153631;0.20516985420047812
27.0;730.0;0.3365885671267685;0.014051;16.678;1725.0;2.7998;74036000.0;1984;3286;4447;4497.45338672613;0.0891980204027316;50421;0.3365885671267685;0.25943441417802365
27.0;3652.0;0.4808045723297416;0.014051;16.678;1725.0;2.7998;74036000.0;1984;3286;4447;4497.45338672613;0.0891980204027316;50421;0.4808045723297416;0.32044156206358104
