Site;Rate;H Error;Slope;Elevation;LC;CW;Area;Coastal Vulnerability;Hydrological Vulnerability;Htest;HtestPred
17.0;1.0;0.0;0.0094464;30.539;1575.0;2.4613;61779000.0;185;1537;0.0;0.0006708608005472436
17.0;2.0;0.0036195277470909;0.0094464;30.539;1575.0;2.4613;61779000.0;185;1537;0.0036195277470909;0.004225535846918714
17.0;7.0;0.0154406150457085;0.0094464;30.539;1575.0;2.4613;61779000.0;185;1537;0.0154406150457085;0.016767214684420686
17.0;30.0;0.0413325160789286;0.0094464;30.539;1575.0;2.4613;61779000.0;185;1537;0.0413325160789286;0.04509703974042734
17.0;90.0;0.1067295865950587;0.0094464;30.539;1575.0;2.4613;61779000.0;185;1537;0.1067295865950587;0.11373196063558923
17.0;182.0;0.1967703504900904;0.0094464;30.539;1575.0;2.4613;61779000.0;185;1537;0.1967703504900904;0.22355068708781917
17.0;365.0;0.2335533325873067;0.0094464;30.539;1575.0;2.4613;61779000.0;185;1537;0.2335533325873067;0.27263526044033853
17.0;730.0;0.2945531520453903;0.0094464;30.539;1575.0;2.4613;61779000.0;185;1537;0.2945531520453903;0.3241352822926615
17.0;3652.0;0.360705584925762;0.0094464;30.539;1575.0;2.4613;61779000.0;185;1537;0.360705584925762;0.3813035531918258
