Site;Rate;H Error;Slope;Elevation;LC;CW;Area;Coastal Vulnerability;Hydrological Vulnerability;Htest;HtestPred
14.0;1.0;0.0;0.0181479999999999;40.589;1425.0;1.7481;52751000.0;33;1653;0.0;0.0
14.0;2.0;0.0025659666410965;0.0181479999999999;40.589;1425.0;1.7481;52751000.0;33;1653;0.0025659666410965;0.003588097754997478
14.0;7.0;0.0103738358831147;0.0181479999999999;40.589;1425.0;1.7481;52751000.0;33;1653;0.0103738358831147;0.01628394273865795
14.0;30.0;0.0275341640025388;0.0181479999999999;40.589;1425.0;1.7481;52751000.0;33;1653;0.0275341640025388;0.036960310285708196
14.0;90.0;0.0669928669115922;0.0181479999999999;40.589;1425.0;1.7481;52751000.0;33;1653;0.0669928669115922;0.09298900371359516
14.0;182.0;0.1215173863507666;0.0181479999999999;40.589;1425.0;1.7481;52751000.0;33;1653;0.1215173863507666;0.16407342669802172
14.0;365.0;0.1425932016706186;0.0181479999999999;40.589;1425.0;1.7481;52751000.0;33;1653;0.1425932016706186;0.1868765546634982
14.0;730.0;0.1853542925340359;0.0181479999999999;40.589;1425.0;1.7481;52751000.0;33;1653;0.1853542925340359;0.23574578265887125
14.0;3652.0;0.2711404842844023;0.0181479999999999;40.589;1425.0;1.7481;52751000.0;33;1653;0.2711404842844023;0.29662846505297896
