Site;Rate;H Error;Slope;Elevation;LC;CW;Area;Coastal Vulnerability;Hydrological Vulnerability;Satured Zone Area;Vulnerability Sum;Vulnerability Rate;Global Area of site (in cells);Htest;HtestPred
25.0;1.0;0.0;0.02218;48.571000000000005;1350.0;1.8653;59490000.0;92;2059;6881;6904.806176761899;0.1519945006771572;45428;0.0;0.0
25.0;2.0;0.0027349948639427;0.02218;48.571000000000005;1350.0;1.8653;59490000.0;92;2059;6881;6904.806176761899;0.1519945006771572;45428;0.0027349948639427;0.0029678750291011746
25.0;7.0;0.0113878859696152;0.02218;48.571000000000005;1350.0;1.8653;59490000.0;92;2059;6881;6904.806176761899;0.1519945006771572;45428;0.0113878859696152;0.01203573079828848
25.0;30.0;0.0289246948751953;0.02218;48.571000000000005;1350.0;1.8653;59490000.0;92;2059;6881;6904.806176761899;0.1519945006771572;45428;0.0289246948751953;0.03200412570121044
25.0;90.0;0.0734978659430122;0.02218;48.571000000000005;1350.0;1.8653;59490000.0;92;2059;6881;6904.806176761899;0.1519945006771572;45428;0.0734978659430122;0.07846794282735652
25.0;182.0;0.137609810009888;0.02218;48.571000000000005;1350.0;1.8653;59490000.0;92;2059;6881;6904.806176761899;0.1519945006771572;45428;0.137609810009888;0.14595586249896453
25.0;365.0;0.1586114600447141;0.02218;48.571000000000005;1350.0;1.8653;59490000.0;92;2059;6881;6904.806176761899;0.1519945006771572;45428;0.1586114600447141;0.16876560790470557
25.0;730.0;0.1940339436318247;0.02218;48.571000000000005;1350.0;1.8653;59490000.0;92;2059;6881;6904.806176761899;0.1519945006771572;45428;0.1940339436318247;0.2194817046156357
25.0;3652.0;0.2399666736275057;0.02218;48.571000000000005;1350.0;1.8653;59490000.0;92;2059;6881;6904.806176761899;0.1519945006771572;45428;0.2399666736275057;0.29317928394420323
