Site;SubCatch;Rate;H Error;Slope;Elevation;LC;SAR;Area;CV;HV;Htest;HtestPred
38;6.0;1;0.0;5.28587961196899;211.40745544433602;757.109391105869;1.00269019603729;5062500;0;146;0.0;0.00015794960507425497
38;6.0;2;0.0039622299882982;5.28587961196899;211.40745544433602;757.109391105869;1.00269019603729;5062500;0;146;0.0039622299882982;0.0035376471127941435
38;6.0;7;0.0172407983129397;5.28587961196899;211.40745544433602;757.109391105869;1.00269019603729;5062500;0;146;0.0172407983129397;0.016806136736445317
38;6.0;30;0.0041158674944011;5.28587961196899;211.40745544433602;757.109391105869;1.00269019603729;5062500;0;146;0.0041158674944011;0.049764885631384384
38;6.0;90;0.1157690166150479;5.28587961196899;211.40745544433602;757.109391105869;1.00269019603729;5062500;0;146;0.1157690166150479;0.11004910302430704
38;6.0;182;0.2513486875081058;5.28587961196899;211.40745544433602;757.109391105869;1.00269019603729;5062500;0;146;0.2513486875081058;0.10682442675667228
38;6.0;365;0.0041158674944011;5.28587961196899;211.40745544433602;757.109391105869;1.00269019603729;5062500;0;146;0.0041158674944011;0.27377058378030183
38;6.0;730;0.0041158674944011;5.28587961196899;211.40745544433602;757.109391105869;1.00269019603729;5062500;0;146;0.0041158674944011;0.2648690463513394
38;6.0;3652;0.0041158674944011;5.28587961196899;211.40745544433602;757.109391105869;1.00269019603729;5062500;0;146;0.0041158674944011;0.17981964237629391
