Site;Rate;H Error;Satured Zone Area;Vulnerability Sum;Vulnerability Rate;Global Area of site (in cells);Htest;HtestPred
25.0;1.0;0.0;6881;6904.806176761899;0.1519945006771572;45428;0.0;0.0
25.0;2.0;0.0027349948639427;6881;6904.806176761899;0.1519945006771572;45428;0.0027349948639427;0.003508539103422466
25.0;7.0;0.0113878859696152;6881;6904.806176761899;0.1519945006771572;45428;0.0113878859696152;0.014053296701788658
25.0;30.0;0.0289246948751953;6881;6904.806176761899;0.1519945006771572;45428;0.0289246948751953;0.03769673201212024
25.0;90.0;0.0734978659430122;6881;6904.806176761899;0.1519945006771572;45428;0.0734978659430122;0.09122605271540588
25.0;182.0;0.137609810009888;6881;6904.806176761899;0.1519945006771572;45428;0.137609810009888;0.16838436584443459
25.0;365.0;0.1586114600447141;6881;6904.806176761899;0.1519945006771572;45428;0.1586114600447141;0.19915009615734866
25.0;730.0;0.1940339436318247;6881;6904.806176761899;0.1519945006771572;45428;0.1940339436318247;0.24776851664514968
25.0;3652.0;0.2399666736275057;6881;6904.806176761899;0.1519945006771572;45428;0.2399666736275057;0.3062427346615846
