Site;Rate;H Error;Satured Zone Area;Vulnerability Sum;Vulnerability Rate;Global Area of site (in cells);Htest;HtestPred
8.0;1.0;0.0;4563;4571.162962892292;0.1912620486565812;23900;0.0;0.0
8.0;2.0;0.0024292213964008;4563;4571.162962892292;0.1912620486565812;23900;0.0024292213964008;0.003455856018828463
8.0;7.0;0.0098897397031194;4563;4571.162962892292;0.1912620486565812;23900;0.0098897397031194;0.013798539555778646
8.0;30.0;0.0261748518897128;4563;4571.162962892292;0.1912620486565812;23900;0.0261748518897128;0.038978370038961555
8.0;90.0;0.0692507301025263;4563;4571.162962892292;0.1912620486565812;23900;0.0692507301025263;0.0948924427794418
8.0;182.0;0.1350018125779318;4563;4571.162962892292;0.1912620486565812;23900;0.1350018125779318;0.1757224356788929
8.0;365.0;0.1669176491637847;4563;4571.162962892292;0.1912620486565812;23900;0.1669176491637847;0.20708800366620553
8.0;730.0;0.2290698705623457;4563;4571.162962892292;0.1912620486565812;23900;0.2290698705623457;0.257334749467097
8.0;3652.0;0.2988454033579271;4563;4571.162962892292;0.1912620486565812;23900;0.2988454033579271;0.31055617603257096
