Site;Rate;H Error;Slope;Elevation;LC;CW;Area;Htest;HtestPred
1.0;1.0;0.0;0.017383;14.031;1575.0;2.2527;57077000.0;0.0;0.0
1.0;2.0;0.0038793230649175;0.017383;14.031;1575.0;2.2527;57077000.0;0.0038793230649175;0.0031434886853354705
1.0;7.0;0.0162088957219168;0.017383;14.031;1575.0;2.2527;57077000.0;0.0162088957219168;0.012944366347259512
1.0;30.0;0.0425305241829691;0.017383;14.031;1575.0;2.2527;57077000.0;0.0425305241829691;0.034369122203902196
1.0;90.0;0.1054010146558668;0.017383;14.031;1575.0;2.2527;57077000.0;0.1054010146558668;0.08293482270923751
1.0;182.0;0.193913249256011;0.017383;14.031;1575.0;2.2527;57077000.0;0.193913249256011;0.15229324461093405
1.0;365.0;0.2364798653552871;0.017383;14.031;1575.0;2.2527;57077000.0;0.2364798653552871;0.1760505635187968
1.0;730.0;0.3066294603669017;0.017383;14.031;1575.0;2.2527;57077000.0;0.3066294603669017;0.22000077363367432
1.0;3652.0;0.4135006551951883;0.017383;14.031;1575.0;2.2527;57077000.0;0.4135006551951883;0.2730681379296889
