Site;Rate;H Error;Satured Zone Area;Vulnerability Sum;Vulnerability Rate;Global Area of site (in cells);Htest;HtestPred
23.0;1.0;0.0;600;602.4443071011202;0.050710800261037;11880;0.0;0.0
23.0;2.0;0.0042627925995811;600;602.4443071011202;0.050710800261037;11880;0.0042627925995811;0.0034222868421873763
23.0;7.0;0.0205161496721075;600;602.4443071011202;0.050710800261037;11880;0.0205161496721075;0.014619068804453912
23.0;30.0;0.0601751122032808;600;602.4443071011202;0.050710800261037;11880;0.0601751122032808;0.04064933379867057
23.0;90.0;0.1655578430692754;600;602.4443071011202;0.050710800261037;11880;0.1655578430692754;0.10205410568860467
23.0;182.0;0.3272893303727391;600;602.4443071011202;0.050710800261037;11880;0.3272893303727391;0.18250131065303318
23.0;365.0;0.3934913033998186;600;602.4443071011202;0.050710800261037;11880;0.3934913033998186;0.2229852195107065
23.0;730.0;0.4658165624744712;600;602.4443071011202;0.050710800261037;11880;0.4658165624744712;0.29428509651506185
23.0;3652.0;0.5528061260026178;600;602.4443071011202;0.050710800261037;11880;0.5528061260026178;0.37962923571779994
