Site;Rate;H Error;Slope;Elevation;LC;CW;Area;Coastal Vulnerability;Hydrological Vulnerability;Htest;HtestPred
30.0;1.0;0.0;0.0094;7.9139;1800.0;2.0684;46513000.0;841;1156;0.0;0.0
30.0;2.0;0.0022608700745166;0.0094;7.9139;1800.0;2.0684;46513000.0;841;1156;0.0022608700745166;0.0032069027218366523
30.0;7.0;0.0081883475743393;0.0094;7.9139;1800.0;2.0684;46513000.0;841;1156;0.0081883475743393;0.013560178395977791
30.0;30.0;0.0218219316716011;0.0094;7.9139;1800.0;2.0684;46513000.0;841;1156;0.0218219316716011;0.039516192132696186
30.0;90.0;0.0470231990120249;0.0094;7.9139;1800.0;2.0684;46513000.0;841;1156;0.0470231990120249;0.1017880039401392
30.0;182.0;0.0830117928014303;0.0094;7.9139;1800.0;2.0684;46513000.0;841;1156;0.0830117928014303;0.20858590585275696
30.0;365.0;0.0943415440641389;0.0094;7.9139;1800.0;2.0684;46513000.0;841;1156;0.0943415440641389;0.25030645469282276
30.0;730.0;0.1194789148185668;0.0094;7.9139;1800.0;2.0684;46513000.0;841;1156;0.1194789148185668;0.3145314674443749
30.0;3652.0;0.168161841624186;0.0094;7.9139;1800.0;2.0684;46513000.0;841;1156;0.168161841624186;0.3887026814660092
