Site;Rate;H Error;Slope;Elevation;LC;CW;Area;Htest;HtestPred
25.0;1.0;0.0;0.02218;48.571;1350.0;1.8653;59490000.0;0.0;0.0
25.0;2.0;0.0027349948639427;0.02218;48.571;1350.0;1.8653;59490000.0;0.0027349948639427;0.0029824447093746652
25.0;7.0;0.0113878859696152;0.02218;48.571;1350.0;1.8653;59490000.0;0.0113878859696152;0.012622800748625419
25.0;30.0;0.0289246948751953;0.02218;48.571;1350.0;1.8653;59490000.0;0.0289246948751953;0.032197381925868074
25.0;90.0;0.0734978659430122;0.02218;48.571;1350.0;1.8653;59490000.0;0.0734978659430122;0.07857625273595278
25.0;182.0;0.137609810009888;0.02218;48.571;1350.0;1.8653;59490000.0;0.137609810009888;0.14959657141152372
25.0;365.0;0.1586114600447141;0.02218;48.571;1350.0;1.8653;59490000.0;0.1586114600447141;0.17117860585035877
25.0;730.0;0.1940339436318247;0.02218;48.571;1350.0;1.8653;59490000.0;0.1940339436318247;0.22798096233135468
25.0;3652.0;0.2399666736275057;0.02218;48.571;1350.0;1.8653;59490000.0;0.2399666736275057;0.3176266033535379
