Site;Rate;H Error;Slope;Elevation;LC;CW;Area;Coastal Vulnerability;Hydrological Vulnerability;Satured Zone Area;Vulnerability Sum;Vulnerability Rate;Global Area of site (in cells);Htest;HtestPred
1.0;1.0;0.0;0.017383000000000003;14.030999999999999;1575.0;2.2527;57077000.0;1906;1033;10373;10398.720357005725;0.2960405499346844;35126;0.0;0.0
1.0;2.0;0.0038793230649175;0.017383000000000003;14.030999999999999;1575.0;2.2527;57077000.0;1906;1033;10373;10398.720357005725;0.2960405499346844;35126;0.0038793230649175;0.0035364212021227275
1.0;7.0;0.0162088957219168;0.017383000000000003;14.030999999999999;1575.0;2.2527;57077000.0;1906;1033;10373;10398.720357005725;0.2960405499346844;35126;0.0162088957219168;0.014439229130121313
1.0;30.0;0.0425305241829691;0.017383000000000003;14.030999999999999;1575.0;2.2527;57077000.0;1906;1033;10373;10398.720357005725;0.2960405499346844;35126;0.0425305241829691;0.04006060990485687
1.0;90.0;0.1054010146558668;0.017383000000000003;14.030999999999999;1575.0;2.2527;57077000.0;1906;1033;10373;10398.720357005725;0.2960405499346844;35126;0.1054010146558668;0.09643420050767383
1.0;182.0;0.19391324925601103;0.017383000000000003;14.030999999999999;1575.0;2.2527;57077000.0;1906;1033;10373;10398.720357005725;0.2960405499346844;35126;0.19391324925601103;0.16865480679504558
1.0;365.0;0.2364798653552871;0.017383000000000003;14.030999999999999;1575.0;2.2527;57077000.0;1906;1033;10373;10398.720357005725;0.2960405499346844;35126;0.2364798653552871;0.19677997905555686
1.0;730.0;0.3066294603669017;0.017383000000000003;14.030999999999999;1575.0;2.2527;57077000.0;1906;1033;10373;10398.720357005725;0.2960405499346844;35126;0.3066294603669017;0.24776584050687425
1.0;3652.0;0.4135006551951883;0.017383000000000003;14.030999999999999;1575.0;2.2527;57077000.0;1906;1033;10373;10398.720357005725;0.2960405499346844;35126;0.4135006551951883;0.3036701913275069
