Site;Rate;H Error;Slope;Elevation;LC;CW;Area;Coastal Vulnerability;Hydrological Vulnerability;Satured Zone Area;Vulnerability Sum;Vulnerability Rate;Global Area of site (in cells);Htest;HtestPred
25.0;1.0;0.0;0.022180000000000002;48.57100000000001;1350.0;1.8653;59490000.0;92;2059;6881;6904.806176761899;0.1519945006771572;45428;0.0;0.0
25.0;2.0;0.0027349948639427;0.022180000000000002;48.57100000000001;1350.0;1.8653;59490000.0;92;2059;6881;6904.806176761899;0.1519945006771572;45428;0.0027349948639427;0.002990548310103832
25.0;7.0;0.0113878859696152;0.022180000000000002;48.57100000000001;1350.0;1.8653;59490000.0;92;2059;6881;6904.806176761899;0.1519945006771572;45428;0.0113878859696152;0.012152680918205771
25.0;30.0;0.0289246948751953;0.022180000000000002;48.57100000000001;1350.0;1.8653;59490000.0;92;2059;6881;6904.806176761899;0.1519945006771572;45428;0.0289246948751953;0.03153478700357378
25.0;90.0;0.0734978659430122;0.022180000000000002;48.57100000000001;1350.0;1.8653;59490000.0;92;2059;6881;6904.806176761899;0.1519945006771572;45428;0.0734978659430122;0.07844445583333154
25.0;182.0;0.137609810009888;0.022180000000000002;48.57100000000001;1350.0;1.8653;59490000.0;92;2059;6881;6904.806176761899;0.1519945006771572;45428;0.137609810009888;0.14488886602474832
25.0;365.0;0.1586114600447141;0.022180000000000002;48.57100000000001;1350.0;1.8653;59490000.0;92;2059;6881;6904.806176761899;0.1519945006771572;45428;0.1586114600447141;0.16630263637036158
25.0;730.0;0.1940339436318247;0.022180000000000002;48.57100000000001;1350.0;1.8653;59490000.0;92;2059;6881;6904.806176761899;0.1519945006771572;45428;0.1940339436318247;0.22275167459750803
25.0;3652.0;0.2399666736275057;0.022180000000000002;48.57100000000001;1350.0;1.8653;59490000.0;92;2059;6881;6904.806176761899;0.1519945006771572;45428;0.2399666736275057;0.2954792413171625
