Site;SubCatch;Rate;H Error;Slope;Elevation;LC;SAR;Area;CV;HV;Htest;HtestPred
37;8.0;1;0.0;5.11476945877075;89.37286376953129;780.774633292829;1.0024653673172;1181250;0;4;0.0;0.0021731030202393085
37;8.0;2;0.0020163246968066;5.11476945877075;89.37286376953129;780.774633292829;1.0024653673172;1181250;0;4;0.0020163246968066;0.00598340760975419
37;8.0;7;0.0094556236569648;5.11476945877075;89.37286376953129;780.774633292829;1.0024653673172;1181250;0;4;0.0094556236569648;0.020108758582088403
37;8.0;30;0.0230705923600542;5.11476945877075;89.37286376953129;780.774633292829;1.0024653673172;1181250;0;4;0.0230705923600542;0.05372435258828647
37;8.0;90;0.0547660488393959;5.11476945877075;89.37286376953129;780.774633292829;1.0024653673172;1181250;0;4;0.0547660488393959;0.09948650864525888
37;8.0;182;0.1110115936258895;5.11476945877075;89.37286376953129;780.774633292829;1.0024653673172;1181250;0;4;0.1110115936258895;0.022273627882594144
37;8.0;365;6.227427565503887e-05;5.11476945877075;89.37286376953129;780.774633292829;1.0024653673172;1181250;0;4;6.227427565503887e-05;0.3748715894317785
37;8.0;730;0.1722479587761677;5.11476945877075;89.37286376953129;780.774633292829;1.0024653673172;1181250;0;4;0.1722479587761677;0.20765349436101332
37;8.0;3652;6.227427565503887e-05;5.11476945877075;89.37286376953129;780.774633292829;1.0024653673172;1181250;0;4;6.227427565503887e-05;0.3187823335570577
