Site;Rate;H Error;Satured Zone Area;Vulnerability Sum;Vulnerability Rate;Global Area of site (in cells);Htest;HtestPred
20.0;1.0;0.0;20338;20366.40839293909;0.4211677397882229;48357;0.0;0.0
20.0;2.0;0.0029849962343305;20338;20366.40839293909;0.4211677397882229;48357;0.0029849962343305;0.0032620204949804087
20.0;7.0;0.012403614336042;20338;20366.40839293909;0.4211677397882229;48357;0.012403614336042;0.013901401103676
20.0;30.0;0.0363035232843364;20338;20366.40839293909;0.4211677397882229;48357;0.0363035232843364;0.0379232945370388
20.0;90.0;0.0939738204160915;20338;20366.40839293909;0.4211677397882229;48357;0.0939738204160915;0.09475023854641873
20.0;182.0;0.1580830569715796;20338;20366.40839293909;0.4211677397882229;48357;0.1580830569715796;0.10618744069898702
20.0;365.0;0.1939241683831579;20338;20366.40839293909;0.4211677397882229;48357;0.1939241683831579;0.11791115228123988
20.0;730.0;0.2536156515933963;20338;20366.40839293909;0.4211677397882229;48357;0.2536156515933963;0.16419421770978077
20.0;3652.0;0.3341612039576478;20338;20366.40839293909;0.4211677397882229;48357;0.3341612039576478;0.28395645056160473
