Site;Rate;H Error;Slope;Elevation;LC;CW;Area;Coastal Vulnerability;Hydrological Vulnerability;Satured Zone Area;Vulnerability Sum;Vulnerability Rate;Global Area of site (in cells);Htest;HtestPred
1.0;1.0;0.0;0.017383;14.031;1575.0;2.2527;57077000.0;1906;1033;10373;10398.720357005725;0.2960405499346844;35126;0.0;0.0
1.0;2.0;0.0038793230649175;0.017383;14.031;1575.0;2.2527;57077000.0;1906;1033;10373;10398.720357005725;0.2960405499346844;35126;0.0038793230649175;0.0035938296510254707
1.0;7.0;0.0162088957219168;0.017383;14.031;1575.0;2.2527;57077000.0;1906;1033;10373;10398.720357005725;0.2960405499346844;35126;0.0162088957219168;0.014051198759331841
1.0;30.0;0.0425305241829691;0.017383;14.031;1575.0;2.2527;57077000.0;1906;1033;10373;10398.720357005725;0.2960405499346844;35126;0.0425305241829691;0.0410492613134096
1.0;90.0;0.1054010146558668;0.017383;14.031;1575.0;2.2527;57077000.0;1906;1033;10373;10398.720357005725;0.2960405499346844;35126;0.1054010146558668;0.09661803632798933
1.0;182.0;0.193913249256011;0.017383;14.031;1575.0;2.2527;57077000.0;1906;1033;10373;10398.720357005725;0.2960405499346844;35126;0.193913249256011;0.16764600546216818
1.0;365.0;0.2364798653552871;0.017383;14.031;1575.0;2.2527;57077000.0;1906;1033;10373;10398.720357005725;0.2960405499346844;35126;0.2364798653552871;0.19416937370313864
1.0;730.0;0.3066294603669017;0.017383;14.031;1575.0;2.2527;57077000.0;1906;1033;10373;10398.720357005725;0.2960405499346844;35126;0.3066294603669017;0.24637611136742998
1.0;3652.0;0.4135006551951883;0.017383;14.031;1575.0;2.2527;57077000.0;1906;1033;10373;10398.720357005725;0.2960405499346844;35126;0.4135006551951883;0.3020610486152626
