Site;Rate;H Error;Satured Zone Area;Vulnerability Sum;Vulnerability Rate;Global Area of site (in cells);Htest;HtestPred
30.0;1.0;0.0;19157;19204.851461680548;0.3934130502638592;48816;0.0;0.0
30.0;2.0;0.0022608700745166;19157;19204.851461680548;0.3934130502638592;48816;0.0022608700745166;0.003746885061447293
30.0;7.0;0.0081883475743393;19157;19204.851461680548;0.3934130502638592;48816;0.0081883475743393;0.01684038722846438
30.0;30.0;0.0218219316716011;19157;19204.851461680548;0.3934130502638592;48816;0.0218219316716011;0.04480795463411451
30.0;90.0;0.0470231990120249;19157;19204.851461680548;0.3934130502638592;48816;0.0470231990120249;0.12236172265170067
30.0;182.0;0.0830117928014303;19157;19204.851461680548;0.3934130502638592;48816;0.0830117928014303;0.18115767111869435
30.0;365.0;0.0943415440641389;19157;19204.851461680548;0.3934130502638592;48816;0.0943415440641389;0.2100199565236179
30.0;730.0;0.1194789148185668;19157;19204.851461680548;0.3934130502638592;48816;0.1194789148185668;0.2773451164298733
30.0;3652.0;0.168161841624186;19157;19204.851461680548;0.3934130502638592;48816;0.168161841624186;0.41630360381502085
