Site;Rate;H Error;Slope;Elevation;LC;CW;Area;Coastal Vulnerability;Hydrological Vulnerability;Satured Zone Area;Vulnerability Sum;Vulnerability Rate;Global Area of site (in cells);Htest;HtestPred
19.0;1.0;0.0;0.0081185;2.4609;1725.0;2.6646;42446000.0;4766;251;1569;1626.5722882492114;0.1070535927503759;15194;0.0;0.0
19.0;2.0;0.0072548607901231;0.0081185;2.4609;1725.0;2.6646;42446000.0;4766;251;1569;1626.5722882492114;0.1070535927503759;15194;0.0072548607901231;0.0038618746916710208
19.0;7.0;0.0313874267323508;0.0081185;2.4609;1725.0;2.6646;42446000.0;4766;251;1569;1626.5722882492114;0.1070535927503759;15194;0.0313874267323508;0.015222118134329974
19.0;30.0;0.0866235149493999;0.0081185;2.4609;1725.0;2.6646;42446000.0;4766;251;1569;1626.5722882492114;0.1070535927503759;15194;0.0866235149493999;0.045978799995793136
19.0;90.0;0.2019039969055668;0.0081185;2.4609;1725.0;2.6646;42446000.0;4766;251;1569;1626.5722882492114;0.1070535927503759;15194;0.2019039969055668;0.09949487521689494
19.0;182.0;0.3536643637347382;0.0081185;2.4609;1725.0;2.6646;42446000.0;4766;251;1569;1626.5722882492114;0.1070535927503759;15194;0.3536643637347382;0.17969029454151303
19.0;365.0;0.4183549524657499;0.0081185;2.4609;1725.0;2.6646;42446000.0;4766;251;1569;1626.5722882492114;0.1070535927503759;15194;0.4183549524657499;0.20606859662794738
19.0;730.0;0.4604984753848192;0.0081185;2.4609;1725.0;2.6646;42446000.0;4766;251;1569;1626.5722882492114;0.1070535927503759;15194;0.4604984753848192;0.25245350305189157
19.0;3652.0;0.4840729088696178;0.0081185;2.4609;1725.0;2.6646;42446000.0;4766;251;1569;1626.5722882492114;0.1070535927503759;15194;0.4840729088696178;0.306256600493328
