Site;Rate;H Error;Satured Zone Area;Vulnerability Sum;Vulnerability Rate;Global Area of site (in cells);Htest;HtestPred
19.0;1.0;0.0;1569;1626.5722882492114;0.1070535927503759;15194;0.0;0.0
19.0;2.0;0.0072548607901231;1569;1626.5722882492114;0.1070535927503759;15194;0.0072548607901231;0.00372032414312225
19.0;7.0;0.0313874267323508;1569;1626.5722882492114;0.1070535927503759;15194;0.0313874267323508;0.016240767219590602
19.0;30.0;0.0866235149493999;1569;1626.5722882492114;0.1070535927503759;15194;0.0866235149493999;0.04313153478582289
19.0;90.0;0.2019039969055668;1569;1626.5722882492114;0.1070535927503759;15194;0.2019039969055668;0.11668512680502732
19.0;182.0;0.3536643637347382;1569;1626.5722882492114;0.1070535927503759;15194;0.3536643637347382;0.23741055626984156
19.0;365.0;0.4183549524657499;1569;1626.5722882492114;0.1070535927503759;15194;0.4183549524657499;0.2854962589629661
19.0;730.0;0.4604984753848192;1569;1626.5722882492114;0.1070535927503759;15194;0.4604984753848192;0.36150330722671753
19.0;3652.0;0.4840729088696178;1569;1626.5722882492114;0.1070535927503759;15194;0.4840729088696178;0.4620443994458511
