Site;SubCatch;Rate;H Error;Slope;Elevation;LC;SAR;Area;CV;HV;Htest;HtestPred
33;7.0;1;0.0;4.862651348114009;84.234375;526.098333947334;1.0023473501205402;3436875;0;35;0.0;0.0
33;7.0;2;0.0024822141967547;4.862651348114009;84.234375;526.098333947334;1.0023473501205402;3436875;0;35;0.0024822141967547;0.0028799511968782116
33;7.0;7;0.0077755379352878;4.862651348114009;84.234375;526.098333947334;1.0023473501205402;3436875;0;35;0.0077755379352878;0.0138183250895892
33;7.0;30;0.019899778640194998;4.862651348114009;84.234375;526.098333947334;1.0023473501205402;3436875;0;35;0.019899778640194998;0.03653926658678147
33;7.0;90;0.0024822141967547;4.862651348114009;84.234375;526.098333947334;1.0023473501205402;3436875;0;35;0.0024822141967547;0.07606396862719589
33;7.0;182;0.0024822141967547;4.862651348114009;84.234375;526.098333947334;1.0023473501205402;3436875;0;35;0.0024822141967547;0.10710451520230771
33;7.0;365;0.0940651214389879;4.862651348114009;84.234375;526.098333947334;1.0023473501205402;3436875;0;35;0.0940651214389879;0.11316464925636859
33;7.0;730;0.1022949628701073;4.862651348114009;84.234375;526.098333947334;1.0023473501205402;3436875;0;35;0.1022949628701073;0.21252936520235205
33;7.0;3652;0.0024822141967547;4.862651348114009;84.234375;526.098333947334;1.0023473501205402;3436875;0;35;0.0024822141967547;0.01852514661980164
