Site;SubCatch;Rate;H Error;Slope;Elevation;LC;SAR;Area;CV;HV;Htest;HtestPred
39;3.0;1;0.0;8.04499816894531;194.032333374023;663.5244765615209;1.00515699386597;3566250;0;15;0.0;8.795454213667402e-06
39;3.0;2;0.0030109019404276;8.04499816894531;194.032333374023;663.5244765615209;1.00515699386597;3566250;0;15;0.0030109019404276;0.003954958563419839
39;3.0;7;0.0142638483699564;8.04499816894531;194.032333374023;663.5244765615209;1.00515699386597;3566250;0;15;0.0142638483699564;0.01770583003188987
39;3.0;30;0.0386553909417834;8.04499816894531;194.032333374023;663.5244765615209;1.00515699386597;3566250;0;15;0.0386553909417834;0.0247252777535188
39;3.0;90;0.1234922044240667;8.04499816894531;194.032333374023;663.5244765615209;1.00515699386597;3566250;0;15;0.1234922044240667;0.13105978052098471
39;3.0;182;0.0022115400202595;8.04499816894531;194.032333374023;663.5244765615209;1.00515699386597;3566250;0;15;0.0022115400202595;0.11538145812618522
39;3.0;365;0.3062111071553264;8.04499816894531;194.032333374023;663.5244765615209;1.00515699386597;3566250;0;15;0.3062111071553264;0.17591647299470511
39;3.0;730;0.0022115400202595;8.04499816894531;194.032333374023;663.5244765615209;1.00515699386597;3566250;0;15;0.0022115400202595;0.05864988138728873
39;3.0;3652;0.4927067722691531;8.04499816894531;194.032333374023;663.5244765615209;1.00515699386597;3566250;0;15;0.4927067722691531;0.07963576220130605
