Site;Rate;H Error;Slope;Elevation;LC;CW;Area;Htest;HtestPred
14.0;1.0;0.0;0.018148;40.589;1425.0;1.7481;52751000.0;0.0;0.0
14.0;2.0;0.0025659666410965;0.018148;40.589;1425.0;1.7481;52751000.0;0.0025659666410965;0.0029319385320850542
14.0;7.0;0.0103738358831147;0.018148;40.589;1425.0;1.7481;52751000.0;0.0103738358831147;0.01284913427075956
14.0;30.0;0.0275341640025388;0.018148;40.589;1425.0;1.7481;52751000.0;0.0275341640025388;0.03134952097116056
14.0;90.0;0.0669928669115922;0.018148;40.589;1425.0;1.7481;52751000.0;0.0669928669115922;0.08226700976440277
14.0;182.0;0.1215173863507666;0.018148;40.589;1425.0;1.7481;52751000.0;0.1215173863507666;0.16018656405789994
14.0;365.0;0.1425932016706186;0.018148;40.589;1425.0;1.7481;52751000.0;0.1425932016706186;0.18128390406787448
14.0;730.0;0.1853542925340359;0.018148;40.589;1425.0;1.7481;52751000.0;0.1853542925340359;0.21778041980849028
14.0;3652.0;0.2711404842844023;0.018148;40.589;1425.0;1.7481;52751000.0;0.2711404842844023;0.2734725486184247
