Site;Rate;H Error;Satured Zone Area;Vulnerability Sum;Vulnerability Rate;Global Area of site (in cells);Htest;HtestPred
12.0;1.0;0.0;2772;2829.498026450184;0.0589847410141793;47970;0.0;0.0
12.0;2.0;0.0031172366230168;2772;2829.498026450184;0.0589847410141793;47970;0.0031172366230168;0.0035782675933528985
12.0;7.0;0.0119980742691852;2772;2829.498026450184;0.0589847410141793;47970;0.0119980742691852;0.014783390211436152
12.0;30.0;0.0336530456759948;2772;2829.498026450184;0.0589847410141793;47970;0.0336530456759948;0.04070462069697384
12.0;90.0;0.0730083632551525;2772;2829.498026450184;0.0589847410141793;47970;0.0730083632551525;0.09047028306181955
12.0;182.0;0.1222048385002407;2772;2829.498026450184;0.0589847410141793;47970;0.1222048385002407;0.16941926030747884
12.0;365.0;0.1401841306625733;2772;2829.498026450184;0.0589847410141793;47970;0.1401841306625733;0.1914903168900148
12.0;730.0;0.1678353858801527;2772;2829.498026450184;0.0589847410141793;47970;0.1678353858801527;0.22837699562969585
12.0;3652.0;0.2076715457193804;2772;2829.498026450184;0.0589847410141793;47970;0.2076715457193804;0.282353456556358
