Site;Rate;H Error;Satured Zone Area;Vulnerability Sum;Vulnerability Rate;Global Area of site (in cells);Htest;HtestPred
1.0;1.0;0.0;10373;10398.720357005725;0.2960405499346844;35126;0.0;0.0
1.0;2.0;0.0038793230649175;10373;10398.720357005725;0.2960405499346844;35126;0.0038793230649175;0.0037920405500214303
1.0;7.0;0.0162088957219168;10373;10398.720357005725;0.2960405499346844;35126;0.0162088957219168;0.015728360015282352
1.0;30.0;0.0425305241829691;10373;10398.720357005725;0.2960405499346844;35126;0.0425305241829691;0.04366994662488225
1.0;90.0;0.1054010146558668;10373;10398.720357005725;0.2960405499346844;35126;0.1054010146558668;0.11252939286016037
1.0;182.0;0.193913249256011;10373;10398.720357005725;0.2960405499346844;35126;0.193913249256011;0.19047905801209894
1.0;365.0;0.2364798653552871;10373;10398.720357005725;0.2960405499346844;35126;0.2364798653552871;0.22561748146839458
1.0;730.0;0.3066294603669017;10373;10398.720357005725;0.2960405499346844;35126;0.3066294603669017;0.2832031292163451
1.0;3652.0;0.4135006551951883;10373;10398.720357005725;0.2960405499346844;35126;0.4135006551951883;0.38922866374932763
