Site;Rate;H Error;Slope;Elevation;LC;CW;Area;Coastal Vulnerability;Hydrological Vulnerability;Htest;HtestPred
24.0;1.0;0.0;0.038199;5.6431;2700.0;4.04;3735000.0;102;23;0.0;0.0002366167660152137
24.0;2.0;0.0024067949762981;0.038199;5.6431;2700.0;4.04;3735000.0;102;23;0.0024067949762981;0.0053467917740676165
24.0;7.0;0.011770072135544;0.038199;5.6431;2700.0;4.04;3735000.0;102;23;0.011770072135544;0.022090636436728477
24.0;30.0;0.0306645078478985;0.038199;5.6431;2700.0;4.04;3735000.0;102;23;0.0306645078478985;0.060618397667578816
24.0;90.0;0.101023784559261;0.038199;5.6431;2700.0;4.04;3735000.0;102;23;0.101023784559261;0.17457373149767694
24.0;182.0;0.260205628970361;0.038199;5.6431;2700.0;4.04;3735000.0;102;23;0.260205628970361;0.42390864814917156
24.0;365.0;0.3600814737994693;0.038199;5.6431;2700.0;4.04;3735000.0;102;23;0.3600814737994693;0.5133342327888629
24.0;730.0;0.5264062859373333;0.038199;5.6431;2700.0;4.04;3735000.0;102;23;0.5264062859373333;0.625008711754238
24.0;3652.0;0.6827578327244789;0.038199;5.6431;2700.0;4.04;3735000.0;102;23;0.6827578327244789;0.8553106805030649
