Site;Rate;H Error;Slope;Elevation;LC;CW;Area;Coastal Vulnerability;Hydrological Vulnerability;Htest;HtestPred
18.0;1.0;0.0;0.020719;6.3567;1425.0;2.2444;10912000.0;270;43;0.0;0.0
18.0;2.0;0.0016343316961933;0.020719;6.3567;1425.0;2.2444;10912000.0;270;43;0.0016343316961933;0.0032016735429318253
18.0;7.0;0.005121275722781;0.020719;6.3567;1425.0;2.2444;10912000.0;270;43;0.005121275722781;0.015095865983784212
18.0;30.0;0.013022431319223999;0.020719;6.3567;1425.0;2.2444;10912000.0;270;43;0.013022431319223999;0.039643371382729366
18.0;90.0;0.0274766933281444;0.020719;6.3567;1425.0;2.2444;10912000.0;270;43;0.0274766933281444;0.11937582205799953
18.0;182.0;0.0455999859724022;0.020719;6.3567;1425.0;2.2444;10912000.0;270;43;0.0455999859724022;0.24336278947030368
18.0;365.0;0.0481160170316837;0.020719;6.3567;1425.0;2.2444;10912000.0;270;43;0.0481160170316837;0.31161905276495555
18.0;730.0;0.0497953805544372;0.020719;6.3567;1425.0;2.2444;10912000.0;270;43;0.0497953805544372;0.42590098099092677
18.0;3652.0;0.0515095706017609;0.020719;6.3567;1425.0;2.2444;10912000.0;270;43;0.0515095706017609;0.5486678206612341
