Site;Rate;H Error;Satured Zone Area;Vulnerability Sum;Vulnerability Rate;Global Area of site (in cells);Htest;HtestPred
21.0;1.0;0.0;358;368.7536084106853;0.0231077583914453;15958;0.0;0.0
21.0;2.0;0.0035131589647779;358;368.7536084106853;0.0231077583914453;15958;0.0035131589647779;0.0034004905463149546
21.0;7.0;0.0149255446543165;358;368.7536084106853;0.0231077583914453;15958;0.0149255446543165;0.011747327767960454
21.0;30.0;0.0354389533967742;358;368.7536084106853;0.0231077583914453;15958;0.0354389533967742;0.03598871182260749
21.0;90.0;0.0986127877393275;358;368.7536084106853;0.0231077583914453;15958;0.0986127877393275;0.0748848127697844
21.0;182.0;0.2030774731975679;358;368.7536084106853;0.0231077583914453;15958;0.2030774731975679;0.09007818758676153
21.0;365.0;0.2486389168180759;358;368.7536084106853;0.0231077583914453;15958;0.2486389168180759;0.09908067757772084
21.0;730.0;0.3009557777986608;358;368.7536084106853;0.0231077583914453;15958;0.3009557777986608;0.12365450524774045
21.0;3652.0;0.359974227568413;358;368.7536084106853;0.0231077583914453;15958;0.359974227568413;0.1668339332678754
