Site;Rate;H Error;Slope;Elevation;LC;CW;Area;Htest;HtestPred
8.0;1.0;0.0;0.021748;6.9778;1650.0;2.0095;5220000.0;0.0;0.0
8.0;2.0;0.0024292213964008;0.021748;6.9778;1650.0;2.0095;5220000.0;0.0024292213964008;0.0025758317025478404
8.0;7.0;0.0098897397031194;0.021748;6.9778;1650.0;2.0095;5220000.0;0.0098897397031194;0.01152521066549522
8.0;30.0;0.0261748518897128;0.021748;6.9778;1650.0;2.0095;5220000.0;0.0261748518897128;0.02955676315645143
8.0;90.0;0.0692507301025263;0.021748;6.9778;1650.0;2.0095;5220000.0;0.0692507301025263;0.09905952182848371
8.0;182.0;0.1350018125779318;0.021748;6.9778;1650.0;2.0095;5220000.0;0.1350018125779318;0.26295208359589345
8.0;365.0;0.1669176491637847;0.021748;6.9778;1650.0;2.0095;5220000.0;0.1669176491637847;0.3525995011140742
8.0;730.0;0.2290698705623457;0.021748;6.9778;1650.0;2.0095;5220000.0;0.2290698705623457;0.49447929477927155
8.0;3652.0;0.2988454033579271;0.021748;6.9778;1650.0;2.0095;5220000.0;0.2988454033579271;0.6190792129060203
