Site;Rate;H Error;Slope;Elevation;LC;CW;Area;Htest;HtestPred
15.0;1.0;0.0;0.026241;19.189;1500.0;3.2359;4303100.0;0.0;0.0
15.0;2.0;0.006634684505364;0.026241;19.189;1500.0;3.2359;4303100.0;0.006634684505364;0.002826848375542284
15.0;7.0;0.0311773625577056;0.026241;19.189;1500.0;3.2359;4303100.0;0.0311773625577056;0.011448148926001494
15.0;30.0;0.0825331753189077;0.026241;19.189;1500.0;3.2359;4303100.0;0.0825331753189077;0.031723888531749345
15.0;90.0;0.2366167660152137;0.026241;19.189;1500.0;3.2359;4303100.0;0.2366167660152137;0.09691076970041898
15.0;182.0;0.4957286907657203;0.026241;19.189;1500.0;3.2359;4303100.0;0.4957286907657203;0.2823152283936469
15.0;365.0;0.5986284345185184;0.026241;19.189;1500.0;3.2359;4303100.0;0.5986284345185184;0.3673598362827729
15.0;730.0;0.7549130005430196;0.026241;19.189;1500.0;3.2359;4303100.0;0.7549130005430196;0.5182810782973226
15.0;3652.0;1.1253996205961938;0.026241;19.189;1500.0;3.2359;4303100.0;1.1253996205961938;0.6517553297326131
