Site;SubCatch;Rate;H Error;Slope;Elevation;LC;SAR;Area;CV;HV;Htest;HtestPred
19;2.0;1;0.0;1.2602037191391002;6.41334772109985;776.387057887321;1.0002951622009302;2655000;353;165;0.0;0.021230144789299053
19;2.0;2;0.0071558985505027;1.2602037191391002;6.41334772109985;776.387057887321;1.0002951622009302;2655000;353;165;0.0071558985505027;0.025097565455395345
19;2.0;7;0.0309267692467264;1.2602037191391002;6.41334772109985;776.387057887321;1.0002951622009302;2655000;353;165;0.0309267692467264;0.04483550180875995
19;2.0;30;0.08763974510670901;1.2602037191391002;6.41334772109985;776.387057887321;1.0002951622009302;2655000;353;165;0.08763974510670901;0.09164798128569203
19;2.0;90;0.205911826402876;1.2602037191391002;6.41334772109985;776.387057887321;1.0002951622009302;2655000;353;165;0.205911826402876;0.3536829898452591
19;2.0;182;0.3451108524920454;1.2602037191391002;6.41334772109985;776.387057887321;1.0002951622009302;2655000;353;165;0.3451108524920454;0.5931924946817396
19;2.0;365;0.4082506829503288;1.2602037191391002;6.41334772109985;776.387057887321;1.0002951622009302;2655000;353;165;0.4082506829503288;0.8722321529207024
19;2.0;730;0.4493123002907788;1.2602037191391002;6.41334772109985;776.387057887321;1.0002951622009302;2655000;353;165;0.4493123002907788;1.2349824784206969
19;2.0;3652;0.4699589938324995;1.2602037191391002;6.41334772109985;776.387057887321;1.0002951622009302;2655000;353;165;0.4699589938324995;1.615344717102105
