Site;Rate;H Error;Satured Zone Area;Vulnerability Sum;Vulnerability Rate;Global Area of site (in cells);Htest;HtestPred
22.0;1.0;0.0;635;645.0831063149186;0.0274456733455972;23504;0.0;0.0
22.0;2.0;0.0025623977304338;635;645.0831063149186;0.0274456733455972;23504;0.0025623977304338;0.0032858089153598277
22.0;7.0;0.0102307056616175;635;645.0831063149186;0.0274456733455972;23504;0.0102307056616175;0.013817319281024443
22.0;30.0;0.026952018249273;635;645.0831063149186;0.0274456733455972;23504;0.026952018249273;0.03817228786966181
22.0;90.0;0.0665826349200478;635;645.0831063149186;0.0274456733455972;23504;0.0665826349200478;0.09845757780539503
22.0;182.0;0.1331744246574456;635;645.0831063149186;0.0274456733455972;23504;0.1331744246574456;0.16834035268726294
22.0;365.0;0.159802943245865;635;645.0831063149186;0.0274456733455972;23504;0.159802943245865;0.19771895883493842
22.0;730.0;0.2160474341072332;635;645.0831063149186;0.0274456733455972;23504;0.2160474341072332;0.25489771019688373
22.0;3652.0;0.2821658600269947;635;645.0831063149186;0.0274456733455972;23504;0.2821658600269947;0.30815444070181325
