Site;Rate;H Error;Satured Zone Area;Vulnerability Sum;Vulnerability Rate;Global Area of site (in cells);Htest;HtestPred
15.0;1.0;0.0;4541;4553.360755593164;0.2996815029349193;15194;0.0;0.0
15.0;2.0;0.006634684505364;4541;4553.360755593164;0.2996815029349193;15194;0.006634684505364;0.004307702586977495
15.0;7.0;0.0311773625577056;4541;4553.360755593164;0.2996815029349193;15194;0.0311773625577056;0.019477157365847625
15.0;30.0;0.0825331753189077;4541;4553.360755593164;0.2996815029349193;15194;0.0825331753189077;0.04658004484831179
15.0;90.0;0.2366167660152137;4541;4553.360755593164;0.2996815029349193;15194;0.2366167660152137;0.11716449338308223
15.0;182.0;0.4957286907657203;4541;4553.360755593164;0.2996815029349193;15194;0.4957286907657203;0.22882355161108886
15.0;365.0;0.5986284345185184;4541;4553.360755593164;0.2996815029349193;15194;0.5986284345185184;0.27140554341847883
15.0;730.0;0.7549130005430196;4541;4553.360755593164;0.2996815029349193;15194;0.7549130005430196;0.3752646394674175
15.0;3652.0;1.1253996205961938;4541;4553.360755593164;0.2996815029349193;15194;1.1253996205961938;0.4997500270360877
