Site;SubCatch;Rate;H Error;Slope;Elevation;LC;SAR;Area;Htest;HtestPred
37;3.0;1;0.0;5.20619821548462;102.336456298828;479.812172607868;1.00250244140625;4798125;0.0;0.0
37;3.0;2;0.0042208166675517;5.20619821548462;102.336456298828;479.812172607868;1.00250244140625;4798125;0.0042208166675517;0.002506068261538252
37;3.0;7;0.0191768163750198;5.20619821548462;102.336456298828;479.812172607868;1.00250244140625;4798125;0.0191768163750198;0.010414882287718663
37;3.0;30;0.0438076057251904;5.20619821548462;102.336456298828;479.812172607868;1.00250244140625;4798125;0.0438076057251904;0.019805482544365236
37;3.0;90;0.1327850566058465;5.20619821548462;102.336456298828;479.812172607868;1.00250244140625;4798125;0.1327850566058465;0.07132271607938784
37;3.0;182;0.3046425959992441;5.20619821548462;102.336456298828;479.812172607868;1.00250244140625;4798125;0.3046425959992441;0.06044121405681463
37;3.0;365;0.0031283131574299993;5.20619821548462;102.336456298828;479.812172607868;1.00250244140625;4798125;0.0031283131574299993;0.07974663868601478
37;3.0;730;0.5357710546874161;5.20619821548462;102.336456298828;479.812172607868;1.00250244140625;4798125;0.5357710546874161;0.03610138072901219
37;3.0;3652;0.0031283131574299993;5.20619821548462;102.336456298828;479.812172607868;1.00250244140625;4798125;0.0031283131574299993;0.029842374986981113
