Site;SubCatch;Rate;H Error;Slope;Elevation;LC;SAR;Area;Htest;HtestPred
18;4.0;1;0.0;5.05597066879272;7.96086978912354;123.025832808776;1.0033980607986501;129375;0.0;0.0
18;4.0;2;0.0016343316961933;5.05597066879272;7.96086978912354;123.025832808776;1.0033980607986501;129375;0.0016343316961933;0.0022770547440320093
18;4.0;7;0.005121275722781;5.05597066879272;7.96086978912354;123.025832808776;1.0033980607986501;129375;0.005121275722781;0.010496526697479566
18;4.0;30;0.013022431319223999;5.05597066879272;7.96086978912354;123.025832808776;1.0033980607986501;129375;0.013022431319223999;0.02622850395511472
18;4.0;90;0.0274766933281444;5.05597066879272;7.96086978912354;123.025832808776;1.0033980607986501;129375;0.0274766933281444;0.05665175415154623
18;4.0;182;0.0455999859724022;5.05597066879272;7.96086978912354;123.025832808776;1.0033980607986501;129375;0.0455999859724022;0.048899637707114516
18;4.0;365;0.0481160170316837;5.05597066879272;7.96086978912354;123.025832808776;1.0033980607986501;129375;0.0481160170316837;0.05298770812462827
18;4.0;730;0.0497953805544372;5.05597066879272;7.96086978912354;123.025832808776;1.0033980607986501;129375;0.0497953805544372;0.06111775836425513
18;4.0;3652;0.0515095706017609;5.05597066879272;7.96086978912354;123.025832808776;1.0033980607986501;129375;0.0515095706017609;0.0154379285509451
