Site;Rate;H Error;Slope;Elevation;LC;CW;Area;Coastal Vulnerability;Hydrological Vulnerability;Satured Zone Area;Vulnerability Sum;Vulnerability Rate;Global Area of site (in cells);Htest;HtestPred
8.0;1.0;0.0;0.021748;6.9778;1650.0;2.0095;5220000.0;159;129;4563;4571.162962892292;0.1912620486565812;23900;0.0;0.0
8.0;2.0;0.0024292213964008;0.021748;6.9778;1650.0;2.0095;5220000.0;159;129;4563;4571.162962892292;0.1912620486565812;23900;0.0024292213964008;0.00347072914878033
8.0;7.0;0.0098897397031194;0.021748;6.9778;1650.0;2.0095;5220000.0;159;129;4563;4571.162962892292;0.1912620486565812;23900;0.0098897397031194;0.014980276420766705
8.0;30.0;0.0261748518897128;0.021748;6.9778;1650.0;2.0095;5220000.0;159;129;4563;4571.162962892292;0.1912620486565812;23900;0.0261748518897128;0.04002668251168093
8.0;90.0;0.0692507301025263;0.021748;6.9778;1650.0;2.0095;5220000.0;159;129;4563;4571.162962892292;0.1912620486565812;23900;0.0692507301025263;0.1262484222748746
8.0;182.0;0.1350018125779318;0.021748;6.9778;1650.0;2.0095;5220000.0;159;129;4563;4571.162962892292;0.1912620486565812;23900;0.1350018125779318;0.34753396356885247
8.0;365.0;0.1669176491637847;0.021748;6.9778;1650.0;2.0095;5220000.0;159;129;4563;4571.162962892292;0.1912620486565812;23900;0.1669176491637847;0.44530040559778994
8.0;730.0;0.2290698705623457;0.021748;6.9778;1650.0;2.0095;5220000.0;159;129;4563;4571.162962892292;0.1912620486565812;23900;0.2290698705623457;0.5709356722472421
8.0;3652.0;0.2988454033579271;0.021748;6.9778;1650.0;2.0095;5220000.0;159;129;4563;4571.162962892292;0.1912620486565812;23900;0.2988454033579271;0.760891298116594
