Site;Rate;H Error;Satured Zone Area;Vulnerability Sum;Vulnerability Rate;Global Area of site (in cells);Htest;HtestPred
21.0;1.0;0.0;358;368.7536084106853;0.0231077583914453;15958;0.0;0.0
21.0;2.0;0.0035131589647779;358;368.7536084106853;0.0231077583914453;15958;0.0035131589647779;0.0033728336243410944
21.0;7.0;0.0149255446543165;358;368.7536084106853;0.0231077583914453;15958;0.0149255446543165;0.012073783291792053
21.0;30.0;0.0354389533967742;358;368.7536084106853;0.0231077583914453;15958;0.0354389533967742;0.0361917035731142
21.0;90.0;0.0986127877393275;358;368.7536084106853;0.0231077583914453;15958;0.0986127877393275;0.07480093400303679
21.0;182.0;0.2030774731975679;358;368.7536084106853;0.0231077583914453;15958;0.2030774731975679;0.0900114405211104
21.0;365.0;0.2486389168180759;358;368.7536084106853;0.0231077583914453;15958;0.2486389168180759;0.1014123810404111
21.0;730.0;0.3009557777986608;358;368.7536084106853;0.0231077583914453;15958;0.3009557777986608;0.1252324976307187
21.0;3652.0;0.359974227568413;358;368.7536084106853;0.0231077583914453;15958;0.359974227568413;0.1719280686441223
