Site;Rate;H Error;Slope;Elevation;LC;CW;Area;Coastal Vulnerability;Hydrological Vulnerability;Htest;HtestPred
3.0;1.0;0.0;0.00057374;10.704;1425.0;2.0877;20256000.0;831;561;0.0;0.0
3.0;2.0;0.0037050268572391;0.00057374;10.704;1425.0;2.0877;20256000.0;831;561;0.0037050268572391;0.002969449128295388
3.0;7.0;0.015395923499432;0.00057374;10.704;1425.0;2.0877;20256000.0;831;561;0.015395923499432;0.012340784899236842
3.0;30.0;0.0404493979934081;0.00057374;10.704;1425.0;2.0877;20256000.0;831;561;0.0404493979934081;0.032003628648134934
3.0;90.0;0.1027571012342629;0.00057374;10.704;1425.0;2.0877;20256000.0;831;561;0.1027571012342629;0.07873976575544153
3.0;182.0;0.1874998532504132;0.00057374;10.704;1425.0;2.0877;20256000.0;831;561;0.1874998532504132;0.1623925380791486
3.0;365.0;0.2184592788548915;0.00057374;10.704;1425.0;2.0877;20256000.0;831;561;0.2184592788548915;0.19151717234877685
3.0;730.0;0.2706465721432402;0.00057374;10.704;1425.0;2.0877;20256000.0;831;561;0.2706465721432402;0.2430316870879071
3.0;3652.0;0.3404824929883649;0.00057374;10.704;1425.0;2.0877;20256000.0;831;561;0.3404824929883649;0.3057395580342859
