Site;Rate;H Error;Slope;Elevation;LC;CW;Area;Coastal Vulnerability;Hydrological Vulnerability;Htest;HtestPred
10.0;1.0;0.0;0.0048043999999999;15.404000000000002;1575.0;1.5889;57802000.0;1191;1902;0.0;0.0
10.0;2.0;0.0036961359926021;0.0048043999999999;15.404000000000002;1575.0;1.5889;57802000.0;1191;1902;0.0036961359926021;0.003470457661728085
10.0;7.0;0.0149153057926668;0.0048043999999999;15.404000000000002;1575.0;1.5889;57802000.0;1191;1902;0.0149153057926668;0.013329307463225427
10.0;30.0;0.0396167202369016;0.0048043999999999;15.404000000000002;1575.0;1.5889;57802000.0;1191;1902;0.0396167202369016;0.04022106606931139
10.0;90.0;0.0915538363720714;0.0048043999999999;15.404000000000002;1575.0;1.5889;57802000.0;1191;1902;0.0915538363720714;0.08300374027790465
10.0;182.0;0.1694940808176965;0.0048043999999999;15.404000000000002;1575.0;1.5889;57802000.0;1191;1902;0.1694940808176965;0.140139541597661
10.0;365.0;0.1919192240305992;0.0048043999999999;15.404000000000002;1575.0;1.5889;57802000.0;1191;1902;0.1919192240305992;0.161062934153852
10.0;730.0;0.2219972819663322;0.0048043999999999;15.404000000000002;1575.0;1.5889;57802000.0;1191;1902;0.2219972819663322;0.20634830049325462
10.0;3652.0;0.277418471559083;0.0048043999999999;15.404000000000002;1575.0;1.5889;57802000.0;1191;1902;0.277418471559083;0.2634346096560687
