Site;Rate;H Error;Slope;Elevation;LC;CW;Area;Coastal Vulnerability;Hydrological Vulnerability;Htest;HtestPred
23.0;1.0;0.0;0.073487;13.12;1575.0;1.5577;3273800.0;16;15;0.0;0.0
23.0;2.0;0.0042627925995811;0.073487;13.12;1575.0;1.5577;3273800.0;16;15;0.0042627925995811;0.003739289756594275
23.0;7.0;0.0205161496721075;0.073487;13.12;1575.0;1.5577;3273800.0;16;15;0.0205161496721075;0.017690442592711995
23.0;30.0;0.0601751122032808;0.073487;13.12;1575.0;1.5577;3273800.0;16;15;0.0601751122032808;0.0439633270654341
23.0;90.0;0.1655578430692754;0.073487;13.12;1575.0;1.5577;3273800.0;16;15;0.1655578430692754;0.12057581937554039
23.0;182.0;0.3272893303727391;0.073487;13.12;1575.0;1.5577;3273800.0;16;15;0.3272893303727391;0.32732623851379666
23.0;365.0;0.3934913033998186;0.073487;13.12;1575.0;1.5577;3273800.0;16;15;0.3934913033998186;0.42854544665084554
23.0;730.0;0.4658165624744712;0.073487;13.12;1575.0;1.5577;3273800.0;16;15;0.4658165624744712;0.5733884392353731
23.0;3652.0;0.5528061260026178;0.073487;13.12;1575.0;1.5577;3273800.0;16;15;0.5528061260026178;0.8032930233450903
