Site;Rate;H Error;Satured Zone Area;Vulnerability Sum;Vulnerability Rate;Global Area of site (in cells);Htest;HtestPred
15.0;1.0;0.0;4541;4553.360755593164;0.2996815029349193;15194;0.0;0.0
15.0;2.0;0.006634684505364;4541;4553.360755593164;0.2996815029349193;15194;0.006634684505364;0.004256081588199321
15.0;7.0;0.0311773625577056;4541;4553.360755593164;0.2996815029349193;15194;0.0311773625577056;0.01958573970188864
15.0;30.0;0.0825331753189077;4541;4553.360755593164;0.2996815029349193;15194;0.0825331753189077;0.04591799024866548
15.0;90.0;0.2366167660152137;4541;4553.360755593164;0.2996815029349193;15194;0.2366167660152137;0.11763962703400069
15.0;182.0;0.4957286907657203;4541;4553.360755593164;0.2996815029349193;15194;0.4957286907657203;0.22658157041818902
15.0;365.0;0.5986284345185184;4541;4553.360755593164;0.2996815029349193;15194;0.5986284345185184;0.27261086289042713
15.0;730.0;0.7549130005430196;4541;4553.360755593164;0.2996815029349193;15194;0.7549130005430196;0.380246127644953
15.0;3652.0;1.1253996205961938;4541;4553.360755593164;0.2996815029349193;15194;1.1253996205961938;0.5038065972314913
