Site;SubCatch;Rate;H Error;Slope;Elevation;LC;SAR;Area;CV;HV;Htest;HtestPred
2;4.0;1;0.0;1.44525647163391;0.6265078783035279;269.89366442697;1.00061619281769;708750;101;82;0.0;0.0
2;4.0;2;0.0006750431919812;1.44525647163391;0.6265078783035279;269.89366442697;1.00061619281769;708750;101;82;0.0006750431919812;0.003684821546896085
2;4.0;7;0.0022975173499961;1.44525647163391;0.6265078783035279;269.89366442697;1.00061619281769;708750;101;82;0.0022975173499961;0.012709646477333357
2;4.0;30;0.0058053961345371;1.44525647163391;0.6265078783035279;269.89366442697;1.00061619281769;708750;101;82;0.0058053961345371;0.034024053593424836
2;4.0;90;0.0122141928311769;1.44525647163391;0.6265078783035279;269.89366442697;1.00061619281769;708750;101;82;0.0122141928311769;0.10214415057446949
2;4.0;182;0.0203637825739111;1.44525647163391;0.6265078783035279;269.89366442697;1.00061619281769;708750;101;82;0.0203637825739111;0.05791404392856964
2;4.0;365;0.0224072389338543;1.44525647163391;0.6265078783035279;269.89366442697;1.00061619281769;708750;101;82;0.0224072389338543;0.15376592857852558
2;4.0;730;0.0246410342984375;1.44525647163391;0.6265078783035279;269.89366442697;1.00061619281769;708750;101;82;0.0246410342984375;0.061043172386641864
2;4.0;3652;0.0268670842602532;1.44525647163391;0.6265078783035279;269.89366442697;1.00061619281769;708750;101;82;0.0268670842602532;0.03910353914256456
