Site;Rate;H Error;Slope;Elevation;LC;CW;Area;Coastal Vulnerability;Hydrological Vulnerability;Satured Zone Area;Vulnerability Sum;Vulnerability Rate;Global Area of site (in cells);Htest;HtestPred
4.0;1.0;0.0;0.023758;11.237;1425.0;2.5802;5203100.0;140;83;1197;1198.4612599941795;0.228365331553769;5248;0.0;0.0
4.0;2.0;0.0029038378128997;0.023758;11.237;1425.0;2.5802;5203100.0;140;83;1197;1198.4612599941795;0.228365331553769;5248;0.0029038378128997;0.0032227178804478296
4.0;7.0;0.0135430090036463;0.023758;11.237;1425.0;2.5802;5203100.0;140;83;1197;1198.4612599941795;0.228365331553769;5248;0.0135430090036463;0.014234701073456844
4.0;30.0;0.0343745209691433;0.023758;11.237;1425.0;2.5802;5203100.0;140;83;1197;1198.4612599941795;0.228365331553769;5248;0.0343745209691433;0.03873823073601943
4.0;90.0;0.1283290709635083;0.023758;11.237;1425.0;2.5802;5203100.0;140;83;1197;1198.4612599941795;0.228365331553769;5248;0.1283290709635083;0.10438260818810835
4.0;182.0;0.2632623530631015;0.023758;11.237;1425.0;2.5802;5203100.0;140;83;1197;1198.4612599941795;0.228365331553769;5248;0.2632623530631015;0.1800311464928463
4.0;365.0;0.3843631902014273;0.023758;11.237;1425.0;2.5802;5203100.0;140;83;1197;1198.4612599941795;0.228365331553769;5248;0.3843631902014273;0.2085278436848851
4.0;730.0;0.5794391772227295;0.023758;11.237;1425.0;2.5802;5203100.0;140;83;1197;1198.4612599941795;0.228365331553769;5248;0.5794391772227295;0.2580211203900421
4.0;3652.0;0.784027044277768;0.023758;11.237;1425.0;2.5802;5203100.0;140;83;1197;1198.4612599941795;0.228365331553769;5248;0.784027044277768;0.317958570359488
