Site;Rate;H Error;Slope;Elevation;LC;CW;Area;Coastal Vulnerability;Hydrological Vulnerability;Htest;HtestPred
30.0;1.0;0.0;0.0094;7.9139;1800.0;2.0684;46513000.0;841;1156;0.0;0.0
30.0;2.0;0.0022608700745166;0.0094;7.9139;1800.0;2.0684;46513000.0;841;1156;0.0022608700745166;0.00319741112759503
30.0;7.0;0.0081883475743393;0.0094;7.9139;1800.0;2.0684;46513000.0;841;1156;0.0081883475743393;0.013759567777320986
30.0;30.0;0.0218219316716011;0.0094;7.9139;1800.0;2.0684;46513000.0;841;1156;0.0218219316716011;0.039376064421859945
30.0;90.0;0.0470231990120249;0.0094;7.9139;1800.0;2.0684;46513000.0;841;1156;0.0470231990120249;0.10278853864116894
30.0;182.0;0.0830117928014303;0.0094;7.9139;1800.0;2.0684;46513000.0;841;1156;0.0830117928014303;0.21488598170781645
30.0;365.0;0.0943415440641389;0.0094;7.9139;1800.0;2.0684;46513000.0;841;1156;0.0943415440641389;0.2551156748840947
30.0;730.0;0.1194789148185668;0.0094;7.9139;1800.0;2.0684;46513000.0;841;1156;0.1194789148185668;0.32963797946386153
30.0;3652.0;0.168161841624186;0.0094;7.9139;1800.0;2.0684;46513000.0;841;1156;0.168161841624186;0.3978282380612112
