Site;Rate;H Error;Satured Zone Area;Vulnerability Sum;Vulnerability Rate;Global Area of site (in cells);Htest;HtestPred
1.0;1.0;0.0;10373;10398.720357005725;0.2960405499346844;35126;0.0;0.0
1.0;2.0;0.0038793230649175;10373;10398.720357005725;0.2960405499346844;35126;0.0038793230649175;0.0037390312828847324
1.0;7.0;0.0162088957219168;10373;10398.720357005725;0.2960405499346844;35126;0.0162088957219168;0.016088375089246945
1.0;30.0;0.0425305241829691;10373;10398.720357005725;0.2960405499346844;35126;0.0425305241829691;0.043014200883350284
1.0;90.0;0.1054010146558668;10373;10398.720357005725;0.2960405499346844;35126;0.1054010146558668;0.1115056684699655
1.0;182.0;0.193913249256011;10373;10398.720357005725;0.2960405499346844;35126;0.193913249256011;0.19182875550487669
1.0;365.0;0.2364798653552871;10373;10398.720357005725;0.2960405499346844;35126;0.2364798653552871;0.21970194219418276
1.0;730.0;0.3066294603669017;10373;10398.720357005725;0.2960405499346844;35126;0.3066294603669017;0.27783012957998443
1.0;3652.0;0.4135006551951883;10373;10398.720357005725;0.2960405499346844;35126;0.4135006551951883;0.3822957463315988
