Site;Rate;H Error;Slope;Elevation;LC;CW;Area;Coastal Vulnerability;Hydrological Vulnerability;Htest;HtestPred
8.0;1.0;0.0;0.021748;6.9778;1650.0;2.0095;5220000.0;159;129;0.0;0.0
8.0;2.0;0.0024292213964008;0.021748;6.9778;1650.0;2.0095;5220000.0;159;129;0.0024292213964008;0.0027568544119263134
8.0;7.0;0.0098897397031194;0.021748;6.9778;1650.0;2.0095;5220000.0;159;129;0.0098897397031194;0.012844363454098442
8.0;30.0;0.0261748518897128;0.021748;6.9778;1650.0;2.0095;5220000.0;159;129;0.0261748518897128;0.0349276735527344
8.0;90.0;0.0692507301025263;0.021748;6.9778;1650.0;2.0095;5220000.0;159;129;0.0692507301025263;0.10478446014332474
8.0;182.0;0.1350018125779318;0.021748;6.9778;1650.0;2.0095;5220000.0;159;129;0.1350018125779318;0.2603805642924611
8.0;365.0;0.1669176491637847;0.021748;6.9778;1650.0;2.0095;5220000.0;159;129;0.1669176491637847;0.35381343440342045
8.0;730.0;0.2290698705623457;0.021748;6.9778;1650.0;2.0095;5220000.0;159;129;0.2290698705623457;0.5003322678055727
8.0;3652.0;0.2988454033579271;0.021748;6.9778;1650.0;2.0095;5220000.0;159;129;0.2988454033579271;0.6380941584762474
