Site;Rate;H Error;Slope;Elevation;LC;CW;Area;Coastal Vulnerability;Hydrological Vulnerability;Htest;HtestPred
15.0;1.0;0.0;0.026241;19.189;1500.0;3.2359;4303100.0;44;31;0.0;0.0
15.0;2.0;0.006634684505364;0.026241;19.189;1500.0;3.2359;4303100.0;44;31;0.006634684505364;0.0029363671640142957
15.0;7.0;0.0311773625577056;0.026241;19.189;1500.0;3.2359;4303100.0;44;31;0.0311773625577056;0.01271301330817583
15.0;30.0;0.0825331753189077;0.026241;19.189;1500.0;3.2359;4303100.0;44;31;0.0825331753189077;0.03308322850214046
15.0;90.0;0.2366167660152137;0.026241;19.189;1500.0;3.2359;4303100.0;44;31;0.2366167660152137;0.10794650440670804
15.0;182.0;0.4957286907657203;0.026241;19.189;1500.0;3.2359;4303100.0;44;31;0.4957286907657203;0.28360588834953376
15.0;365.0;0.5986284345185184;0.026241;19.189;1500.0;3.2359;4303100.0;44;31;0.5986284345185184;0.36749693865508865
15.0;730.0;0.7549130005430196;0.026241;19.189;1500.0;3.2359;4303100.0;44;31;0.7549130005430196;0.5127179908346386
15.0;3652.0;1.1253996205961938;0.026241;19.189;1500.0;3.2359;4303100.0;44;31;1.1253996205961938;0.6431022253354706
