Site;Rate;H Error;Satured Zone Area;Vulnerability Sum;Vulnerability Rate;Global Area of site (in cells);Htest;HtestPred
10.0;1.0;0.0;2538;2608.949895076261;0.054954184203818;47475;0.0;0.0
10.0;2.0;0.0036961359926021;2538;2608.949895076261;0.054954184203818;47475;0.0036961359926021;0.003169839777506333
10.0;7.0;0.0149153057926668;2538;2608.949895076261;0.054954184203818;47475;0.0149153057926668;0.012354073795545765
10.0;30.0;0.0396167202369016;2538;2608.949895076261;0.054954184203818;47475;0.0396167202369016;0.03458480678674877
10.0;90.0;0.0915538363720714;2538;2608.949895076261;0.054954184203818;47475;0.0915538363720714;0.07594465749758435
10.0;182.0;0.1694940808176965;2538;2608.949895076261;0.054954184203818;47475;0.1694940808176965;0.1284797382943718
10.0;365.0;0.1919192240305992;2538;2608.949895076261;0.054954184203818;47475;0.1919192240305992;0.14610458355000147
10.0;730.0;0.2219972819663322;2538;2608.949895076261;0.054954184203818;47475;0.2219972819663322;0.1820868629851323
10.0;3652.0;0.277418471559083;2538;2608.949895076261;0.054954184203818;47475;0.277418471559083;0.22937814544774499
