Site;Rate;H Error;Slope;Elevation;LC;CW;Area;Coastal Vulnerability;Hydrological Vulnerability;Satured Zone Area;Vulnerability Sum;Vulnerability Rate;Global Area of site (in cells);Htest;HtestPred
17.0;1.0;0.0;0.0094464;30.539;1575.0;2.4613;61779000.0;185;1537;1528;1534.9696842304736;0.089580956185029;17135;0.0;0.0
17.0;2.0;0.0036195277470909;0.0094464;30.539;1575.0;2.4613;61779000.0;185;1537;1528;1534.9696842304736;0.089580956185029;17135;0.0036195277470909;0.0029745439314459235
17.0;7.0;0.0154406150457085;0.0094464;30.539;1575.0;2.4613;61779000.0;185;1537;1528;1534.9696842304736;0.089580956185029;17135;0.0154406150457085;0.012445913060524009
17.0;30.0;0.0413325160789286;0.0094464;30.539;1575.0;2.4613;61779000.0;185;1537;1528;1534.9696842304736;0.089580956185029;17135;0.0413325160789286;0.032308762497816064
17.0;90.0;0.1067295865950587;0.0094464;30.539;1575.0;2.4613;61779000.0;185;1537;1528;1534.9696842304736;0.089580956185029;17135;0.1067295865950587;0.08977120874393091
17.0;182.0;0.1967703504900904;0.0094464;30.539;1575.0;2.4613;61779000.0;185;1537;1528;1534.9696842304736;0.089580956185029;17135;0.1967703504900904;0.16266981769249958
17.0;365.0;0.2335533325873067;0.0094464;30.539;1575.0;2.4613;61779000.0;185;1537;1528;1534.9696842304736;0.089580956185029;17135;0.2335533325873067;0.1892772961746021
17.0;730.0;0.2945531520453903;0.0094464;30.539;1575.0;2.4613;61779000.0;185;1537;1528;1534.9696842304736;0.089580956185029;17135;0.2945531520453903;0.23958299787722911
17.0;3652.0;0.360705584925762;0.0094464;30.539;1575.0;2.4613;61779000.0;185;1537;1528;1534.9696842304736;0.089580956185029;17135;0.360705584925762;0.30045288528252306
