Site;Rate;H Error;Slope;Elevation;LC;CW;Area;Htest;HtestPred
7.0;1.0;0.0;0.017869;37.15;1350.0;2.1056;27810000.0;0.0;0.0
7.0;2.0;0.0030580677191298;0.017869;37.15;1350.0;2.1056;27810000.0;0.0030580677191298;0.0029584846793405707
7.0;7.0;0.0148834131981546;0.017869;37.15;1350.0;2.1056;27810000.0;0.0148834131981546;0.012350365805754963
7.0;30.0;0.0316583333666094;0.017869;37.15;1350.0;2.1056;27810000.0;0.0316583333666094;0.031882430385345085
7.0;90.0;0.086542647569335;0.017869;37.15;1350.0;2.1056;27810000.0;0.086542647569335;0.07662558117931524
7.0;182.0;0.1821309914129173;0.017869;37.15;1350.0;2.1056;27810000.0;0.1821309914129173;0.1464379378537187
7.0;365.0;0.2199584496227709;0.017869;37.15;1350.0;2.1056;27810000.0;0.2199584496227709;0.16992197451063962
7.0;730.0;0.2874353576477332;0.017869;37.15;1350.0;2.1056;27810000.0;0.2874353576477332;0.21938559377061256
7.0;3652.0;0.4438459728656725;0.017869;37.15;1350.0;2.1056;27810000.0;0.4438459728656725;0.2812711387124778
