Site;Rate;H Error;Slope;Elevation;LC;CW;Area;Coastal Vulnerability;Hydrological Vulnerability;Htest;HtestPred
24.0;1.0;0.0;0.038199;5.6431;2700.0;4.04;3735000.0;102;23;0.0;6.739965808688709e-05
24.0;2.0;0.0024067949762981;0.038199;5.6431;2700.0;4.04;3735000.0;102;23;0.0024067949762981;0.002786858503175055
24.0;7.0;0.011770072135544;0.038199;5.6431;2700.0;4.04;3735000.0;102;23;0.011770072135544;0.011618036217410326
24.0;30.0;0.0306645078478985;0.038199;5.6431;2700.0;4.04;3735000.0;102;23;0.0306645078478985;0.02922820951252606
24.0;90.0;0.101023784559261;0.038199;5.6431;2700.0;4.04;3735000.0;102;23;0.101023784559261;0.06801341201742274
24.0;182.0;0.260205628970361;0.038199;5.6431;2700.0;4.04;3735000.0;102;23;0.260205628970361;0.09408773549369101
24.0;365.0;0.3600814737994693;0.038199;5.6431;2700.0;4.04;3735000.0;102;23;0.3600814737994693;0.11304148550261349
24.0;730.0;0.5264062859373333;0.038199;5.6431;2700.0;4.04;3735000.0;102;23;0.5264062859373333;0.1436878179216355
24.0;3652.0;0.6827578327244789;0.038199;5.6431;2700.0;4.04;3735000.0;102;23;0.6827578327244789;0.19532819656801662
