Site;Rate;H Error;Slope;Elevation;LC;CW;Area;Htest;HtestPred
2.0;1.0;0.0;0.0029846;8.0214;1725.0;2.2279;16571000.0;0.0;0.0
2.0;2.0;0.0024436471432086;0.0029846;8.0214;1725.0;2.2279;16571000.0;0.0024436471432086;0.003139646428179066
2.0;7.0;0.0100550818986154;0.0029846;8.0214;1725.0;2.2279;16571000.0;0.0100550818986154;0.012545510312604341
2.0;30.0;0.0266639212930479;0.0029846;8.0214;1725.0;2.2279;16571000.0;0.0266639212930479;0.034892180715407645
2.0;90.0;0.0681692089993866;0.0029846;8.0214;1725.0;2.2279;16571000.0;0.0681692089993866;0.0812020745078953
2.0;182.0;0.1240271398199594;0.0029846;8.0214;1725.0;2.2279;16571000.0;0.1240271398199594;0.11408336972746556
2.0;365.0;0.1477079402484747;0.0029846;8.0214;1725.0;2.2279;16571000.0;0.1477079402484747;0.12739011890365928
2.0;730.0;0.1872937575247316;0.0029846;8.0214;1725.0;2.2279;16571000.0;0.1872937575247316;0.16110639322304765
2.0;3652.0;0.2417057915520439;0.0029846;8.0214;1725.0;2.2279;16571000.0;0.2417057915520439;0.21898391211180718
