Site;SubCatch;Rate;H Error;Slope;Elevation;LC;SAR;Area;Htest;HtestPred
37;7.0;1;0.0;5.603234767913821;95.5062026977539;505.713888442397;1.00349736213684;7976250;0.0;0.0
37;7.0;2;0.0041050618367547;5.603234767913821;95.5062026977539;505.713888442397;1.00349736213684;7976250;0.0041050618367547;0.003154383685726238
37;7.0;7;0.0183739655392415;5.603234767913821;95.5062026977539;505.713888442397;1.00349736213684;7976250;0.0183739655392415;0.01534379523588112
37;7.0;30;0.0460388261395875;5.603234767913821;95.5062026977539;505.713888442397;1.00349736213684;7976250;0.0460388261395875;0.034919100274101195
37;7.0;90;0.1274080188470145;5.603234767913821;95.5062026977539;505.713888442397;1.00349736213684;7976250;0.1274080188470145;0.11610072869303215
37;7.0;182;0.2536399824301198;5.603234767913821;95.5062026977539;505.713888442397;1.00349736213684;7976250;0.2536399824301198;0.17084732005966816
37;7.0;365;0.0025834888028498;5.603234767913821;95.5062026977539;505.713888442397;1.00349736213684;7976250;0.0025834888028498;0.08525241139530751
37;7.0;730;0.3614071482030483;5.603234767913821;95.5062026977539;505.713888442397;1.00349736213684;7976250;0.3614071482030483;0.19908992556361807
37;7.0;3652;0.0025834888028498;5.603234767913821;95.5062026977539;505.713888442397;1.00349736213684;7976250;0.0025834888028498;0.030577054197534793
