Site;Rate;H Error;Slope;Elevation;LC;CW;Area;Coastal Vulnerability;Hydrological Vulnerability;Htest;HtestPred
4.0;1.0;0.0;0.023758;11.237;1425.0;2.5802;5203100.0;140;83;0.0;0.0
4.0;2.0;0.0029038378128997;0.023758;11.237;1425.0;2.5802;5203100.0;140;83;0.0029038378128997;0.0033513479301095902
4.0;7.0;0.0135430090036463;0.023758;11.237;1425.0;2.5802;5203100.0;140;83;0.0135430090036463;0.014711199138044003
4.0;30.0;0.0343745209691433;0.023758;11.237;1425.0;2.5802;5203100.0;140;83;0.0343745209691433;0.03884276658374215
4.0;90.0;0.1283290709635083;0.023758;11.237;1425.0;2.5802;5203100.0;140;83;0.1283290709635083;0.1057719247127071
4.0;182.0;0.2632623530631015;0.023758;11.237;1425.0;2.5802;5203100.0;140;83;0.2632623530631015;0.16387604526127575
4.0;365.0;0.3843631902014273;0.023758;11.237;1425.0;2.5802;5203100.0;140;83;0.3843631902014273;0.18853019184038172
4.0;730.0;0.5794391772227295;0.023758;11.237;1425.0;2.5802;5203100.0;140;83;0.5794391772227295;0.23315305491835578
4.0;3652.0;0.784027044277768;0.023758;11.237;1425.0;2.5802;5203100.0;140;83;0.784027044277768;0.3014789656603648
