Site;SubCatch;Rate;H Error;Slope;Elevation;LC;SAR;Area;Htest;HtestPred
35;13.0;1;0.0;4.50430011749268;43.4504547119141;541.828258250232;1.00195753574371;4938750;0.0;0.0
35;13.0;2;0.0024637179505075;4.50430011749268;43.4504547119141;541.828258250232;1.00195753574371;4938750;0.0024637179505075;0.0029586523325268095
35;13.0;7;0.0096694133059402;4.50430011749268;43.4504547119141;541.828258250232;1.00195753574371;4938750;0.0096694133059402;0.0128839342877404
35;13.0;30;0.0263597846723194;4.50430011749268;43.4504547119141;541.828258250232;1.00195753574371;4938750;0.0263597846723194;0.03182743465573068
35;13.0;90;0.0664451143125573;4.50430011749268;43.4504547119141;541.828258250232;1.00195753574371;4938750;0.0664451143125573;0.07328634725904826
35;13.0;182;0.0026145668813968;4.50430011749268;43.4504547119141;541.828258250232;1.00195753574371;4938750;0.0026145668813968;0.07913996131769847
35;13.0;365;0.14880269776740898;4.50430011749268;43.4504547119141;541.828258250232;1.00195753574371;4938750;0.14880269776740898;0.11325322135222911
35;13.0;730;0.0026145668813968;4.50430011749268;43.4504547119141;541.828258250232;1.00195753574371;4938750;0.0026145668813968;0.13224085064842522
35;13.0;3652;0.0026145668813968;4.50430011749268;43.4504547119141;541.828258250232;1.00195753574371;4938750;0.0026145668813968;0.021554082107598682
