Site;Rate;H Error;Slope;Elevation;LC;CW;Area;Coastal Vulnerability;Hydrological Vulnerability;Satured Zone Area;Vulnerability Sum;Vulnerability Rate;Global Area of site (in cells);Htest;HtestPred
11.0;1.0;0.0;0.0054417;13.099;1650.0;2.9142;32676000.0;608;1057;534;548.9670410682364;0.0542457550462684;10120;0.0;0.0
11.0;2.0;0.0019370712288229;0.0054417;13.099;1650.0;2.9142;32676000.0;608;1057;534;548.9670410682364;0.0542457550462684;10120;0.0019370712288229;0.003777598592728661
11.0;7.0;0.007095871537476;0.0054417;13.099;1650.0;2.9142;32676000.0;608;1057;534;548.9670410682364;0.0542457550462684;10120;0.007095871537476;0.016291965163510606
11.0;30.0;0.020072089411818;0.0054417;13.099;1650.0;2.9142;32676000.0;608;1057;534;548.9670410682364;0.0542457550462684;10120;0.020072089411818;0.04349431450196522
11.0;90.0;0.0435498926878454;0.0054417;13.099;1650.0;2.9142;32676000.0;608;1057;534;548.9670410682364;0.0542457550462684;10120;0.0435498926878454;0.12313684186330123
11.0;182.0;0.0809120145894057;0.0054417;13.099;1650.0;2.9142;32676000.0;608;1057;534;548.9670410682364;0.0542457550462684;10120;0.0809120145894057;0.24490174155519684
11.0;365.0;0.1027263425009789;0.0054417;13.099;1650.0;2.9142;32676000.0;608;1057;534;548.9670410682364;0.0542457550462684;10120;0.1027263425009789;0.28387148509028043
11.0;730.0;0.1622678540420822;0.0054417;13.099;1650.0;2.9142;32676000.0;608;1057;534;548.9670410682364;0.0542457550462684;10120;0.1622678540420822;0.3474127376132588
11.0;3652.0;0.2201414820862259;0.0054417;13.099;1650.0;2.9142;32676000.0;608;1057;534;548.9670410682364;0.0542457550462684;10120;0.2201414820862259;0.4293047050383482
