Site;SubCatch;Rate;H Error;Slope;Elevation;LC;SAR;Area;Htest;HtestPred
39;9.0;1;0.0;5.60582256317139;217.943283081055;640.819976826807;1.0019736289978;5394375;0.0;0.0
39;9.0;2;0.0050130456115152;5.60582256317139;217.943283081055;640.819976826807;1.0019736289978;5394375;0.0050130456115152;0.0038570900800276816
39;9.0;7;0.0240249037142589;5.60582256317139;217.943283081055;640.819976826807;1.0019736289978;5394375;0.0240249037142589;0.017468060596154945
39;9.0;30;0.0596922334792388;5.60582256317139;217.943283081055;640.819976826807;1.0019736289978;5394375;0.0596922334792388;0.0076412755353656185
39;9.0;90;0.1841705984304439;5.60582256317139;217.943283081055;640.819976826807;1.0019736289978;5394375;0.1841705984304439;0.12379945337298293
39;9.0;182;0.0036824139923373;5.60582256317139;217.943283081055;640.819976826807;1.0019736289978;5394375;0.0036824139923373;0.1997310709346885
39;9.0;365;0.5549172843832204;5.60582256317139;217.943283081055;640.819976826807;1.0019736289978;5394375;0.5549172843832204;0.060629424882845104
39;9.0;730;0.0036824139923373;5.60582256317139;217.943283081055;640.819976826807;1.0019736289978;5394375;0.0036824139923373;0.059410546905108955
39;9.0;3652;1.024999425545973;5.60582256317139;217.943283081055;640.819976826807;1.0019736289978;5394375;1.024999425545973;0.026658808521626744
