Site;SubCatch;Rate;H Error;Slope;Elevation;LC;SAR;Area;CV;HV;Htest;HtestPred
33;6.0;1;0.0;5.05927991867065;79.4788284301758;582.548319031663;1.00196623802185;4224375;0;28;0.0;7.897599042551599e-06
33;6.0;2;0.0021696318585008;5.05927991867065;79.4788284301758;582.548319031663;1.00196623802185;4224375;0;28;0.0021696318585008;0.003518613205149308
33;6.0;7;0.0131758162594608;5.05927991867065;79.4788284301758;582.548319031663;1.00196623802185;4224375;0;28;0.0131758162594608;0.017342310017592625
33;6.0;30;0.0369606031592713;5.05927991867065;79.4788284301758;582.548319031663;1.00196623802185;4224375;0;28;0.0369606031592713;0.038326860789777456
33;6.0;90;0.0021696318585008;5.05927991867065;79.4788284301758;582.548319031663;1.00196623802185;4224375;0;28;0.0021696318585008;0.11769894185217065
33;6.0;182;0.0021696318585008;5.05927991867065;79.4788284301758;582.548319031663;1.00196623802185;4224375;0;28;0.0021696318585008;0.15840874622482054
33;6.0;365;0.2155664319531962;5.05927991867065;79.4788284301758;582.548319031663;1.00196623802185;4224375;0;28;0.2155664319531962;0.19846223601143384
33;6.0;730;0.250502530456502;5.05927991867065;79.4788284301758;582.548319031663;1.00196623802185;4224375;0;28;0.250502530456502;0.2198381674030691
33;6.0;3652;0.0021696318585008;5.05927991867065;79.4788284301758;582.548319031663;1.00196623802185;4224375;0;28;0.0021696318585008;0.05855883968029455
