Site;SubCatch;Rate;H Error;Slope;Elevation;LC;SAR;Area;CV;HV;Htest;HtestPred
2;2.0;1;0.0;2.36130428314209;16.774969100952102;855.355613547343;1.00091433525085;4539375;275;188;0.0;0.0012509631242475163
2;2.0;2;0.0085532176410027;2.36130428314209;16.774969100952102;855.355613547343;1.00091433525085;4539375;275;188;0.0085532176410027;0.006859861683057778
2;2.0;7;0.0388064007461574;2.36130428314209;16.774969100952102;855.355613547343;1.00091433525085;4539375;275;188;0.0388064007461574;0.027304164359656338
2;2.0;30;0.1097975769701021;2.36130428314209;16.774969100952102;855.355613547343;1.00091433525085;4539375;275;188;0.1097975769701021;0.07577229931593284
2;2.0;90;0.4080204731085328;2.36130428314209;16.774969100952102;855.355613547343;1.00091433525085;4539375;275;188;0.4080204731085328;0.19395404587981008
2;2.0;182;0.7226980112351251;2.36130428314209;16.774969100952102;855.355613547343;1.00091433525085;4539375;275;188;0.7226980112351251;0.32559018756621616
2;2.0;365;1.033131646842377;2.36130428314209;16.774969100952102;855.355613547343;1.00091433525085;4539375;275;188;1.033131646842377;0.4178120491546466
2;2.0;730;1.4662195155842974;2.36130428314209;16.774969100952102;855.355613547343;1.00091433525085;4539375;275;188;1.4662195155842974;0.46267263488994564
2;2.0;3652;1.8609146128659209;2.36130428314209;16.774969100952102;855.355613547343;1.00091433525085;4539375;275;188;1.8609146128659209;0.4810655282299256
