Site;SubCatch;Rate;H Error;Slope;Elevation;LC;SAR;Area;Htest;HtestPred
37;3.0;1;0.0;5.20619821548462;102.336456298828;479.812172607868;1.00250244140625;4798125;0.0;0.0
37;3.0;2;0.0042208166675517;5.20619821548462;102.336456298828;479.812172607868;1.00250244140625;4798125;0.0042208166675517;0.003112942090192167
37;3.0;7;0.0191768163750198;5.20619821548462;102.336456298828;479.812172607868;1.00250244140625;4798125;0.0191768163750198;0.014238503325912139
37;3.0;30;0.0438076057251904;5.20619821548462;102.336456298828;479.812172607868;1.00250244140625;4798125;0.0438076057251904;0.03423066969193791
37;3.0;90;0.1327850566058465;5.20619821548462;102.336456298828;479.812172607868;1.00250244140625;4798125;0.1327850566058465;0.08648370630168083
37;3.0;182;0.3046425959992441;5.20619821548462;102.336456298828;479.812172607868;1.00250244140625;4798125;0.3046425959992441;0.11100498438608407
37;3.0;365;0.0031283131574299993;5.20619821548462;102.336456298828;479.812172607868;1.00250244140625;4798125;0.0031283131574299993;0.0954473521179817
37;3.0;730;0.5357710546874161;5.20619821548462;102.336456298828;479.812172607868;1.00250244140625;4798125;0.5357710546874161;0.13570977344738952
37;3.0;3652;0.0031283131574299993;5.20619821548462;102.336456298828;479.812172607868;1.00250244140625;4798125;0.0031283131574299993;0.029219553613562647
