Site;SubCatch;Rate;H Error;Slope;Elevation;LC;SAR;Area;Htest;HtestPred
39;7.0;1;0.0;4.72072553634644;195.869247436523;672.92085929964;1.00144529342651;1299375;0.0;0.0
39;7.0;2;0.0027264817329799;4.72072553634644;195.869247436523;672.92085929964;1.00144529342651;1299375;0.0027264817329799;0.003172701844723879
39;7.0;7;0.0116952266373218;4.72072553634644;195.869247436523;672.92085929964;1.00144529342651;1299375;0.0116952266373218;0.015738497038540793
39;7.0;30;0.0288261342524241;4.72072553634644;195.869247436523;672.92085929964;1.00144529342651;1299375;0.0288261342524241;0.03202240839937442
39;7.0;90;0.0768233564627772;4.72072553634644;195.869247436523;672.92085929964;1.00144529342651;1299375;0.0768233564627772;0.10547620028471545
39;7.0;182;7.552715253152209e-05;4.72072553634644;195.869247436523;672.92085929964;1.00144529342651;1299375;7.552715253152209e-05;0.1088921791013587
39;7.0;365;0.1936686341835029;4.72072553634644;195.869247436523;672.92085929964;1.00144529342651;1299375;0.1936686341835029;0.16066688462156734
39;7.0;730;7.552715253152209e-05;4.72072553634644;195.869247436523;672.92085929964;1.00144529342651;1299375;7.552715253152209e-05;0.12497387153443061
39;7.0;3652;0.2748143102003789;4.72072553634644;195.869247436523;672.92085929964;1.00144529342651;1299375;0.2748143102003789;0.1366512746842718
