Site;Rate;H Error;Slope;Elevation;LC;CW;Area;Coastal Vulnerability;Hydrological Vulnerability;Satured Zone Area;Vulnerability Sum;Vulnerability Rate;Global Area of site (in cells);Htest;HtestPred
28.0;1.0;0.0;0.01485;11.186;1725.0;2.8374;22202000.0;1003;448;634;642.8226160394078;0.0664347474203604;9676;0.0;0.0
28.0;2.0;0.004606022446235;0.01485;11.186;1725.0;2.8374;22202000.0;1003;448;634;642.8226160394078;0.0664347474203604;9676;0.004606022446235;0.0028076317568804
28.0;7.0;0.0195617896314203;0.01485;11.186;1725.0;2.8374;22202000.0;1003;448;634;642.8226160394078;0.0664347474203604;9676;0.0195617896314203;0.012030038597246476
28.0;30.0;0.056126814949097;0.01485;11.186;1725.0;2.8374;22202000.0;1003;448;634;642.8226160394078;0.0664347474203604;9676;0.056126814949097;0.03313428081930725
28.0;90.0;0.1550749403945858;0.01485;11.186;1725.0;2.8374;22202000.0;1003;448;634;642.8226160394078;0.0664347474203604;9676;0.1550749403945858;0.07968623904674339
28.0;182.0;0.266160749072908;0.01485;11.186;1725.0;2.8374;22202000.0;1003;448;634;642.8226160394078;0.0664347474203604;9676;0.266160749072908;0.1231991701680846
28.0;365.0;0.3230017153258779;0.01485;11.186;1725.0;2.8374;22202000.0;1003;448;634;642.8226160394078;0.0664347474203604;9676;0.3230017153258779;0.1411018999543929
28.0;730.0;0.4079307738773825;0.01485;11.186;1725.0;2.8374;22202000.0;1003;448;634;642.8226160394078;0.0664347474203604;9676;0.4079307738773825;0.19104554777466576
28.0;3652.0;0.5555097219092765;0.01485;11.186;1725.0;2.8374;22202000.0;1003;448;634;642.8226160394078;0.0664347474203604;9676;0.5555097219092765;0.24359197639245425
