Site;Rate;H Error;Slope;Elevation;LC;CW;Area;Coastal Vulnerability;Hydrological Vulnerability;Satured Zone Area;Vulnerability Sum;Vulnerability Rate;Global Area of site (in cells);Htest;HtestPred
20.0;1.0;0.0;0.01503;11.743;1575.0;2.6242;36844000.0;886;1043;20338;20366.40839293909;0.4211677397882229;48357;0.0;0.0
20.0;2.0;0.0029849962343305;0.01503;11.743;1575.0;2.6242;36844000.0;886;1043;20338;20366.40839293909;0.4211677397882229;48357;0.0029849962343305;0.004016260360423901
20.0;7.0;0.012403614336042;0.01503;11.743;1575.0;2.6242;36844000.0;886;1043;20338;20366.40839293909;0.4211677397882229;48357;0.012403614336042;0.017305818431591184
20.0;30.0;0.0363035232843364;0.01503;11.743;1575.0;2.6242;36844000.0;886;1043;20338;20366.40839293909;0.4211677397882229;48357;0.0363035232843364;0.04302704525340126
20.0;90.0;0.0939738204160915;0.01503;11.743;1575.0;2.6242;36844000.0;886;1043;20338;20366.40839293909;0.4211677397882229;48357;0.0939738204160915;0.11760457260005866
20.0;182.0;0.1580830569715796;0.01503;11.743;1575.0;2.6242;36844000.0;886;1043;20338;20366.40839293909;0.4211677397882229;48357;0.1580830569715796;0.19582490527322075
20.0;365.0;0.1939241683831579;0.01503;11.743;1575.0;2.6242;36844000.0;886;1043;20338;20366.40839293909;0.4211677397882229;48357;0.1939241683831579;0.23488347591413353
20.0;730.0;0.2536156515933963;0.01503;11.743;1575.0;2.6242;36844000.0;886;1043;20338;20366.40839293909;0.4211677397882229;48357;0.2536156515933963;0.30652647027166907
20.0;3652.0;0.3341612039576478;0.01503;11.743;1575.0;2.6242;36844000.0;886;1043;20338;20366.40839293909;0.4211677397882229;48357;0.3341612039576478;0.3886431730936887
