Site;SubCatch;Rate;H Error;Slope;Elevation;LC;SAR;Area;Htest;HtestPred
37;9.0;1;0.0;7.99075078964233;95.7330474853516;667.977190493564;1.0062495470047;4016250;0.0;0.0001201495621242839
37;9.0;2;0.0023949653226803;7.99075078964233;95.7330474853516;667.977190493564;1.0062495470047;4016250;0.0023949653226803;0.0033859985441613547
37;9.0;7;0.0099480243634804;7.99075078964233;95.7330474853516;667.977190493564;1.0062495470047;4016250;0.0099480243634804;0.015274649219231252
37;9.0;30;0.0310650710676055;7.99075078964233;95.7330474853516;667.977190493564;1.0062495470047;4016250;0.0310650710676055;0.040978673894674654
37;9.0;90;0.0851915672180355;7.99075078964233;95.7330474853516;667.977190493564;1.0062495470047;4016250;0.0851915672180355;0.11285256908562778
37;9.0;182;0.1528367970968075;7.99075078964233;95.7330474853516;667.977190493564;1.0062495470047;4016250;0.1528367970968075;0.08813226923031311
37;9.0;365;0.0020697018210069;7.99075078964233;95.7330474853516;667.977190493564;1.0062495470047;4016250;0.0020697018210069;0.19710037254848023
37;9.0;730;0.2181481666904194;7.99075078964233;95.7330474853516;667.977190493564;1.0062495470047;4016250;0.2181481666904194;0.12950145140189442
37;9.0;3652;0.0020697018210069;7.99075078964233;95.7330474853516;667.977190493564;1.0062495470047;4016250;0.0020697018210069;0.21355076711513832
