Site;Rate;H Error;Satured Zone Area;Vulnerability Sum;Vulnerability Rate;Global Area of site (in cells);Htest;HtestPred
14.0;1.0;0.0;1198;1212.8957329081554;0.0319006794378936;38021;0.0;0.0
14.0;2.0;0.0025659666410965;1198;1212.8957329081554;0.0319006794378936;38021;0.0025659666410965;0.0032620866483081576
14.0;7.0;0.0103738358831147;1198;1212.8957329081554;0.0319006794378936;38021;0.0103738358831147;0.01364095270255462
14.0;30.0;0.0275341640025388;1198;1212.8957329081554;0.0319006794378936;38021;0.0275341640025388;0.035911482055432146
14.0;90.0;0.0669928669115922;1198;1212.8957329081554;0.0319006794378936;38021;0.0669928669115922;0.08930926112874936
14.0;182.0;0.1215173863507666;1198;1212.8957329081554;0.0319006794378936;38021;0.1215173863507666;0.15726558005781527
14.0;365.0;0.1425932016706186;1198;1212.8957329081554;0.0319006794378936;38021;0.1425932016706186;0.17906453969366254
14.0;730.0;0.1853542925340359;1198;1212.8957329081554;0.0319006794378936;38021;0.1853542925340359;0.23688562798659457
14.0;3652.0;0.2711404842844023;1198;1212.8957329081554;0.0319006794378936;38021;0.2711404842844023;0.2956546241905074
