Site;SubCatch;Rate;H Error;Slope;Elevation;LC;SAR;Area;CV;HV;Htest;HtestPred
35;5.0;1;0.0;5.118492126464839;55.5999984741211;535.136391652323;1.0022150278091402;3864375;0;54;0.0;0.0
35;5.0;2;0.0029212378202128;5.118492126464839;55.5999984741211;535.136391652323;1.0022150278091402;3864375;0;54;0.0029212378202128;0.002854167599238838
35;5.0;7;0.0118953834654631;5.118492126464839;55.5999984741211;535.136391652323;1.0022150278091402;3864375;0;54;0.0118953834654631;0.012923163003690709
35;5.0;30;0.0325120344590474;5.118492126464839;55.5999984741211;535.136391652323;1.0022150278091402;3864375;0;54;0.0325120344590474;0.033508349925124456
35;5.0;90;0.0862621248744049;5.118492126464839;55.5999984741211;535.136391652323;1.0022150278091402;3864375;0;54;0.0862621248744049;0.04931562522496881
35;5.0;182;0.0018106717849554;5.118492126464839;55.5999984741211;535.136391652323;1.0022150278091402;3864375;0;54;0.0018106717849554;0.04410219115588669
35;5.0;365;0.1680150677179108;5.118492126464839;55.5999984741211;535.136391652323;1.0022150278091402;3864375;0;54;0.1680150677179108;0.14698659613092
35;5.0;730;0.0018106717849554;5.118492126464839;55.5999984741211;535.136391652323;1.0022150278091402;3864375;0;54;0.0018106717849554;0.13410203961242934
35;5.0;3652;0.0018106717849554;5.118492126464839;55.5999984741211;535.136391652323;1.0022150278091402;3864375;0;54;0.0018106717849554;0.014705332994452695
