Site;Rate;H Error;Satured Zone Area;Vulnerability Sum;Vulnerability Rate;Global Area of site (in cells);Htest;HtestPred
18.0;1.0;0.0;258;262.2135056324064;0.0697005597109001;3762;0.0;0.0
18.0;2.0;0.0016343316961933;258;262.2135056324064;0.0697005597109001;3762;0.0016343316961933;0.002643396655010751
18.0;7.0;0.005121275722781;258;262.2135056324064;0.0697005597109001;3762;0.005121275722781;0.009952937244231689
18.0;30.0;0.013022431319224;258;262.2135056324064;0.0697005597109001;3762;0.013022431319224;0.027079210315142564
18.0;90.0;0.0274766933281444;258;262.2135056324064;0.0697005597109001;3762;0.0274766933281444;0.06605684419381785
18.0;182.0;0.0455999859724022;258;262.2135056324064;0.0697005597109001;3762;0.0455999859724022;0.08200227024882527
18.0;365.0;0.0481160170316837;258;262.2135056324064;0.0697005597109001;3762;0.0481160170316837;0.08671423944721823
18.0;730.0;0.0497953805544372;258;262.2135056324064;0.0697005597109001;3762;0.0497953805544372;0.10744032192180665
18.0;3652.0;0.0515095706017609;258;262.2135056324064;0.0697005597109001;3762;0.0515095706017609;0.1681469722532603
