Site;SubCatch;Rate;H Error;Slope;Elevation;LC;SAR;Area;CV;HV;Htest;HtestPred
2;1.0;1;0.0;2.0359730720519997;29.1599807739258;769.298090574272;1.00043380260468;9635625;328;431;0.0;0.0012657543359660488
2;1.0;2;0.0035488748873556;2.0359730720519997;29.1599807739258;769.298090574272;1.00043380260468;9635625;328;431;0.0035488748873556;0.0064809188336946225
2;1.0;7;0.0145161857993225;2.0359730720519997;29.1599807739258;769.298090574272;1.00043380260468;9635625;328;431;0.0145161857993225;0.031240852484451548
2;1.0;30;0.0378764562954786;2.0359730720519997;29.1599807739258;769.298090574272;1.00043380260468;9635625;328;431;0.0378764562954786;0.059940502753464624
2;1.0;90;0.0911190426180191;2.0359730720519997;29.1599807739258;769.298090574272;1.00043380260468;9635625;328;431;0.0911190426180191;0.20054792584059275
2;1.0;182;0.1630634463828472;2.0359730720519997;29.1599807739258;769.298090574272;1.00043380260468;9635625;328;431;0.1630634463828472;0.289023303788578
2;1.0;365;0.1863834863359162;2.0359730720519997;29.1599807739258;769.298090574272;1.00043380260468;9635625;328;431;0.1863834863359162;0.35685431955892083
2;1.0;730;0.2274710823432675;2.0359730720519997;29.1599807739258;769.298090574272;1.00043380260468;9635625;328;431;0.2274710823432675;0.3726937610319289
2;1.0;3652;0.2944728821628192;2.0359730720519997;29.1599807739258;769.298090574272;1.00043380260468;9635625;328;431;0.2944728821628192;0.436038318004921
