Site;Rate;H Error;Satured Zone Area;Vulnerability Sum;Vulnerability Rate;Global Area of site (in cells);Htest;HtestPred
29.0;1.0;0.0;2781;2888.103638568655;0.1484123144177108;19460;0.0;0.0
29.0;2.0;0.0046567319144672;2781;2888.103638568655;0.1484123144177108;19460;0.0046567319144672;0.003546324366179583
29.0;7.0;0.017704189066114;2781;2888.103638568655;0.1484123144177108;19460;0.017704189066114;0.015421326880990535
29.0;30.0;0.0532782227856177;2781;2888.103638568655;0.1484123144177108;19460;0.0532782227856177;0.03781855490634046
29.0;90.0;0.098923572533551;2781;2888.103638568655;0.1484123144177108;19460;0.098923572533551;0.1000688212862744
29.0;182.0;0.1766235976068475;2781;2888.103638568655;0.1484123144177108;19460;0.1766235976068475;0.1904527200202106
29.0;365.0;0.1971545989174654;2781;2888.103638568655;0.1484123144177108;19460;0.1971545989174654;0.22172565024588503
29.0;730.0;0.2433264378162048;2781;2888.103638568655;0.1484123144177108;19460;0.2433264378162048;0.27662902683799745
29.0;3652.0;0.2301542255238992;2781;2888.103638568655;0.1484123144177108;19460;0.2301542255238992;0.342207347856947
