Site;Rate;H Error;Slope;Elevation;LC;CW;Area;Htest;HtestPred
3.0;1.0;0.0;0.00057374;10.704;1425.0;2.0877;20256000.0;0.0;0.0
3.0;2.0;0.0037050268572391;0.00057374;10.704;1425.0;2.0877;20256000.0;0.0037050268572391;0.003147426776620871
3.0;7.0;0.015395923499432;0.00057374;10.704;1425.0;2.0877;20256000.0;0.015395923499432;0.013300574811843349
3.0;30.0;0.0404493979934081;0.00057374;10.704;1425.0;2.0877;20256000.0;0.0404493979934081;0.03473113287642152
3.0;90.0;0.1027571012342629;0.00057374;10.704;1425.0;2.0877;20256000.0;0.1027571012342629;0.08137147957471531
3.0;182.0;0.1874998532504132;0.00057374;10.704;1425.0;2.0877;20256000.0;0.1874998532504132;0.15724352042566772
3.0;365.0;0.2184592788548915;0.00057374;10.704;1425.0;2.0877;20256000.0;0.2184592788548915;0.1790714485439415
3.0;730.0;0.2706465721432402;0.00057374;10.704;1425.0;2.0877;20256000.0;0.2706465721432402;0.219832879793723
3.0;3652.0;0.3404824929883649;0.00057374;10.704;1425.0;2.0877;20256000.0;0.3404824929883649;0.2663153164436268
