Site;SubCatch;Rate;H Error;Slope;Elevation;LC;SAR;Area;Htest;HtestPred
37;8.0;1;0.0;5.11476945877075;89.37286376953129;780.774633292829;1.0024653673172;1181250;0.0;0.0003649500242263538
37;8.0;2;0.0020163246968066;5.11476945877075;89.37286376953129;780.774633292829;1.0024653673172;1181250;0.0020163246968066;0.003866903789595462
37;8.0;7;0.0094556236569648;5.11476945877075;89.37286376953129;780.774633292829;1.0024653673172;1181250;0.0094556236569648;0.01877977375408967
37;8.0;30;0.0230705923600542;5.11476945877075;89.37286376953129;780.774633292829;1.0024653673172;1181250;0.0230705923600542;0.04215895348726788
37;8.0;90;0.0547660488393959;5.11476945877075;89.37286376953129;780.774633292829;1.0024653673172;1181250;0.0547660488393959;0.147676715424645
37;8.0;182;0.1110115936258895;5.11476945877075;89.37286376953129;780.774633292829;1.0024653673172;1181250;0.1110115936258895;0.10676321968119125
37;8.0;365;6.227427565503887e-05;5.11476945877075;89.37286376953129;780.774633292829;1.0024653673172;1181250;6.227427565503887e-05;0.32560770647314335
37;8.0;730;0.1722479587761677;5.11476945877075;89.37286376953129;780.774633292829;1.0024653673172;1181250;0.1722479587761677;0.15612697970098058
37;8.0;3652;6.227427565503887e-05;5.11476945877075;89.37286376953129;780.774633292829;1.0024653673172;1181250;6.227427565503887e-05;0.11108123810841038
