Site;Rate;H Error;Slope;Elevation;LC;CW;Area;Coastal Vulnerability;Hydrological Vulnerability;Satured Zone Area;Vulnerability Sum;Vulnerability Rate;Global Area of site (in cells);Htest;HtestPred
14.0;1.0;0.0;0.0181479999999999;40.589;1425.0;1.7481;52751000.0;33;1653;1198;1212.8957329081554;0.0319006794378936;38021;0.0;0.0
14.0;2.0;0.0025659666410965;0.0181479999999999;40.589;1425.0;1.7481;52751000.0;33;1653;1198;1212.8957329081554;0.0319006794378936;38021;0.0025659666410965;0.003371115899920366
14.0;7.0;0.0103738358831147;0.0181479999999999;40.589;1425.0;1.7481;52751000.0;33;1653;1198;1212.8957329081554;0.0319006794378936;38021;0.0103738358831147;0.015370894366510714
14.0;30.0;0.0275341640025388;0.0181479999999999;40.589;1425.0;1.7481;52751000.0;33;1653;1198;1212.8957329081554;0.0319006794378936;38021;0.0275341640025388;0.0359792578291012
14.0;90.0;0.0669928669115922;0.0181479999999999;40.589;1425.0;1.7481;52751000.0;33;1653;1198;1212.8957329081554;0.0319006794378936;38021;0.0669928669115922;0.09446665217911583
14.0;182.0;0.1215173863507666;0.0181479999999999;40.589;1425.0;1.7481;52751000.0;33;1653;1198;1212.8957329081554;0.0319006794378936;38021;0.1215173863507666;0.15987904472848702
14.0;365.0;0.1425932016706186;0.0181479999999999;40.589;1425.0;1.7481;52751000.0;33;1653;1198;1212.8957329081554;0.0319006794378936;38021;0.1425932016706186;0.18139713669192767
14.0;730.0;0.1853542925340359;0.0181479999999999;40.589;1425.0;1.7481;52751000.0;33;1653;1198;1212.8957329081554;0.0319006794378936;38021;0.1853542925340359;0.23164927956497716
14.0;3652.0;0.2711404842844023;0.0181479999999999;40.589;1425.0;1.7481;52751000.0;33;1653;1198;1212.8957329081554;0.0319006794378936;38021;0.2711404842844023;0.28817975878557256
