Site;Rate;H Error;Slope;Elevation;LC;CW;Area;Coastal Vulnerability;Hydrological Vulnerability;Satured Zone Area;Vulnerability Sum;Vulnerability Rate;Global Area of site (in cells);Htest;HtestPred
30.0;1.0;0.0;0.0094;7.9139;1800.0;2.0684;46513000.0;841;1156;19157;19204.851461680548;0.3934130502638592;48816;0.0;0.0
30.0;2.0;0.0022608700745166;0.0094;7.9139;1800.0;2.0684;46513000.0;841;1156;19157;19204.851461680548;0.3934130502638592;48816;0.0022608700745166;0.0038119212216655546
30.0;7.0;0.0081883475743393;0.0094;7.9139;1800.0;2.0684;46513000.0;841;1156;19157;19204.851461680548;0.3934130502638592;48816;0.0081883475743393;0.015945661823045125
30.0;30.0;0.0218219316716011;0.0094;7.9139;1800.0;2.0684;46513000.0;841;1156;19157;19204.851461680548;0.3934130502638592;48816;0.0218219316716011;0.04473389499851045
30.0;90.0;0.0470231990120249;0.0094;7.9139;1800.0;2.0684;46513000.0;841;1156;19157;19204.851461680548;0.3934130502638592;48816;0.0470231990120249;0.11386494958723657
30.0;182.0;0.0830117928014303;0.0094;7.9139;1800.0;2.0684;46513000.0;841;1156;19157;19204.851461680548;0.3934130502638592;48816;0.0830117928014303;0.19816838954659655
30.0;365.0;0.0943415440641389;0.0094;7.9139;1800.0;2.0684;46513000.0;841;1156;19157;19204.851461680548;0.3934130502638592;48816;0.0943415440641389;0.23292375973696378
30.0;730.0;0.1194789148185668;0.0094;7.9139;1800.0;2.0684;46513000.0;841;1156;19157;19204.851461680548;0.3934130502638592;48816;0.1194789148185668;0.2966944748021385
30.0;3652.0;0.168161841624186;0.0094;7.9139;1800.0;2.0684;46513000.0;841;1156;19157;19204.851461680548;0.3934130502638592;48816;0.168161841624186;0.3699487419118387
