Site;Rate;H Error;Slope;Elevation;LC;CW;Area;Coastal Vulnerability;Hydrological Vulnerability;Satured Zone Area;Vulnerability Sum;Vulnerability Rate;Global Area of site (in cells);Htest;HtestPred
7.0;1.0;0.0;0.017869;37.15;1350.0;2.1056;27810000.0;1;439;2149;2157.4158180739905;0.153421690945384;14062;0.0;0.0
7.0;2.0;0.0030580677191298;0.017869;37.15;1350.0;2.1056;27810000.0;1;439;2149;2157.4158180739905;0.153421690945384;14062;0.0030580677191298;0.0036545606870588936
7.0;7.0;0.0148834131981546;0.017869;37.15;1350.0;2.1056;27810000.0;1;439;2149;2157.4158180739905;0.153421690945384;14062;0.0148834131981546;0.015386207733672533
7.0;30.0;0.0316583333666094;0.017869;37.15;1350.0;2.1056;27810000.0;1;439;2149;2157.4158180739905;0.153421690945384;14062;0.0316583333666094;0.04049901226150851
7.0;90.0;0.086542647569335;0.017869;37.15;1350.0;2.1056;27810000.0;1;439;2149;2157.4158180739905;0.153421690945384;14062;0.086542647569335;0.11339885214157991
7.0;182.0;0.1821309914129173;0.017869;37.15;1350.0;2.1056;27810000.0;1;439;2149;2157.4158180739905;0.153421690945384;14062;0.1821309914129173;0.18816647466712258
7.0;365.0;0.2199584496227709;0.017869;37.15;1350.0;2.1056;27810000.0;1;439;2149;2157.4158180739905;0.153421690945384;14062;0.2199584496227709;0.2171742065116793
7.0;730.0;0.2874353576477332;0.017869;37.15;1350.0;2.1056;27810000.0;1;439;2149;2157.4158180739905;0.153421690945384;14062;0.2874353576477332;0.27141747196153554
7.0;3652.0;0.4438459728656725;0.017869;37.15;1350.0;2.1056;27810000.0;1;439;2149;2157.4158180739905;0.153421690945384;14062;0.4438459728656725;0.32010372868506426
