Site;Rate;H Error;Slope;Elevation;LC;CW;Area;Coastal Vulnerability;Hydrological Vulnerability;Htest;HtestPred
7.0;1.0;0.0;0.017869;37.15;1350.0;2.1056;27810000.0;1;439;0.0;0.0
7.0;2.0;0.0030580677191298;0.017869;37.15;1350.0;2.1056;27810000.0;1;439;0.0030580677191298;0.0035245276373331914
7.0;7.0;0.0148834131981546;0.017869;37.15;1350.0;2.1056;27810000.0;1;439;0.0148834131981546;0.015280956928306564
7.0;30.0;0.0316583333666094;0.017869;37.15;1350.0;2.1056;27810000.0;1;439;0.0316583333666094;0.037045236752684334
7.0;90.0;0.086542647569335;0.017869;37.15;1350.0;2.1056;27810000.0;1;439;0.086542647569335;0.09678451424222796
7.0;182.0;0.1821309914129173;0.017869;37.15;1350.0;2.1056;27810000.0;1;439;0.1821309914129173;0.17700239048733252
7.0;365.0;0.2199584496227709;0.017869;37.15;1350.0;2.1056;27810000.0;1;439;0.2199584496227709;0.2040023836078015
7.0;730.0;0.2874353576477332;0.017869;37.15;1350.0;2.1056;27810000.0;1;439;0.2874353576477332;0.26062441732342606
7.0;3652.0;0.4438459728656725;0.017869;37.15;1350.0;2.1056;27810000.0;1;439;0.4438459728656725;0.3153129560400139
