Site;SubCatch;Rate;H Error;Slope;Elevation;LC;SAR;Area;CV;HV;Htest;HtestPred
39;9.0;1;0.0;5.60582256317139;217.943283081055;640.819976826807;1.0019736289978;5394375;0;26;0.0;0.0
39;9.0;2;0.0050130456115152;5.60582256317139;217.943283081055;640.819976826807;1.0019736289978;5394375;0;26;0.0050130456115152;0.003843058658926116
39;9.0;7;0.0240249037142589;5.60582256317139;217.943283081055;640.819976826807;1.0019736289978;5394375;0;26;0.0240249037142589;0.017813429797031013
39;9.0;30;0.0596922334792388;5.60582256317139;217.943283081055;640.819976826807;1.0019736289978;5394375;0;26;0.0596922334792388;0.008623059378938891
39;9.0;90;0.1841705984304439;5.60582256317139;217.943283081055;640.819976826807;1.0019736289978;5394375;0;26;0.1841705984304439;0.1272068492854219
39;9.0;182;0.0036824139923373;5.60582256317139;217.943283081055;640.819976826807;1.0019736289978;5394375;0;26;0.0036824139923373;0.19722932288360706
39;9.0;365;0.5549172843832204;5.60582256317139;217.943283081055;640.819976826807;1.0019736289978;5394375;0;26;0.5549172843832204;0.10099355174631171
39;9.0;730;0.0036824139923373;5.60582256317139;217.943283081055;640.819976826807;1.0019736289978;5394375;0;26;0.0036824139923373;0.09732119710078245
39;9.0;3652;1.024999425545973;5.60582256317139;217.943283081055;640.819976826807;1.0019736289978;5394375;0;26;1.024999425545973;0.048651295903444775
