Site;Rate;H Error;Satured Zone Area;Vulnerability Sum;Vulnerability Rate;Global Area of site (in cells);Htest;HtestPred
13.0;1.0;0.0;344;348.4827992023804;0.0703153347865981;4956;0.0;0.0
13.0;2.0;0.0022063438684162;344;348.4827992023804;0.0703153347865981;4956;0.0022063438684162;0.002483742846047217
13.0;7.0;0.0079049822077504;344;348.4827992023804;0.0703153347865981;4956;0.0079049822077504;0.010079432019685712
13.0;30.0;0.021215598309817;344;348.4827992023804;0.0703153347865981;4956;0.021215598309817;0.02652083788782145
13.0;90.0;0.0459743068795799;344;348.4827992023804;0.0703153347865981;4956;0.0459743068795799;0.06683897056227958
13.0;182.0;0.0731496298288549;344;348.4827992023804;0.0703153347865981;4956;0.0731496298288549;0.08217492179402687
13.0;365.0;0.0799346362186648;344;348.4827992023804;0.0703153347865981;4956;0.0799346362186648;0.088170066120017
13.0;730.0;0.0884871835852028;344;348.4827992023804;0.0703153347865981;4956;0.0884871835852028;0.11330300055667379
13.0;3652.0;0.0993700430118872;344;348.4827992023804;0.0703153347865981;4956;0.0993700430118872;0.18388816352778506
