Site;Rate;H Error;Slope;Elevation;LC;CW;Area;Htest;HtestPred
16.0;1.0;0.0;0.028223;29.454;1725.0;2.3301;81242000.0;0.0;0.0
16.0;2.0;0.0031220060443771;0.028223;29.454;1725.0;2.3301;81242000.0;0.0031220060443771;0.0036082306077934345
16.0;7.0;0.0119243259775783;0.028223;29.454;1725.0;2.3301;81242000.0;0.0119243259775783;0.014838208453559276
16.0;30.0;0.0353137113675942;0.028223;29.454;1725.0;2.3301;81242000.0;0.0353137113675942;0.04244344227627952
16.0;90.0;0.0895169299721877;0.028223;29.454;1725.0;2.3301;81242000.0;0.0895169299721877;0.10177772177338977
16.0;182.0;0.170593776057579;0.028223;29.454;1725.0;2.3301;81242000.0;0.170593776057579;0.18739376931666113
16.0;365.0;0.2097726621222561;0.028223;29.454;1725.0;2.3301;81242000.0;0.2097726621222561;0.2230198287854316
16.0;730.0;0.2551800239400359;0.028223;29.454;1725.0;2.3301;81242000.0;0.2551800239400359;0.2890405435233622
16.0;3652.0;0.3146286910434445;0.028223;29.454;1725.0;2.3301;81242000.0;0.3146286910434445;0.3834476328838937
