Site;Rate;H Error;Slope;Elevation;LC;CW;Area;Coastal Vulnerability;Hydrological Vulnerability;Htest;HtestPred
25.0;1.0;0.0;0.02218;48.571000000000005;1350.0;1.8653;59490000.0;92;2059;0.0;0.0
25.0;2.0;0.0027349948639427;0.02218;48.571000000000005;1350.0;1.8653;59490000.0;92;2059;0.0027349948639427;0.0028456087471910685
25.0;7.0;0.0113878859696152;0.02218;48.571000000000005;1350.0;1.8653;59490000.0;92;2059;0.0113878859696152;0.011806780966876332
25.0;30.0;0.0289246948751953;0.02218;48.571000000000005;1350.0;1.8653;59490000.0;92;2059;0.0289246948751953;0.03072018634949227
25.0;90.0;0.0734978659430122;0.02218;48.571000000000005;1350.0;1.8653;59490000.0;92;2059;0.0734978659430122;0.07650245194376754
25.0;182.0;0.137609810009888;0.02218;48.571000000000005;1350.0;1.8653;59490000.0;92;2059;0.137609810009888;0.1380193484238444
25.0;365.0;0.1586114600447141;0.02218;48.571000000000005;1350.0;1.8653;59490000.0;92;2059;0.1586114600447141;0.15911885219271343
25.0;730.0;0.1940339436318247;0.02218;48.571000000000005;1350.0;1.8653;59490000.0;92;2059;0.1940339436318247;0.21270118363012716
25.0;3652.0;0.2399666736275057;0.02218;48.571000000000005;1350.0;1.8653;59490000.0;92;2059;0.2399666736275057;0.2896776185293688
