Site;SubCatch;Rate;H Error;Slope;Elevation;LC;SAR;Area;Htest;HtestPred
38;8.0;1;0.0;3.62568807601929;198.074172973633;579.591080433936;1.00116240978241;4573125;0.0;0.0
38;8.0;2;0.0060534256641725;3.62568807601929;198.074172973633;579.591080433936;1.00116240978241;4573125;0.0060534256641725;0.002994167761682934
38;8.0;7;0.0280618828590263;3.62568807601929;198.074172973633;579.591080433936;1.00116240978241;4573125;0.0280618828590263;0.013355703281771039
38;8.0;30;0.0056645364398641;3.62568807601929;198.074172973633;579.591080433936;1.00116240978241;4573125;0.0056645364398641;0.02065976978673597
38;8.0;90;0.21211061017609198;3.62568807601929;198.074172973633;579.591080433936;1.00116240978241;4573125;0.21211061017609198;0.06431366785940508
38;8.0;182;0.497427410431519;3.62568807601929;198.074172973633;579.591080433936;1.00116240978241;4573125;0.497427410431519;0.0798347499040744
38;8.0;365;0.0056645364398641;3.62568807601929;198.074172973633;579.591080433936;1.00116240978241;4573125;0.0056645364398641;0.13321439141022395
38;8.0;730;0.0056645364398641;3.62568807601929;198.074172973633;579.591080433936;1.00116240978241;4573125;0.0056645364398641;0.1339268082112617
38;8.0;3652;0.0056645364398641;3.62568807601929;198.074172973633;579.591080433936;1.00116240978241;4573125;0.0056645364398641;0.09777306603757559
