Site;Rate;H Error;Satured Zone Area;Vulnerability Sum;Vulnerability Rate;Global Area of site (in cells);Htest;HtestPred
15.0;1.0;0.0;4541;4553.360755593164;0.2996815029349193;15194;0.0;0.0
15.0;2.0;0.006634684505364;4541;4553.360755593164;0.2996815029349193;15194;0.006634684505364;0.004329344276581796
15.0;7.0;0.0311773625577056;4541;4553.360755593164;0.2996815029349193;15194;0.0311773625577056;0.01921589895350631
15.0;30.0;0.0825331753189077;4541;4553.360755593164;0.2996815029349193;15194;0.0825331753189077;0.04619835148262716
15.0;90.0;0.2366167660152137;4541;4553.360755593164;0.2996815029349193;15194;0.2366167660152137;0.11861617723711201
15.0;182.0;0.4957286907657203;4541;4553.360755593164;0.2996815029349193;15194;0.4957286907657203;0.22878897037761162
15.0;365.0;0.5986284345185184;4541;4553.360755593164;0.2996815029349193;15194;0.5986284345185184;0.27545674099290807
15.0;730.0;0.7549130005430196;4541;4553.360755593164;0.2996815029349193;15194;0.7549130005430196;0.37813360304333
15.0;3652.0;1.1253996205961938;4541;4553.360755593164;0.2996815029349193;15194;1.1253996205961938;0.49650626304092366
