Site;Rate;H Error;Slope;Elevation;LC;CW;Area;Coastal Vulnerability;Hydrological Vulnerability;Htest;HtestPred
29.0;1.0;0.0;0.0053882;3.0773;1650.0;2.1762;52942000.0;5638;395;0.0;0.0
29.0;2.0;0.0046567319144672;0.0053882;3.0773;1650.0;2.1762;52942000.0;5638;395;0.0046567319144672;0.00530972319529606
29.0;7.0;0.017704189066114;0.0053882;3.0773;1650.0;2.1762;52942000.0;5638;395;0.017704189066114;0.021488401741403092
29.0;30.0;0.0532782227856177;0.0053882;3.0773;1650.0;2.1762;52942000.0;5638;395;0.0532782227856177;0.05949596912457658
29.0;90.0;0.09892357253355098;0.0053882;3.0773;1650.0;2.1762;52942000.0;5638;395;0.09892357253355098;0.12230538792793884
29.0;182.0;0.1766235976068475;0.0053882;3.0773;1650.0;2.1762;52942000.0;5638;395;0.1766235976068475;0.2682381018787626
29.0;365.0;0.1971545989174654;0.0053882;3.0773;1650.0;2.1762;52942000.0;5638;395;0.1971545989174654;0.30061190166395324
29.0;730.0;0.2433264378162048;0.0053882;3.0773;1650.0;2.1762;52942000.0;5638;395;0.2433264378162048;0.3362654155459324
29.0;3652.0;0.2301542255238992;0.0053882;3.0773;1650.0;2.1762;52942000.0;5638;395;0.2301542255238992;0.3707618548217222
