Site;Rate;H Error;Slope;Elevation;LC;CW;Area;Htest;HtestPred
20.0;1.0;0.0;0.01503;11.743;1575.0;2.6242;36844000.0;0.0;0.0
20.0;2.0;0.0029849962343305;0.01503;11.743;1575.0;2.6242;36844000.0;0.0029849962343305;0.003692093454036132
20.0;7.0;0.012403614336042;0.01503;11.743;1575.0;2.6242;36844000.0;0.012403614336042;0.015991831036545643
20.0;30.0;0.0363035232843364;0.01503;11.743;1575.0;2.6242;36844000.0;0.0363035232843364;0.04079064757680314
20.0;90.0;0.0939738204160915;0.01503;11.743;1575.0;2.6242;36844000.0;0.0939738204160915;0.11095783773891198
20.0;182.0;0.1580830569715796;0.01503;11.743;1575.0;2.6242;36844000.0;0.1580830569715796;0.194142265389477
20.0;365.0;0.1939241683831579;0.01503;11.743;1575.0;2.6242;36844000.0;0.1939241683831579;0.22761392575820305
20.0;730.0;0.2536156515933963;0.01503;11.743;1575.0;2.6242;36844000.0;0.2536156515933963;0.2917123022264666
20.0;3652.0;0.3341612039576478;0.01503;11.743;1575.0;2.6242;36844000.0;0.3341612039576478;0.3657911795486458
