Site;Rate;H Error;Slope;Elevation;LC;CW;Area;Coastal Vulnerability;Hydrological Vulnerability;Satured Zone Area;Vulnerability Sum;Vulnerability Rate;Global Area of site (in cells);Htest;HtestPred
24.0;1.0;0.0;0.038199;5.6431;2700.0;4.04;3735000.0;102;23;1389;1390.4447820750363;0.2024526473609546;6868;0.0;0.0002366167660152137
24.0;2.0;0.0024067949762981;0.038199;5.6431;2700.0;4.04;3735000.0;102;23;1389;1390.4447820750363;0.2024526473609546;6868;0.0024067949762981;0.005326867943053814
24.0;7.0;0.011770072135544;0.038199;5.6431;2700.0;4.04;3735000.0;102;23;1389;1390.4447820750363;0.2024526473609546;6868;0.011770072135544;0.022281871606667
24.0;30.0;0.0306645078478985;0.038199;5.6431;2700.0;4.04;3735000.0;102;23;1389;1390.4447820750363;0.2024526473609546;6868;0.0306645078478985;0.0613085526335665
24.0;90.0;0.101023784559261;0.038199;5.6431;2700.0;4.04;3735000.0;102;23;1389;1390.4447820750363;0.2024526473609546;6868;0.101023784559261;0.17588659237759477
24.0;182.0;0.260205628970361;0.038199;5.6431;2700.0;4.04;3735000.0;102;23;1389;1390.4447820750363;0.2024526473609546;6868;0.260205628970361;0.3968047516734161
24.0;365.0;0.3600814737994693;0.038199;5.6431;2700.0;4.04;3735000.0;102;23;1389;1390.4447820750363;0.2024526473609546;6868;0.3600814737994693;0.4829351084835603
24.0;730.0;0.5264062859373333;0.038199;5.6431;2700.0;4.04;3735000.0;102;23;1389;1390.4447820750363;0.2024526473609546;6868;0.5264062859373333;0.6091377824658623
24.0;3652.0;0.6827578327244789;0.038199;5.6431;2700.0;4.04;3735000.0;102;23;1389;1390.4447820750363;0.2024526473609546;6868;0.6827578327244789;0.8381253316241515
