Site;SubCatch;Rate;H Error;Slope;Elevation;LC;SAR;Area;CV;HV;Htest;HtestPred
35;13.0;1;0.0;4.50430011749268;43.4504547119141;541.828258250232;1.00195753574371;4938750;0;129;0.0;0.0
35;13.0;2;0.0024637179505075;4.50430011749268;43.4504547119141;541.828258250232;1.00195753574371;4938750;0;129;0.0024637179505075;0.003907384424640867
35;13.0;7;0.0096694133059402;4.50430011749268;43.4504547119141;541.828258250232;1.00195753574371;4938750;0;129;0.0096694133059402;0.01936552054058125
35;13.0;30;0.0263597846723194;4.50430011749268;43.4504547119141;541.828258250232;1.00195753574371;4938750;0;129;0.0263597846723194;0.03589402251203507
35;13.0;90;0.0664451143125573;4.50430011749268;43.4504547119141;541.828258250232;1.00195753574371;4938750;0;129;0.0664451143125573;0.11135028647295471
35;13.0;182;0.0026145668813968;4.50430011749268;43.4504547119141;541.828258250232;1.00195753574371;4938750;0;129;0.0026145668813968;0.19214665083199678
35;13.0;365;0.14880269776740898;4.50430011749268;43.4504547119141;541.828258250232;1.00195753574371;4938750;0;129;0.14880269776740898;0.1722009766419803
35;13.0;730;0.0026145668813968;4.50430011749268;43.4504547119141;541.828258250232;1.00195753574371;4938750;0;129;0.0026145668813968;0.3755509816498627
35;13.0;3652;0.0026145668813968;4.50430011749268;43.4504547119141;541.828258250232;1.00195753574371;4938750;0;129;0.0026145668813968;0.0923176046258872
