Site;Rate;H Error;Slope;Elevation;LC;CW;Area;Htest;HtestPred
23.0;1.0;0.0;0.073487;13.12;1575.0;1.5577;3273800.0;0.0;0.0
23.0;2.0;0.0042627925995811;0.073487;13.12;1575.0;1.5577;3273800.0;0.0042627925995811;0.003548552509563707
23.0;7.0;0.0205161496721075;0.073487;13.12;1575.0;1.5577;3273800.0;0.0205161496721075;0.016729050200425977
23.0;30.0;0.0601751122032808;0.073487;13.12;1575.0;1.5577;3273800.0;0.0601751122032808;0.04170945524955204
23.0;90.0;0.1655578430692754;0.073487;13.12;1575.0;1.5577;3273800.0;0.1655578430692754;0.11104797649095058
23.0;182.0;0.3272893303727391;0.073487;13.12;1575.0;1.5577;3273800.0;0.3272893303727391;0.3000658486727129
23.0;365.0;0.3934913033998186;0.073487;13.12;1575.0;1.5577;3273800.0;0.3934913033998186;0.40326527276159363
23.0;730.0;0.4658165624744712;0.073487;13.12;1575.0;1.5577;3273800.0;0.4658165624744712;0.5576119077488529
23.0;3652.0;0.5528061260026178;0.073487;13.12;1575.0;1.5577;3273800.0;0.5528061260026178;0.7622516853209192
