Site;Rate;H Error;Slope;Elevation;LC;CW;Area;Coastal Vulnerability;Hydrological Vulnerability;Htest;HtestPred
23.0;1.0;0.0;0.073487;13.12;1575.0;1.5577;3273800.0;16;15;0.0;0.0
23.0;2.0;0.0042627925995811;0.073487;13.12;1575.0;1.5577;3273800.0;16;15;0.0042627925995811;0.0037988730928540534
23.0;7.0;0.0205161496721075;0.073487;13.12;1575.0;1.5577;3273800.0;16;15;0.0205161496721075;0.018223831478706935
23.0;30.0;0.0601751122032808;0.073487;13.12;1575.0;1.5577;3273800.0;16;15;0.0601751122032808;0.04420942274261239
23.0;90.0;0.1655578430692754;0.073487;13.12;1575.0;1.5577;3273800.0;16;15;0.1655578430692754;0.11832664193765743
23.0;182.0;0.3272893303727391;0.073487;13.12;1575.0;1.5577;3273800.0;16;15;0.3272893303727391;0.3262094346078048
23.0;365.0;0.3934913033998186;0.073487;13.12;1575.0;1.5577;3273800.0;16;15;0.3934913033998186;0.43010782901484773
23.0;730.0;0.4658165624744712;0.073487;13.12;1575.0;1.5577;3273800.0;16;15;0.4658165624744712;0.5745005073198748
23.0;3652.0;0.5528061260026178;0.073487;13.12;1575.0;1.5577;3273800.0;16;15;0.5528061260026178;0.7924932942083792
