Site;Rate;H Error;Slope;Elevation;LC;CW;Area;Coastal Vulnerability;Hydrological Vulnerability;Htest;HtestPred
4.0;1.0;0.0;0.023758;11.237;1425.0;2.5802;5203100.0;140;83;0.0;0.0
4.0;2.0;0.0029038378128997;0.023758;11.237;1425.0;2.5802;5203100.0;140;83;0.0029038378128997;0.003356405079267165
4.0;7.0;0.0135430090036463;0.023758;11.237;1425.0;2.5802;5203100.0;140;83;0.0135430090036463;0.014550150075715255
4.0;30.0;0.0343745209691433;0.023758;11.237;1425.0;2.5802;5203100.0;140;83;0.0343745209691433;0.0396736350298417
4.0;90.0;0.1283290709635083;0.023758;11.237;1425.0;2.5802;5203100.0;140;83;0.1283290709635083;0.11000226811503339
4.0;182.0;0.2632623530631015;0.023758;11.237;1425.0;2.5802;5203100.0;140;83;0.2632623530631015;0.16320844154734138
4.0;365.0;0.3843631902014273;0.023758;11.237;1425.0;2.5802;5203100.0;140;83;0.3843631902014273;0.1823110190812978
4.0;730.0;0.5794391772227295;0.023758;11.237;1425.0;2.5802;5203100.0;140;83;0.5794391772227295;0.22684693676497064
4.0;3652.0;0.784027044277768;0.023758;11.237;1425.0;2.5802;5203100.0;140;83;0.784027044277768;0.29549673195486387
