Site;SubCatch;Rate;H Error;Slope;Elevation;LC;SAR;Area;Htest;HtestPred
39;4.0;1;0.0;8.75830936431885;162.546722412109;690.708946833643;1.0060504674911501;2925000;0.0;2.53595592597897e-05
39;4.0;2;0.0051726260258397;8.75830936431885;162.546722412109;690.708946833643;1.0060504674911501;2925000;0.0051726260258397;0.003310248545951501
39;4.0;7;0.022883333370144;8.75830936431885;162.546722412109;690.708946833643;1.0060504674911501;2925000;0.022883333370144;0.014106566966822926
39;4.0;30;0.0518588443308156;8.75830936431885;162.546722412109;690.708946833643;1.0060504674911501;2925000;0.0518588443308156;0.01844939568472609
39;4.0;90;0.1293810150574369;8.75830936431885;162.546722412109;690.708946833643;1.0060504674911501;2925000;0.1293810150574369;0.10033877340022963
39;4.0;182;0.0029559590424926;8.75830936431885;162.546722412109;690.708946833643;1.0060504674911501;2925000;0.0029559590424926;0.14274726738531743
39;4.0;365;0.2837152939986176;8.75830936431885;162.546722412109;690.708946833643;1.0060504674911501;2925000;0.2837152939986176;0.0947936710265332
39;4.0;730;0.0029559590424926;8.75830936431885;162.546722412109;690.708946833643;1.0060504674911501;2925000;0.0029559590424926;0.15458153379483053
39;4.0;3652;0.3493891637918348;8.75830936431885;162.546722412109;690.708946833643;1.0060504674911501;2925000;0.3493891637918348;0.05594526078795784
