Site;Rate;H Error;Satured Zone Area;Vulnerability Sum;Vulnerability Rate;Global Area of site (in cells);Htest;HtestPred
11.0;1.0;0.0;534;548.9670410682364;0.0542457550462684;10120;0.0;0.0
11.0;2.0;0.0019370712288229;534;548.9670410682364;0.0542457550462684;10120;0.0019370712288229;0.004153747636981899
11.0;7.0;0.007095871537476;534;548.9670410682364;0.0542457550462684;10120;0.007095871537476;0.01905680433918027
11.0;30.0;0.020072089411818;534;548.9670410682364;0.0542457550462684;10120;0.020072089411818;0.05316738344324564
11.0;90.0;0.0435498926878454;534;548.9670410682364;0.0542457550462684;10120;0.0435498926878454;0.15112535488017853
11.0;182.0;0.0809120145894057;534;548.9670410682364;0.0542457550462684;10120;0.0809120145894057;0.29387014922313465
11.0;365.0;0.1027263425009789;534;548.9670410682364;0.0542457550462684;10120;0.1027263425009789;0.3507887354277613
11.0;730.0;0.1622678540420822;534;548.9670410682364;0.0542457550462684;10120;0.1622678540420822;0.4393563048594734
11.0;3652.0;0.2201414820862259;534;548.9670410682364;0.0542457550462684;10120;0.2201414820862259;0.5407757677322425
