Site;SubCatch;Rate;H Error;Slope;Elevation;LC;SAR;Area;Htest;HtestPred
13;1.0;1;0.0;2.14901995658875;36.8184242248535;651.975405590372;1.00076246261597;6030000;0.0;9.938135881945443e-07
13;1.0;2;0.0021907661877500002;2.14901995658875;36.8184242248535;651.975405590372;1.00076246261597;6030000;0.0021907661877500002;0.003898872928779007
13;1.0;7;0.0078209552446462;2.14901995658875;36.8184242248535;651.975405590372;1.00076246261597;6030000;0.0078209552446462;0.016365275162224534
13;1.0;30;0.0209638745757345;2.14901995658875;36.8184242248535;651.975405590372;1.00076246261597;6030000;0.0209638745757345;0.03664622378698471
13;1.0;90;0.0446745249151832;2.14901995658875;36.8184242248535;651.975405590372;1.00076246261597;6030000;0.0446745249151832;0.11329578039310352
13;1.0;182;0.0700795822606453;2.14901995658875;36.8184242248535;651.975405590372;1.00076246261597;6030000;0.0700795822606453;0.14003057337054442
13;1.0;365;0.0762418458720259;2.14901995658875;36.8184242248535;651.975405590372;1.00076246261597;6030000;0.0762418458720259;0.22601472542831152
13;1.0;730;0.0843606725548013;2.14901995658875;36.8184242248535;651.975405590372;1.00076246261597;6030000;0.0843606725548013;0.214842422155987
13;1.0;3652;0.0952641511758487;2.14901995658875;36.8184242248535;651.975405590372;1.00076246261597;6030000;0.0952641511758487;0.2602910394518241
