Site;SubCatch;Rate;H Error;Slope;Elevation;LC;SAR;Area;CV;HV;Htest;HtestPred
33;8.0;1;0.0;4.60343551635742;112.25328826904301;541.7298659603849;1.00212299823761;6682500;0;76;0.0;0.0003933885066900418
33;8.0;2;0.003327302311581;4.60343551635742;112.25328826904301;541.7298659603849;1.00212299823761;6682500;0;76;0.003327302311581;0.00394183073537365
33;8.0;7;0.0153309023791771;4.60343551635742;112.25328826904301;541.7298659603849;1.00212299823761;6682500;0;76;0.0153309023791771;0.016666755816383567
33;8.0;30;0.0379180863690924;4.60343551635742;112.25328826904301;541.7298659603849;1.00212299823761;6682500;0;76;0.0379180863690924;0.03388260910237049
33;8.0;90;0.003327302311581;4.60343551635742;112.25328826904301;541.7298659603849;1.00212299823761;6682500;0;76;0.003327302311581;0.1433781472740145
33;8.0;182;0.003327302311581;4.60343551635742;112.25328826904301;541.7298659603849;1.00212299823761;6682500;0;76;0.003327302311581;0.226880149659441
33;8.0;365;0.33686025978633394;4.60343551635742;112.25328826904301;541.7298659603849;1.00212299823761;6682500;0;76;0.33686025978633394;0.15572885216760185
33;8.0;730;0.5048953281477985;4.60343551635742;112.25328826904301;541.7298659603849;1.00212299823761;6682500;0;76;0.5048953281477985;0.48185546680639646
33;8.0;3652;0.003327302311581;4.60343551635742;112.25328826904301;541.7298659603849;1.00212299823761;6682500;0;76;0.003327302311581;0.12940737261455623
