Site;Rate;H Error;Slope;Elevation;LC;CW;Area;Coastal Vulnerability;Hydrological Vulnerability;Htest;HtestPred
19.0;1.0;0.0;0.0081185;2.4609;1725.0;2.6646;42446000.0;4766;251;0.0;0.0
19.0;2.0;0.0072548607901231;0.0081185;2.4609;1725.0;2.6646;42446000.0;4766;251;0.0072548607901231;0.003802920387738457
19.0;7.0;0.0313874267323508;0.0081185;2.4609;1725.0;2.6646;42446000.0;4766;251;0.0313874267323508;0.014149226848607723
19.0;30.0;0.0866235149493999;0.0081185;2.4609;1725.0;2.6646;42446000.0;4766;251;0.0866235149493999;0.04485684749008053
19.0;90.0;0.2019039969055668;0.0081185;2.4609;1725.0;2.6646;42446000.0;4766;251;0.2019039969055668;0.09458185815905334
19.0;182.0;0.3536643637347382;0.0081185;2.4609;1725.0;2.6646;42446000.0;4766;251;0.3536643637347382;0.1418724792695954
19.0;365.0;0.4183549524657499;0.0081185;2.4609;1725.0;2.6646;42446000.0;4766;251;0.4183549524657499;0.15789234540659602
19.0;730.0;0.4604984753848192;0.0081185;2.4609;1725.0;2.6646;42446000.0;4766;251;0.4604984753848192;0.18540038043514914
19.0;3652.0;0.4840729088696178;0.0081185;2.4609;1725.0;2.6646;42446000.0;4766;251;0.4840729088696178;0.24705912136741076
