Site;SubCatch;Rate;H Error;Slope;Elevation;LC;SAR;Area;Htest;HtestPred
38;7.0;1;0.0;3.64718055725098;187.446929931641;495.686269345937;1.00109839439392;3678750;0.0;0.0005011409471308151
38;7.0;2;0.0020037375140996;3.64718055725098;187.446929931641;495.686269345937;1.00109839439392;3678750;0.0020037375140996;0.004044744652108038
38;7.0;7;0.0076484253818778;3.64718055725098;187.446929931641;495.686269345937;1.00109839439392;3678750;0.0076484253818778;0.01644903768725918
38;7.0;30;0.0023906171799806;3.64718055725098;187.446929931641;495.686269345937;1.00109839439392;3678750;0.0023906171799806;0.02891526111175081
38;7.0;90;0.043472953459382;3.64718055725098;187.446929931641;495.686269345937;1.00109839439392;3678750;0.043472953459382;0.09019137512778277
38;7.0;182;0.0762470399852402;3.64718055725098;187.446929931641;495.686269345937;1.00109839439392;3678750;0.0762470399852402;0.17761054995036704
38;7.0;365;0.0023906171799806;3.64718055725098;187.446929931641;495.686269345937;1.00109839439392;3678750;0.0023906171799806;0.20792359059138263
38;7.0;730;0.0023906171799806;3.64718055725098;187.446929931641;495.686269345937;1.00109839439392;3678750;0.0023906171799806;0.33275273883419754
38;7.0;3652;0.0023906171799806;3.64718055725098;187.446929931641;495.686269345937;1.00109839439392;3678750;0.0023906171799806;0.18505627137039815
