Site;Rate;H Error;Satured Zone Area;Vulnerability Sum;Vulnerability Rate;Global Area of site (in cells);Htest;HtestPred
17.0;1.0;0.0;1528;1534.9696842304736;0.089580956185029;17135;0.0;0.0
17.0;2.0;0.0036195277470909;1528;1534.9696842304736;0.089580956185029;17135;0.0036195277470909;0.005122689784881053
17.0;7.0;0.0154406150457085;1528;1534.9696842304736;0.089580956185029;17135;0.0154406150457085;0.022102965650682323
17.0;30.0;0.0413325160789286;1528;1534.9696842304736;0.089580956185029;17135;0.0413325160789286;0.05803744264343041
17.0;90.0;0.1067295865950587;1528;1534.9696842304736;0.089580956185029;17135;0.1067295865950587;0.14199020931137926
17.0;182.0;0.1967703504900904;1528;1534.9696842304736;0.089580956185029;17135;0.1967703504900904;0.26822182250797966
17.0;365.0;0.2335533325873067;1528;1534.9696842304736;0.089580956185029;17135;0.2335533325873067;0.30525382910723264
17.0;730.0;0.2945531520453903;1528;1534.9696842304736;0.089580956185029;17135;0.2945531520453903;0.34401759670545945
17.0;3652.0;0.360705584925762;1528;1534.9696842304736;0.089580956185029;17135;0.360705584925762;0.3794505394520022
