Site;Rate;H Error;Slope;Elevation;LC;CW;Area;Coastal Vulnerability;Hydrological Vulnerability;Htest;HtestPred
21.0;1.0;0.0;0.033795;45.292;1350.0;2.4379;38571000.0;0;931;0.0;0.0
21.0;2.0;0.0035131589647779;0.033795;45.292;1350.0;2.4379;38571000.0;0;931;0.0035131589647779;0.0032118789097707614
21.0;7.0;0.0149255446543165;0.033795;45.292;1350.0;2.4379;38571000.0;0;931;0.0149255446543165;0.014482261125451354
21.0;30.0;0.0354389533967742;0.033795;45.292;1350.0;2.4379;38571000.0;0;931;0.0354389533967742;0.036257827173130266
21.0;90.0;0.0986127877393275;0.033795;45.292;1350.0;2.4379;38571000.0;0;931;0.0986127877393275;0.1013020715027362
21.0;182.0;0.2030774731975679;0.033795;45.292;1350.0;2.4379;38571000.0;0;931;0.2030774731975679;0.17577503480437554
21.0;365.0;0.2486389168180759;0.033795;45.292;1350.0;2.4379;38571000.0;0;931;0.2486389168180759;0.20736924065752682
21.0;730.0;0.3009557777986608;0.033795;45.292;1350.0;2.4379;38571000.0;0;931;0.3009557777986608;0.27777392196093337
21.0;3652.0;0.359974227568413;0.033795;45.292;1350.0;2.4379;38571000.0;0;931;0.359974227568413;0.36979533611160553
