Site;SubCatch;Rate;H Error;Slope;Elevation;LC;SAR;Area;Htest;HtestPred
35;6.0;1;0.0;3.48396944999695;30.139289855957;242.83795209471901;1.0011293888091999;1575000;0.0;1.178438827105054e-05
35;6.0;2;0.0028531623903825;3.48396944999695;30.139289855957;242.83795209471901;1.0011293888091999;1575000;0.0028531623903825;0.0027993598822466273
35;6.0;7;0.0114315193476664;3.48396944999695;30.139289855957;242.83795209471901;1.0011293888091999;1575000;0.0114315193476664;0.010292039373907389
35;6.0;30;0.0342316904238335;3.48396944999695;30.139289855957;242.83795209471901;1.0011293888091999;1575000;0.0342316904238335;0.028628175661834596
35;6.0;90;0.0773572991303985;3.48396944999695;30.139289855957;242.83795209471901;1.0011293888091999;1575000;0.0773572991303985;0.04416183177482785
35;6.0;182;0.0027261767355532;3.48396944999695;30.139289855957;242.83795209471901;1.0011293888091999;1575000;0.0027261767355532;0.01997440955054272
35;6.0;365;0.1273314119849048;3.48396944999695;30.139289855957;242.83795209471901;1.0011293888091999;1575000;0.1273314119849048;0.06217745698544508
35;6.0;730;0.0027261767355532;3.48396944999695;30.139289855957;242.83795209471901;1.0011293888091999;1575000;0.0027261767355532;0.03201723253265075
35;6.0;3652;0.0027261767355532;3.48396944999695;30.139289855957;242.83795209471901;1.0011293888091999;1575000;0.0027261767355532;0.00813595163484372
