Site;Rate;H Error;Satured Zone Area;Vulnerability Sum;Vulnerability Rate;Global Area of site (in cells);Htest;HtestPred
4.0;1.0;0.0;1197;1198.4612599941795;0.228365331553769;5248;0.0;0.0
4.0;2.0;0.0029038378128997;1197;1198.4612599941795;0.228365331553769;5248;0.0029038378128997;0.0030350348686951235
4.0;7.0;0.0135430090036463;1197;1198.4612599941795;0.228365331553769;5248;0.0135430090036463;0.013599092688553105
4.0;30.0;0.0343745209691433;1197;1198.4612599941795;0.228365331553769;5248;0.0343745209691433;0.03606966836978517
4.0;90.0;0.1283290709635083;1197;1198.4612599941795;0.228365331553769;5248;0.1283290709635083;0.10294687632719934
4.0;182.0;0.2632623530631015;1197;1198.4612599941795;0.228365331553769;5248;0.2632623530631015;0.2645949233804022
4.0;365.0;0.3843631902014273;1197;1198.4612599941795;0.228365331553769;5248;0.3843631902014273;0.33156685915889156
4.0;730.0;0.5794391772227295;1197;1198.4612599941795;0.228365331553769;5248;0.5794391772227295;0.4466266847295296
4.0;3652.0;0.784027044277768;1197;1198.4612599941795;0.228365331553769;5248;0.784027044277768;0.5672604461932891
