Site;Rate;H Error;Slope;Elevation;LC;CW;Area;Coastal Vulnerability;Hydrological Vulnerability;Satured Zone Area;Vulnerability Sum;Vulnerability Rate;Global Area of site (in cells);Htest;HtestPred
13.0;1.0;0.0;0.017;7.6422;1650.0;2.9322;15452000.0;515;309;344;348.4827992023804;0.0703153347865981;4956;0.0;0.0
13.0;2.0;0.0022063438684162;0.017;7.6422;1650.0;2.9322;15452000.0;515;309;344;348.4827992023804;0.0703153347865981;4956;0.0022063438684162;0.0027134840912162324
13.0;7.0;0.0079049822077504;0.017;7.6422;1650.0;2.9322;15452000.0;515;309;344;348.4827992023804;0.0703153347865981;4956;0.0079049822077504;0.011745714289182725
13.0;30.0;0.021215598309817;0.017;7.6422;1650.0;2.9322;15452000.0;515;309;344;348.4827992023804;0.0703153347865981;4956;0.021215598309817;0.03150071252424804
13.0;90.0;0.0459743068795799;0.017;7.6422;1650.0;2.9322;15452000.0;515;309;344;348.4827992023804;0.0703153347865981;4956;0.0459743068795799;0.09890942221217398
13.0;182.0;0.0731496298288549;0.017;7.6422;1650.0;2.9322;15452000.0;515;309;344;348.4827992023804;0.0703153347865981;4956;0.0731496298288549;0.17061871638905074
13.0;365.0;0.0799346362186648;0.017;7.6422;1650.0;2.9322;15452000.0;515;309;344;348.4827992023804;0.0703153347865981;4956;0.0799346362186648;0.20971540514857168
13.0;730.0;0.0884871835852028;0.017;7.6422;1650.0;2.9322;15452000.0;515;309;344;348.4827992023804;0.0703153347865981;4956;0.0884871835852028;0.2780735854220088
13.0;3652.0;0.0993700430118872;0.017;7.6422;1650.0;2.9322;15452000.0;515;309;344;348.4827992023804;0.0703153347865981;4956;0.0993700430118872;0.36730048947322735
