Site;Rate;H Error;Slope;Elevation;LC;CW;Area;Htest;HtestPred
29.0;1.0;0.0;0.0053882;3.0773;1650.0;2.1762;52942000.0;0.0;0.0
29.0;2.0;0.0046567319144672;0.0053882;3.0773;1650.0;2.1762;52942000.0;0.0046567319144672;0.005245734287791858
29.0;7.0;0.017704189066114;0.0053882;3.0773;1650.0;2.1762;52942000.0;0.017704189066114;0.02157556955590142
29.0;30.0;0.0532782227856177;0.0053882;3.0773;1650.0;2.1762;52942000.0;0.0532782227856177;0.05521697178521856
29.0;90.0;0.098923572533551;0.0053882;3.0773;1650.0;2.1762;52942000.0;0.098923572533551;0.13072181603202207
29.0;182.0;0.1766235976068475;0.0053882;3.0773;1650.0;2.1762;52942000.0;0.1766235976068475;0.27341829159201664
29.0;365.0;0.1971545989174654;0.0053882;3.0773;1650.0;2.1762;52942000.0;0.1971545989174654;0.3031084677213556
29.0;730.0;0.2433264378162048;0.0053882;3.0773;1650.0;2.1762;52942000.0;0.2433264378162048;0.3142139983101195
29.0;3652.0;0.2301542255238992;0.0053882;3.0773;1650.0;2.1762;52942000.0;0.2301542255238992;0.3118535423641679
