Site;Rate;H Error;Slope;Elevation;LC;CW;Area;Coastal Vulnerability;Hydrological Vulnerability;Htest;HtestPred
4.0;1.0;0.0;0.023758;11.237;1425.0;2.5802;5203100.0;140;83;0.0;0.0
4.0;2.0;0.0029038378128997;0.023758;11.237;1425.0;2.5802;5203100.0;140;83;0.0029038378128997;0.003292935582009793
4.0;7.0;0.0135430090036463;0.023758;11.237;1425.0;2.5802;5203100.0;140;83;0.0135430090036463;0.014405214023614492
4.0;30.0;0.0343745209691433;0.023758;11.237;1425.0;2.5802;5203100.0;140;83;0.0343745209691433;0.04126121473672505
4.0;90.0;0.1283290709635083;0.023758;11.237;1425.0;2.5802;5203100.0;140;83;0.1283290709635083;0.10458033692929278
4.0;182.0;0.2632623530631015;0.023758;11.237;1425.0;2.5802;5203100.0;140;83;0.2632623530631015;0.16082734309383484
4.0;365.0;0.3843631902014273;0.023758;11.237;1425.0;2.5802;5203100.0;140;83;0.3843631902014273;0.18348199634989676
4.0;730.0;0.5794391772227295;0.023758;11.237;1425.0;2.5802;5203100.0;140;83;0.5794391772227295;0.23207429072985075
4.0;3652.0;0.784027044277768;0.023758;11.237;1425.0;2.5802;5203100.0;140;83;0.784027044277768;0.28617313818186185
