Site;Rate;H Error;Slope;Elevation;LC;CW;Area;Coastal Vulnerability;Hydrological Vulnerability;Htest;HtestPred
24.0;1.0;0.0;0.038199;5.6431;2700.0;4.04;3735000.0;102;23;0.0;6.634684505364e-06
24.0;2.0;0.0024067949762981;0.038199;5.6431;2700.0;4.04;3735000.0;102;23;0.0024067949762981;0.005166955512038488
24.0;7.0;0.011770072135544;0.038199;5.6431;2700.0;4.04;3735000.0;102;23;0.011770072135544;0.022200271305728686
24.0;30.0;0.0306645078478985;0.038199;5.6431;2700.0;4.04;3735000.0;102;23;0.0306645078478985;0.05953574393439578
24.0;90.0;0.101023784559261;0.038199;5.6431;2700.0;4.04;3735000.0;102;23;0.101023784559261;0.1737569160470443
24.0;182.0;0.260205628970361;0.038199;5.6431;2700.0;4.04;3735000.0;102;23;0.260205628970361;0.4329140452844335
24.0;365.0;0.3600814737994693;0.038199;5.6431;2700.0;4.04;3735000.0;102;23;0.3600814737994693;0.5094999856375473
24.0;730.0;0.5264062859373333;0.038199;5.6431;2700.0;4.04;3735000.0;102;23;0.5264062859373333;0.628516827520415
24.0;3652.0;0.6827578327244789;0.038199;5.6431;2700.0;4.04;3735000.0;102;23;0.6827578327244789;0.859184309189684
