Site;SubCatch;Rate;H Error;Slope;Elevation;LC;SAR;Area;CV;HV;Htest;HtestPred
39;4.0;1;0.0;8.75830936431885;162.546722412109;690.708946833643;1.0060504674911501;2925000;0;27;0.0;2.53595592597897e-05
39;4.0;2;0.0051726260258397;8.75830936431885;162.546722412109;690.708946833643;1.0060504674911501;2925000;0;27;0.0051726260258397;0.0032066434276338063
39;4.0;7;0.022883333370144;8.75830936431885;162.546722412109;690.708946833643;1.0060504674911501;2925000;0;27;0.022883333370144;0.014264919073560568
39;4.0;30;0.0518588443308156;8.75830936431885;162.546722412109;690.708946833643;1.0060504674911501;2925000;0;27;0.0518588443308156;0.02188892207206273
39;4.0;90;0.1293810150574369;8.75830936431885;162.546722412109;690.708946833643;1.0060504674911501;2925000;0;27;0.1293810150574369;0.09671180344281209
39;4.0;182;0.0029559590424926;8.75830936431885;162.546722412109;690.708946833643;1.0060504674911501;2925000;0;27;0.0029559590424926;0.13515507395679238
39;4.0;365;0.2837152939986176;8.75830936431885;162.546722412109;690.708946833643;1.0060504674911501;2925000;0;27;0.2837152939986176;0.09880839059513853
39;4.0;730;0.0029559590424926;8.75830936431885;162.546722412109;690.708946833643;1.0060504674911501;2925000;0;27;0.0029559590424926;0.14840702363233851
39;4.0;3652;0.3493891637918348;8.75830936431885;162.546722412109;690.708946833643;1.0060504674911501;2925000;0;27;0.3493891637918348;0.05758260902923827
