Site;Rate;H Error;Satured Zone Area;Vulnerability Sum;Vulnerability Rate;Global Area of site (in cells);Htest;HtestPred
19.0;1.0;0.0;1569;1626.5722882492114;0.1070535927503759;15194;0.0;0.0
19.0;2.0;0.0072548607901231;1569;1626.5722882492114;0.1070535927503759;15194;0.0072548607901231;0.003794836505438519
19.0;7.0;0.0313874267323508;1569;1626.5722882492114;0.1070535927503759;15194;0.0313874267323508;0.016352894708412117
19.0;30.0;0.0866235149493999;1569;1626.5722882492114;0.1070535927503759;15194;0.0866235149493999;0.042813029577510806
19.0;90.0;0.2019039969055668;1569;1626.5722882492114;0.1070535927503759;15194;0.2019039969055668;0.11615849989293965
19.0;182.0;0.3536643637347382;1569;1626.5722882492114;0.1070535927503759;15194;0.3536643637347382;0.2386390987192639
19.0;365.0;0.4183549524657499;1569;1626.5722882492114;0.1070535927503759;15194;0.4183549524657499;0.285974794062649
19.0;730.0;0.4604984753848192;1569;1626.5722882492114;0.1070535927503759;15194;0.4604984753848192;0.35865147818961407
19.0;3652.0;0.4840729088696178;1569;1626.5722882492114;0.1070535927503759;15194;0.4840729088696178;0.45037606214557213
