Site;Rate;H Error;Slope;Elevation;LC;CW;Area;Coastal Vulnerability;Hydrological Vulnerability;Satured Zone Area;Vulnerability Sum;Vulnerability Rate;Global Area of site (in cells);Htest;HtestPred
4.0;1.0;0.0;0.023758;11.237;1425.0;2.5802;5203100.0;140;83;1197;1198.4612599941795;0.228365331553769;5248;0.0;0.0
4.0;2.0;0.0029038378128997;0.023758;11.237;1425.0;2.5802;5203100.0;140;83;1197;1198.4612599941795;0.228365331553769;5248;0.0029038378128997;0.003273286322314147
4.0;7.0;0.0135430090036463;0.023758;11.237;1425.0;2.5802;5203100.0;140;83;1197;1198.4612599941795;0.228365331553769;5248;0.0135430090036463;0.01416456277168798
4.0;30.0;0.0343745209691433;0.023758;11.237;1425.0;2.5802;5203100.0;140;83;1197;1198.4612599941795;0.228365331553769;5248;0.0343745209691433;0.03821610279549351
4.0;90.0;0.1283290709635083;0.023758;11.237;1425.0;2.5802;5203100.0;140;83;1197;1198.4612599941795;0.228365331553769;5248;0.1283290709635083;0.10752431226993839
4.0;182.0;0.2632623530631015;0.023758;11.237;1425.0;2.5802;5203100.0;140;83;1197;1198.4612599941795;0.228365331553769;5248;0.2632623530631015;0.17780448006990948
4.0;365.0;0.3843631902014273;0.023758;11.237;1425.0;2.5802;5203100.0;140;83;1197;1198.4612599941795;0.228365331553769;5248;0.3843631902014273;0.20527997571472278
4.0;730.0;0.5794391772227295;0.023758;11.237;1425.0;2.5802;5203100.0;140;83;1197;1198.4612599941795;0.228365331553769;5248;0.5794391772227295;0.2575385925168342
4.0;3652.0;0.784027044277768;0.023758;11.237;1425.0;2.5802;5203100.0;140;83;1197;1198.4612599941795;0.228365331553769;5248;0.784027044277768;0.3200305606813053
