Site;Rate;H Error;Slope;Elevation;LC;CW;Area;Coastal Vulnerability;Hydrological Vulnerability;Htest;HtestPred
12.0;1.0;0.0;0.041692;15.048;1425.0;2.0142;95816000.0;2394;2320;0.0;0.0
12.0;2.0;0.0031172366230168;0.041692;15.048;1425.0;2.0142;95816000.0;2394;2320;0.0031172366230168;0.003445894086642313
12.0;7.0;0.0119980742691852;0.041692;15.048;1425.0;2.0142;95816000.0;2394;2320;0.0119980742691852;0.01394439228288566
12.0;30.0;0.0336530456759948;0.041692;15.048;1425.0;2.0142;95816000.0;2394;2320;0.0336530456759948;0.04061932203523492
12.0;90.0;0.0730083632551525;0.041692;15.048;1425.0;2.0142;95816000.0;2394;2320;0.0730083632551525;0.09004838516541915
12.0;182.0;0.1222048385002407;0.041692;15.048;1425.0;2.0142;95816000.0;2394;2320;0.1222048385002407;0.1731836411403473
12.0;365.0;0.1401841306625733;0.041692;15.048;1425.0;2.0142;95816000.0;2394;2320;0.1401841306625733;0.19982318337760283
12.0;730.0;0.1678353858801527;0.041692;15.048;1425.0;2.0142;95816000.0;2394;2320;0.1678353858801527;0.25308487081346204
12.0;3652.0;0.2076715457193804;0.041692;15.048;1425.0;2.0142;95816000.0;2394;2320;0.2076715457193804;0.317572330375483
