Site;SubCatch;Rate;H Error;Slope;Elevation;LC;SAR;Area;CV;HV;Htest;HtestPred
35;11.0;1;0.0;3.2631006240844704;35.6014823913574;543.911759392797;1.0008716583252;1895625;0;70;0.0;0.003701067718515747
35;11.0;2;0.0018299947701747;3.2631006240844704;35.6014823913574;543.911759392797;1.0008716583252;1895625;0;70;0.0018299947701747;0.006265990158373897
35;11.0;7;0.0065034214457522;3.2631006240844704;35.6014823913574;543.911759392797;1.0008716583252;1895625;0;70;0.0065034214457522;0.019525771589124892
35;11.0;30;0.0183078511618471;3.2631006240844704;35.6014823913574;543.911759392797;1.0008716583252;1895625;0;70;0.0183078511618471;0.05097232728120235
35;11.0;90;0.036544170049637996;3.2631006240844704;35.6014823913574;543.911759392797;1.0008716583252;1895625;0;70;0.036544170049637996;0.07121249149841441
35;11.0;182;0.0023827622074321;3.2631006240844704;35.6014823913574;543.911759392797;1.0008716583252;1895625;0;70;0.0023827622074321;0.14862333001422132
35;11.0;365;0.0627550165659134;3.2631006240844704;35.6014823913574;543.911759392797;1.0008716583252;1895625;0;70;0.0627550165659134;0.32015868227038213
35;11.0;730;0.0023827622074321;3.2631006240844704;35.6014823913574;543.911759392797;1.0008716583252;1895625;0;70;0.0023827622074321;0.3802441502585418
35;11.0;3652;0.0023827622074321;3.2631006240844704;35.6014823913574;543.911759392797;1.0008716583252;1895625;0;70;0.0023827622074321;0.239547779822686
