Site;Rate;H Error;Slope;Elevation;LC;CW;Area;Htest;HtestPred
2.0;1.0;0.0;0.0029846;8.0214;1725.0;2.2279;16571000.0;0.0;0.0
2.0;2.0;0.0024436471432086;0.0029846;8.0214;1725.0;2.2279;16571000.0;0.0024436471432086;0.0031640997197199877
2.0;7.0;0.0100550818986154;0.0029846;8.0214;1725.0;2.2279;16571000.0;0.0100550818986154;0.01253173930321504
2.0;30.0;0.0266639212930479;0.0029846;8.0214;1725.0;2.2279;16571000.0;0.0266639212930479;0.03445348482242636
2.0;90.0;0.0681692089993866;0.0029846;8.0214;1725.0;2.2279;16571000.0;0.0681692089993866;0.08408026583711609
2.0;182.0;0.1240271398199594;0.0029846;8.0214;1725.0;2.2279;16571000.0;0.1240271398199594;0.11623810252686073
2.0;365.0;0.1477079402484747;0.0029846;8.0214;1725.0;2.2279;16571000.0;0.1477079402484747;0.12825889181398134
2.0;730.0;0.1872937575247316;0.0029846;8.0214;1725.0;2.2279;16571000.0;0.1872937575247316;0.16354321424660173
2.0;3652.0;0.2417057915520439;0.0029846;8.0214;1725.0;2.2279;16571000.0;0.2417057915520439;0.2251204175030881
