Site;SubCatch;Rate;H Error;Slope;Elevation;LC;SAR;Area;Htest;HtestPred
37;6.0;1;0.0;7.82267093658447;54.2229347229004;145.603330083899;1.0060174465179401;613125;0.0;0.0
37;6.0;2;0.0017319587049557;7.82267093658447;54.2229347229004;145.603330083899;1.0060174465179401;613125;0.0017319587049557;0.0028001069687133076
37;6.0;7;0.0065871572000917;7.82267093658447;54.2229347229004;145.603330083899;1.0060174465179401;613125;0.0065871572000917;0.011157548426261845
37;6.0;30;0.0173966106601116;7.82267093658447;54.2229347229004;145.603330083899;1.0060174465179401;613125;0.0173966106601116;0.02874350801811479
37;6.0;90;0.0403317259768416;7.82267093658447;54.2229347229004;145.603330083899;1.0060174465179401;613125;0.0403317259768416;0.06716947485020758
37;6.0;182;0.0686957433069524;7.82267093658447;54.2229347229004;145.603330083899;1.0060174465179401;613125;0.0686957433069524;0.07098093673658676
37;6.0;365;0.002053357430413;7.82267093658447;54.2229347229004;145.603330083899;1.0060174465179401;613125;0.002053357430413;0.036761283080983816
37;6.0;730;0.0807126314498678;7.82267093658447;54.2229347229004;145.603330083899;1.0060174465179401;613125;0.0807126314498678;0.07281575874455495
37;6.0;3652;0.002053357430413;7.82267093658447;54.2229347229004;145.603330083899;1.0060174465179401;613125;0.002053357430413;0.02020377566307392
