Site;Rate;H Error;Slope;Elevation;LC;CW;Area;Htest;HtestPred
10.0;1.0;0.0;0.0048044;15.404;1575.0;1.5889;57802000.0;0.0;0.0
10.0;2.0;0.0036961359926021;0.0048044;15.404;1575.0;1.5889;57802000.0;0.0036961359926021;0.0032933102470907856
10.0;7.0;0.0149153057926668;0.0048044;15.404;1575.0;1.5889;57802000.0;0.0149153057926668;0.013507307580549964
10.0;30.0;0.0396167202369016;0.0048044;15.404;1575.0;1.5889;57802000.0;0.0396167202369016;0.03728271135075122
10.0;90.0;0.0915538363720714;0.0048044;15.404;1575.0;1.5889;57802000.0;0.0915538363720714;0.08033987357258532
10.0;182.0;0.1694940808176965;0.0048044;15.404;1575.0;1.5889;57802000.0;0.1694940808176965;0.13439555559476205
10.0;365.0;0.1919192240305992;0.0048044;15.404;1575.0;1.5889;57802000.0;0.1919192240305992;0.1552544016270844
10.0;730.0;0.2219972819663322;0.0048044;15.404;1575.0;1.5889;57802000.0;0.2219972819663322;0.20837907746925174
10.0;3652.0;0.277418471559083;0.0048044;15.404;1575.0;1.5889;57802000.0;0.277418471559083;0.26865618673608976
