Site;SubCatch;Rate;H Error;Slope;Elevation;LC;SAR;Area;CV;HV;Htest;HtestPred
35;12.0;1;0.0;6.02092504501343;66.22982788085939;721.5890574106239;1.00279235839844;3206250;0;15;0.0;0.0
35;12.0;2;0.0048374832153588;6.02092504501343;66.22982788085939;721.5890574106239;1.00279235839844;3206250;0;15;0.0048374832153588;0.0027104086945897335
35;12.0;7;0.0232766313293;6.02092504501343;66.22982788085939;721.5890574106239;1.00279235839844;3206250;0;15;0.0232766313293;0.018196690910427443
35;12.0;30;0.0559281700269176;6.02092504501343;66.22982788085939;721.5890574106239;1.00279235839844;3206250;0;15;0.0559281700269176;0.055642725362554595
35;12.0;90;0.205651067122906;6.02092504501343;66.22982788085939;721.5890574106239;1.00279235839844;3206250;0;15;0.205651067122906;0.042015892611685084
35;12.0;182;0.0030016882065456;6.02092504501343;66.22982788085939;721.5890574106239;1.00279235839844;3206250;0;15;0.0030016882065456;0.04763012607953842
35;12.0;365;0.5988163462371279;6.02092504501343;66.22982788085939;721.5890574106239;1.00279235839844;3206250;0;15;0.5988163462371279;0.32222068811617016
35;12.0;730;0.0030016882065456;6.02092504501343;66.22982788085939;721.5890574106239;1.00279235839844;3206250;0;15;0.0030016882065456;0.343741548910989
35;12.0;3652;0.0030016882065456;6.02092504501343;66.22982788085939;721.5890574106239;1.00279235839844;3206250;0;15;0.0030016882065456;0.09952536021180919
