Site;Rate;H Error;Slope;Elevation;LC;CW;Area;Coastal Vulnerability;Hydrological Vulnerability;Htest;HtestPred
10.0;1.0;0.0;0.0048043999999999;15.404000000000002;1575.0;1.5889;57802000.0;1191;1902;0.0;0.0
10.0;2.0;0.0036961359926021;0.0048043999999999;15.404000000000002;1575.0;1.5889;57802000.0;1191;1902;0.0036961359926021;0.0034491086465306933
10.0;7.0;0.0149153057926668;0.0048043999999999;15.404000000000002;1575.0;1.5889;57802000.0;1191;1902;0.0149153057926668;0.013479626996850473
10.0;30.0;0.0396167202369016;0.0048043999999999;15.404000000000002;1575.0;1.5889;57802000.0;1191;1902;0.0396167202369016;0.040593399484193896
10.0;90.0;0.0915538363720714;0.0048043999999999;15.404000000000002;1575.0;1.5889;57802000.0;1191;1902;0.0915538363720714;0.08350004234397727
10.0;182.0;0.1694940808176965;0.0048043999999999;15.404000000000002;1575.0;1.5889;57802000.0;1191;1902;0.1694940808176965;0.1427833111540304
10.0;365.0;0.1919192240305992;0.0048043999999999;15.404000000000002;1575.0;1.5889;57802000.0;1191;1902;0.1919192240305992;0.16270842290389526
10.0;730.0;0.2219972819663322;0.0048043999999999;15.404000000000002;1575.0;1.5889;57802000.0;1191;1902;0.2219972819663322;0.20734487714845978
10.0;3652.0;0.277418471559083;0.0048043999999999;15.404000000000002;1575.0;1.5889;57802000.0;1191;1902;0.277418471559083;0.26234953932541133
