Site;Rate;H Error;Satured Zone Area;Vulnerability Sum;Vulnerability Rate;Global Area of site (in cells);Htest;HtestPred
25.0;1.0;0.0;6881;6904.806176761899;0.1519945006771572;45428;0.0;0.0
25.0;2.0;0.0027349948639427;6881;6904.806176761899;0.1519945006771572;45428;0.0027349948639427;0.0034689302777297162
25.0;7.0;0.0113878859696152;6881;6904.806176761899;0.1519945006771572;45428;0.0113878859696152;0.014340928794254335
25.0;30.0;0.0289246948751953;6881;6904.806176761899;0.1519945006771572;45428;0.0289246948751953;0.03779676710022298
25.0;90.0;0.0734978659430122;6881;6904.806176761899;0.1519945006771572;45428;0.0734978659430122;0.09143968366747743
25.0;182.0;0.137609810009888;6881;6904.806176761899;0.1519945006771572;45428;0.137609810009888;0.16796186097295224
25.0;365.0;0.1586114600447141;6881;6904.806176761899;0.1519945006771572;45428;0.1586114600447141;0.19797322598235162
25.0;730.0;0.1940339436318247;6881;6904.806176761899;0.1519945006771572;45428;0.1940339436318247;0.24445140392403616
25.0;3652.0;0.2399666736275057;6881;6904.806176761899;0.1519945006771572;45428;0.2399666736275057;0.30186038190912357
