Site;Rate;H Error;Slope;Elevation;LC;CW;Area;Coastal Vulnerability;Hydrological Vulnerability;Htest;HtestPred
13.0;1.0;0.0;0.017;7.6422;1650.0;2.9322;15452000.0;515;309;0.0;0.0
13.0;2.0;0.0022063438684162;0.017;7.6422;1650.0;2.9322;15452000.0;515;309;0.0022063438684162;0.00304870836711563
13.0;7.0;0.0079049822077504;0.017;7.6422;1650.0;2.9322;15452000.0;515;309;0.0079049822077504;0.012866183905123675
13.0;30.0;0.021215598309817;0.017;7.6422;1650.0;2.9322;15452000.0;515;309;0.021215598309817;0.036601595665625944
13.0;90.0;0.0459743068795799;0.017;7.6422;1650.0;2.9322;15452000.0;515;309;0.0459743068795799;0.10896808170246715
13.0;182.0;0.0731496298288549;0.017;7.6422;1650.0;2.9322;15452000.0;515;309;0.0731496298288549;0.18774502543281427
13.0;365.0;0.0799346362186648;0.017;7.6422;1650.0;2.9322;15452000.0;515;309;0.0799346362186648;0.22862576084087083
13.0;730.0;0.0884871835852028;0.017;7.6422;1650.0;2.9322;15452000.0;515;309;0.0884871835852028;0.3050386410200797
13.0;3652.0;0.0993700430118872;0.017;7.6422;1650.0;2.9322;15452000.0;515;309;0.0993700430118872;0.3961829767089672
