Site;SubCatch;Rate;H Error;Slope;Elevation;LC;SAR;Area;CV;HV;Htest;HtestPred
38;5.0;1;0.0;5.880484104156491;198.908416748047;653.178292162341;1.00343871116638;4213125;0;79;0.0;0.0
38;5.0;2;0.0030507580111962;5.880484104156491;198.908416748047;653.178292162341;1.00343871116638;4213125;0;79;0.0030507580111962;0.003531555505459204
38;5.0;7;0.0126711251460026;5.880484104156491;198.908416748047;653.178292162341;1.00343871116638;4213125;0;79;0.0126711251460026;0.015945562652358216
38;5.0;30;0.0029197750948896;5.880484104156491;198.908416748047;653.178292162341;1.00343871116638;4213125;0;79;0.0029197750948896;0.029176026340586476
38;5.0;90;0.0822597009309457;5.880484104156491;198.908416748047;653.178292162341;1.00343871116638;4213125;0;79;0.0822597009309457;0.1074425368727463
38;5.0;182;0.1816653060011675;5.880484104156491;198.908416748047;653.178292162341;1.00343871116638;4213125;0;79;0.1816653060011675;0.10698903786432648
38;5.0;365;0.0029197750948896;5.880484104156491;198.908416748047;653.178292162341;1.00343871116638;4213125;0;79;0.0029197750948896;0.12641918036212832
38;5.0;730;0.0029197750948896;5.880484104156491;198.908416748047;653.178292162341;1.00343871116638;4213125;0;79;0.0029197750948896;0.11546739251924355
38;5.0;3652;0.0029197750948896;5.880484104156491;198.908416748047;653.178292162341;1.00343871116638;4213125;0;79;0.0029197750948896;0.10848693515318344
