Site;Rate;H Error;Satured Zone Area;Vulnerability Sum;Vulnerability Rate;Global Area of site (in cells);Htest;HtestPred
13.0;1.0;0.0;344;348.4827992023804;0.0703153347865981;4956;0.0;0.0
13.0;2.0;0.0022063438684162;344;348.4827992023804;0.0703153347865981;4956;0.0022063438684162;0.0024940722178734727
13.0;7.0;0.0079049822077504;344;348.4827992023804;0.0703153347865981;4956;0.0079049822077504;0.010238224575303677
13.0;30.0;0.021215598309817;344;348.4827992023804;0.0703153347865981;4956;0.021215598309817;0.026659449380481485
13.0;90.0;0.0459743068795799;344;348.4827992023804;0.0703153347865981;4956;0.0459743068795799;0.07055086950375832
13.0;182.0;0.0731496298288549;344;348.4827992023804;0.0703153347865981;4956;0.0731496298288549;0.08091721314235098
13.0;365.0;0.0799346362186648;344;348.4827992023804;0.0703153347865981;4956;0.0799346362186648;0.08479452999612451
13.0;730.0;0.0884871835852028;344;348.4827992023804;0.0703153347865981;4956;0.0884871835852028;0.11542450370982095
13.0;3652.0;0.0993700430118872;344;348.4827992023804;0.0703153347865981;4956;0.0993700430118872;0.17498117976584307
