Site;Rate;H Error;Slope;Elevation;LC;CW;Area;Coastal Vulnerability;Hydrological Vulnerability;Satured Zone Area;Vulnerability Sum;Vulnerability Rate;Global Area of site (in cells);Htest;HtestPred
22.0;1.0;0.0;0.0096528;32.229;1500.0;2.1629;67568000.0;215;2266;635;645.0831063149186;0.0274456733455972;23504;0.0;0.0
22.0;2.0;0.0025623977304338;0.0096528;32.229;1500.0;2.1629;67568000.0;215;2266;635;645.0831063149186;0.0274456733455972;23504;0.0025623977304338;0.0033031410649517886
22.0;7.0;0.0102307056616175;0.0096528;32.229;1500.0;2.1629;67568000.0;215;2266;635;645.0831063149186;0.0274456733455972;23504;0.0102307056616175;0.013961661068609897
22.0;30.0;0.026952018249273;0.0096528;32.229;1500.0;2.1629;67568000.0;215;2266;635;645.0831063149186;0.0274456733455972;23504;0.026952018249273;0.03663695916662024
22.0;90.0;0.0665826349200478;0.0096528;32.229;1500.0;2.1629;67568000.0;215;2266;635;645.0831063149186;0.0274456733455972;23504;0.0665826349200478;0.09519967667656638
22.0;182.0;0.1331744246574456;0.0096528;32.229;1500.0;2.1629;67568000.0;215;2266;635;645.0831063149186;0.0274456733455972;23504;0.1331744246574456;0.17420310018308957
22.0;365.0;0.159802943245865;0.0096528;32.229;1500.0;2.1629;67568000.0;215;2266;635;645.0831063149186;0.0274456733455972;23504;0.159802943245865;0.2031005178386111
22.0;730.0;0.2160474341072332;0.0096528;32.229;1500.0;2.1629;67568000.0;215;2266;635;645.0831063149186;0.0274456733455972;23504;0.2160474341072332;0.24720636952504552
22.0;3652.0;0.2821658600269947;0.0096528;32.229;1500.0;2.1629;67568000.0;215;2266;635;645.0831063149186;0.0274456733455972;23504;0.2821658600269947;0.30504922622996494
