Site;Rate;H Error;Slope;Elevation;LC;CW;Area;Coastal Vulnerability;Hydrological Vulnerability;Htest;HtestPred
17.0;1.0;0.0;0.0094464;30.539;1575.0;2.4613;61779000.0;185;1537;0.0;0.0
17.0;2.0;0.0036195277470909;0.0094464;30.539;1575.0;2.4613;61779000.0;185;1537;0.0036195277470909;0.002822218418383923
17.0;7.0;0.0154406150457085;0.0094464;30.539;1575.0;2.4613;61779000.0;185;1537;0.0154406150457085;0.011431993356897326
17.0;30.0;0.0413325160789286;0.0094464;30.539;1575.0;2.4613;61779000.0;185;1537;0.0413325160789286;0.0297828232037146
17.0;90.0;0.1067295865950587;0.0094464;30.539;1575.0;2.4613;61779000.0;185;1537;0.1067295865950587;0.07913209469404102
17.0;182.0;0.1967703504900904;0.0094464;30.539;1575.0;2.4613;61779000.0;185;1537;0.1967703504900904;0.15135729388245525
17.0;365.0;0.2335533325873067;0.0094464;30.539;1575.0;2.4613;61779000.0;185;1537;0.2335533325873067;0.17632918387981733
17.0;730.0;0.2945531520453903;0.0094464;30.539;1575.0;2.4613;61779000.0;185;1537;0.2945531520453903;0.22734320330524785
17.0;3652.0;0.360705584925762;0.0094464;30.539;1575.0;2.4613;61779000.0;185;1537;0.360705584925762;0.28765426164679914
