Site;Rate;H Error;Slope;Elevation;LC;CW;Area;Coastal Vulnerability;Hydrological Vulnerability;Htest;HtestPred
27.0;1.0;0.0;0.014051;16.678;1725.0;2.7998;74036000.0;1984;3286;0.0;0.0
27.0;2.0;0.0038632200348545;0.014051;16.678;1725.0;2.7998;74036000.0;1984;3286;0.0038632200348545;0.003535754258395249
27.0;7.0;0.0167692720000393;0.014051;16.678;1725.0;2.7998;74036000.0;1984;3286;0.0167692720000393;0.013538623544073591
27.0;30.0;0.0493077354091983;0.014051;16.678;1725.0;2.7998;74036000.0;1984;3286;0.0493077354091983;0.040451385559626026
27.0;90.0;0.1184679900139628;0.014051;16.678;1725.0;2.7998;74036000.0;1984;3286;0.1184679900139628;0.10693606619609551
27.0;182.0;0.1933872963131468;0.014051;16.678;1725.0;2.7998;74036000.0;1984;3286;0.1933872963131468;0.1847359531462776
27.0;365.0;0.2420824054153631;0.014051;16.678;1725.0;2.7998;74036000.0;1984;3286;0.2420824054153631;0.21464947807233176
27.0;730.0;0.3365885671267685;0.014051;16.678;1725.0;2.7998;74036000.0;1984;3286;0.3365885671267685;0.2745171865918868
27.0;3652.0;0.4808045723297416;0.014051;16.678;1725.0;2.7998;74036000.0;1984;3286;0.4808045723297416;0.3472403367194939
