Site;Rate;H Error;Slope;Elevation;LC;CW;Area;Htest;HtestPred
4.0;1.0;0.0;0.023758;11.237;1425.0;2.5802;5203100.0;0.0;0.0
4.0;2.0;0.0029038378128997;0.023758;11.237;1425.0;2.5802;5203100.0;0.0029038378128997;0.003414614685400698
4.0;7.0;0.0135430090036463;0.023758;11.237;1425.0;2.5802;5203100.0;0.0135430090036463;0.014243791280084397
4.0;30.0;0.0343745209691433;0.023758;11.237;1425.0;2.5802;5203100.0;0.0343745209691433;0.04147783756135767
4.0;90.0;0.1283290709635083;0.023758;11.237;1425.0;2.5802;5203100.0;0.1283290709635083;0.10581257577782324
4.0;182.0;0.2632623530631015;0.023758;11.237;1425.0;2.5802;5203100.0;0.2632623530631015;0.15163946195486652
4.0;365.0;0.3843631902014273;0.023758;11.237;1425.0;2.5802;5203100.0;0.3843631902014273;0.17103320465906868
4.0;730.0;0.5794391772227295;0.023758;11.237;1425.0;2.5802;5203100.0;0.5794391772227295;0.21050600446792264
4.0;3652.0;0.784027044277768;0.023758;11.237;1425.0;2.5802;5203100.0;0.784027044277768;0.2623341057909375
