Site;Rate;H Error;Slope;Elevation;LC;CW;Area;Coastal Vulnerability;Hydrological Vulnerability;Satured Zone Area;Vulnerability Sum;Vulnerability Rate;Global Area of site (in cells);Htest;HtestPred
16.0;1.0;0.0;0.028223;29.454;1725.0;2.3301;81242000.0;1815;1330;5243;5258.6906540019645;0.193733077438917;27144;0.0;0.0
16.0;2.0;0.0031220060443771;0.028223;29.454;1725.0;2.3301;81242000.0;1815;1330;5243;5258.6906540019645;0.193733077438917;27144;0.0031220060443771;0.0036875090411090756
16.0;7.0;0.0119243259775783;0.028223;29.454;1725.0;2.3301;81242000.0;1815;1330;5243;5258.6906540019645;0.193733077438917;27144;0.0119243259775783;0.014974617653513336
16.0;30.0;0.0353137113675942;0.028223;29.454;1725.0;2.3301;81242000.0;1815;1330;5243;5258.6906540019645;0.193733077438917;27144;0.0353137113675942;0.044727634031541556
16.0;90.0;0.0895169299721877;0.028223;29.454;1725.0;2.3301;81242000.0;1815;1330;5243;5258.6906540019645;0.193733077438917;27144;0.0895169299721877;0.10788161419687693
16.0;182.0;0.170593776057579;0.028223;29.454;1725.0;2.3301;81242000.0;1815;1330;5243;5258.6906540019645;0.193733077438917;27144;0.170593776057579;0.19592047901659657
16.0;365.0;0.2097726621222561;0.028223;29.454;1725.0;2.3301;81242000.0;1815;1330;5243;5258.6906540019645;0.193733077438917;27144;0.2097726621222561;0.23191471659096746
16.0;730.0;0.2551800239400359;0.028223;29.454;1725.0;2.3301;81242000.0;1815;1330;5243;5258.6906540019645;0.193733077438917;27144;0.2551800239400359;0.3054908388638645
16.0;3652.0;0.3146286910434445;0.028223;29.454;1725.0;2.3301;81242000.0;1815;1330;5243;5258.6906540019645;0.193733077438917;27144;0.3146286910434445;0.3941439049714132
