Site;Rate;H Error;Slope;Elevation;LC;CW;Area;Htest;HtestPred
18.0;1.0;0.0;0.020719;6.3567;1425.0;2.2444;10912000.0;0.0;0.0
18.0;2.0;0.0016343316961933;0.020719;6.3567;1425.0;2.2444;10912000.0;0.0016343316961933;0.0028259153017016437
18.0;7.0;0.005121275722781;0.020719;6.3567;1425.0;2.2444;10912000.0;0.005121275722781;0.012254622523719573
18.0;30.0;0.013022431319224;0.020719;6.3567;1425.0;2.2444;10912000.0;0.013022431319224;0.030911676991521787
18.0;90.0;0.0274766933281444;0.020719;6.3567;1425.0;2.2444;10912000.0;0.0274766933281444;0.08426604141380427
18.0;182.0;0.0455999859724022;0.020719;6.3567;1425.0;2.2444;10912000.0;0.0455999859724022;0.15831588438744368
18.0;365.0;0.0481160170316837;0.020719;6.3567;1425.0;2.2444;10912000.0;0.0481160170316837;0.18389611142087767
18.0;730.0;0.0497953805544372;0.020719;6.3567;1425.0;2.2444;10912000.0;0.0497953805544372;0.23521661743393057
18.0;3652.0;0.0515095706017609;0.020719;6.3567;1425.0;2.2444;10912000.0;0.0515095706017609;0.29613344884651943
