Site;Rate;H Error;Slope;Elevation;LC;CW;Area;Htest;HtestPred
28.0;1.0;0.0;0.01485;11.186;1725.0;2.8374;22202000.0;0.0;0.0
28.0;2.0;0.004606022446235;0.01485;11.186;1725.0;2.8374;22202000.0;0.004606022446235;0.0028598920830419186
28.0;7.0;0.0195617896314203;0.01485;11.186;1725.0;2.8374;22202000.0;0.0195617896314203;0.012765459084059023
28.0;30.0;0.056126814949097;0.01485;11.186;1725.0;2.8374;22202000.0;0.056126814949097;0.034615108792331865
28.0;90.0;0.1550749403945858;0.01485;11.186;1725.0;2.8374;22202000.0;0.1550749403945858;0.08840333042657962
28.0;182.0;0.266160749072908;0.01485;11.186;1725.0;2.8374;22202000.0;0.266160749072908;0.14762996910462917
28.0;365.0;0.3230017153258779;0.01485;11.186;1725.0;2.8374;22202000.0;0.3230017153258779;0.17605199143172123
28.0;730.0;0.4079307738773825;0.01485;11.186;1725.0;2.8374;22202000.0;0.4079307738773825;0.24442459504267575
28.0;3652.0;0.5555097219092765;0.01485;11.186;1725.0;2.8374;22202000.0;0.5555097219092765;0.3189089682559227
