Site;Rate;H Error;Slope;Elevation;LC;CW;Area;Htest;HtestPred
13.0;1.0;0.0;0.017;7.6422;1650.0;2.9322;15452000.0;0.0;0.0
13.0;2.0;0.0022063438684162;0.017;7.6422;1650.0;2.9322;15452000.0;0.0022063438684162;0.0029141340638905466
13.0;7.0;0.0079049822077504;0.017;7.6422;1650.0;2.9322;15452000.0;0.0079049822077504;0.011945724091022496
13.0;30.0;0.021215598309817;0.017;7.6422;1650.0;2.9322;15452000.0;0.021215598309817;0.03283160685645493
13.0;90.0;0.0459743068795799;0.017;7.6422;1650.0;2.9322;15452000.0;0.0459743068795799;0.09632479808015812
13.0;182.0;0.0731496298288549;0.017;7.6422;1650.0;2.9322;15452000.0;0.0731496298288549;0.16376930473321447
13.0;365.0;0.0799346362186648;0.017;7.6422;1650.0;2.9322;15452000.0;0.0799346362186648;0.19745628212478147
13.0;730.0;0.0884871835852028;0.017;7.6422;1650.0;2.9322;15452000.0;0.0884871835852028;0.2874828271921349
13.0;3652.0;0.0993700430118872;0.017;7.6422;1650.0;2.9322;15452000.0;0.0993700430118872;0.3847944251554146
