Site;Rate;H Error;Satured Zone Area;Vulnerability Sum;Vulnerability Rate;Global Area of site (in cells);Htest;HtestPred
13.0;1.0;0.0;344;348.4827992023804;0.0703153347865981;4956;0.0;0.0
13.0;2.0;0.0022063438684162;344;348.4827992023804;0.0703153347865981;4956;0.0022063438684162;0.0024269813835687023
13.0;7.0;0.0079049822077504;344;348.4827992023804;0.0703153347865981;4956;0.0079049822077504;0.009997499741588721
13.0;30.0;0.021215598309817;344;348.4827992023804;0.0703153347865981;4956;0.021215598309817;0.026891040570132696
13.0;90.0;0.0459743068795799;344;348.4827992023804;0.0703153347865981;4956;0.0459743068795799;0.07153824400756212
13.0;182.0;0.0731496298288549;344;348.4827992023804;0.0703153347865981;4956;0.0731496298288549;0.08108960657340883
13.0;365.0;0.0799346362186648;344;348.4827992023804;0.0703153347865981;4956;0.0799346362186648;0.0853170181654488
13.0;730.0;0.0884871835852028;344;348.4827992023804;0.0703153347865981;4956;0.0884871835852028;0.1206339920323958
13.0;3652.0;0.0993700430118872;344;348.4827992023804;0.0703153347865981;4956;0.0993700430118872;0.18577095404478355
