Site;SubCatch;Rate;H Error;Slope;Elevation;LC;SAR;Area;Htest;HtestPred
19;2.0;1;0.0;1.2602037191391002;6.41334772109985;776.387057887321;1.0002951622009302;2655000;0.0;0.0
19;2.0;2;0.0071558985505027;1.2602037191391002;6.41334772109985;776.387057887321;1.0002951622009302;2655000;0.0071558985505027;0.004448877298890948
19;2.0;7;0.0309267692467264;1.2602037191391002;6.41334772109985;776.387057887321;1.0002951622009302;2655000;0.0309267692467264;0.020112197809203435
19;2.0;30;0.08763974510670901;1.2602037191391002;6.41334772109985;776.387057887321;1.0002951622009302;2655000;0.08763974510670901;0.05725620803972081
19;2.0;90;0.205911826402876;1.2602037191391002;6.41334772109985;776.387057887321;1.0002951622009302;2655000;0.205911826402876;0.19929917245830958
19;2.0;182;0.3451108524920454;1.2602037191391002;6.41334772109985;776.387057887321;1.0002951622009302;2655000;0.3451108524920454;0.2872496487281176
19;2.0;365;0.4082506829503288;1.2602037191391002;6.41334772109985;776.387057887321;1.0002951622009302;2655000;0.4082506829503288;0.35102979467045176
19;2.0;730;0.4493123002907788;1.2602037191391002;6.41334772109985;776.387057887321;1.0002951622009302;2655000;0.4493123002907788;0.4077299693091057
19;2.0;3652;0.4699589938324995;1.2602037191391002;6.41334772109985;776.387057887321;1.0002951622009302;2655000;0.4699589938324995;0.45698910137190907
