Site;Rate;H Error;Slope;Elevation;LC;CW;Area;Htest;HtestPred
6.0;1.0;0.0;0.036538;12.06;1425.0;2.4961;20902000.0;0.0;0.0
6.0;2.0;0.0032206439689154;0.036538;12.06;1425.0;2.4961;20902000.0;0.0032206439689154;0.0032100255273945426
6.0;7.0;0.0131985855861548;0.036538;12.06;1425.0;2.4961;20902000.0;0.0131985855861548;0.01395871422722097
6.0;30.0;0.0352018987493894;0.036538;12.06;1425.0;2.4961;20902000.0;0.0352018987493894;0.03561849342450277
6.0;90.0;0.0805447502647162;0.036538;12.06;1425.0;2.4961;20902000.0;0.0805447502647162;0.10317061688699351
6.0;182.0;0.1420184155417079;0.036538;12.06;1425.0;2.4961;20902000.0;0.1420184155417079;0.193933504990536
6.0;365.0;0.1622019124236216;0.036538;12.06;1425.0;2.4961;20902000.0;0.1622019124236216;0.22791768758309125
6.0;730.0;0.1886275265653157;0.036538;12.06;1425.0;2.4961;20902000.0;0.1886275265653157;0.2871718390534578
6.0;3652.0;0.2204814325790526;0.036538;12.06;1425.0;2.4961;20902000.0;0.2204814325790526;0.36087623260985374
