Site;Rate;H Error;Slope;Elevation;LC;CW;Area;Htest;HtestPred
24.0;1.0;0.0;0.038199;5.6431;2700.0;4.04;3735000.0;0.0;0.00023661676601521373
24.0;2.0;0.0024067949762981;0.038199;5.6431;2700.0;4.04;3735000.0;0.0024067949762981;0.0051047291625199685
24.0;7.0;0.011770072135544;0.038199;5.6431;2700.0;4.04;3735000.0;0.011770072135544;0.02212350838371419
24.0;30.0;0.0306645078478985;0.038199;5.6431;2700.0;4.04;3735000.0;0.0306645078478985;0.058441065396547094
24.0;90.0;0.101023784559261;0.038199;5.6431;2700.0;4.04;3735000.0;0.101023784559261;0.1689803605166355
24.0;182.0;0.260205628970361;0.038199;5.6431;2700.0;4.04;3735000.0;0.260205628970361;0.4320515587750739
24.0;365.0;0.3600814737994693;0.038199;5.6431;2700.0;4.04;3735000.0;0.3600814737994693;0.5169335727656024
24.0;730.0;0.5264062859373333;0.038199;5.6431;2700.0;4.04;3735000.0;0.5264062859373333;0.628038127359543
24.0;3652.0;0.6827578327244789;0.038199;5.6431;2700.0;4.04;3735000.0;0.6827578327244789;0.8718091015019965
