Site;Rate;H Error;Satured Zone Area;Vulnerability Sum;Vulnerability Rate;Global Area of site (in cells);Htest;HtestPred
4.0;1.0;0.0;1197;1198.4612599941795;0.228365331553769;5248;0.0;0.0
4.0;2.0;0.0029038378128997;1197;1198.4612599941795;0.228365331553769;5248;0.0029038378128997;0.0029881998505484563
4.0;7.0;0.0135430090036463;1197;1198.4612599941795;0.228365331553769;5248;0.0135430090036463;0.013840202223077636
4.0;30.0;0.0343745209691433;1197;1198.4612599941795;0.228365331553769;5248;0.0343745209691433;0.0363863980726962
4.0;90.0;0.1283290709635083;1197;1198.4612599941795;0.228365331553769;5248;0.1283290709635083;0.1083211145926372
4.0;182.0;0.2632623530631015;1197;1198.4612599941795;0.228365331553769;5248;0.2632623530631015;0.25642403104420575
4.0;365.0;0.3843631902014273;1197;1198.4612599941795;0.228365331553769;5248;0.3843631902014273;0.32539263564131427
4.0;730.0;0.5794391772227295;1197;1198.4612599941795;0.228365331553769;5248;0.5794391772227295;0.44751113950487914
4.0;3652.0;0.784027044277768;1197;1198.4612599941795;0.228365331553769;5248;0.784027044277768;0.5620944061741875
