Site;SubCatch;Rate;H Error;Slope;Elevation;LC;SAR;Area;CV;HV;Htest;HtestPred
38;5.0;1;0.0;5.880484104156491;198.908416748047;653.178292162341;1.00343871116638;4213125;0;79;0.0;0.0
38;5.0;2;0.0030507580111962;5.880484104156491;198.908416748047;653.178292162341;1.00343871116638;4213125;0;79;0.0030507580111962;0.002921404088138095
38;5.0;7;0.0126711251460026;5.880484104156491;198.908416748047;653.178292162341;1.00343871116638;4213125;0;79;0.0126711251460026;0.014777322625225414
38;5.0;30;0.0029197750948896;5.880484104156491;198.908416748047;653.178292162341;1.00343871116638;4213125;0;79;0.0029197750948896;0.029734190572312275
38;5.0;90;0.0822597009309457;5.880484104156491;198.908416748047;653.178292162341;1.00343871116638;4213125;0;79;0.0822597009309457;0.09250023917955705
38;5.0;182;0.1816653060011675;5.880484104156491;198.908416748047;653.178292162341;1.00343871116638;4213125;0;79;0.1816653060011675;0.0700837535163056
38;5.0;365;0.0029197750948896;5.880484104156491;198.908416748047;653.178292162341;1.00343871116638;4213125;0;79;0.0029197750948896;0.1485795144891904
38;5.0;730;0.0029197750948896;5.880484104156491;198.908416748047;653.178292162341;1.00343871116638;4213125;0;79;0.0029197750948896;0.10355946876425279
38;5.0;3652;0.0029197750948896;5.880484104156491;198.908416748047;653.178292162341;1.00343871116638;4213125;0;79;0.0029197750948896;0.1568691970991181
