Site;Rate;H Error;Slope;Elevation;LC;CW;Area;Coastal Vulnerability;Hydrological Vulnerability;Htest;HtestPred
19.0;1.0;0.0;0.0081185;2.4609;1725.0;2.6646;42446000.0;4766;251;0.0;0.0
19.0;2.0;0.0072548607901231;0.0081185;2.4609;1725.0;2.6646;42446000.0;4766;251;0.0072548607901231;0.003784917066276767
19.0;7.0;0.0313874267323508;0.0081185;2.4609;1725.0;2.6646;42446000.0;4766;251;0.0313874267323508;0.0145430635320902
19.0;30.0;0.0866235149493999;0.0081185;2.4609;1725.0;2.6646;42446000.0;4766;251;0.0866235149493999;0.04476356114559597
19.0;90.0;0.2019039969055668;0.0081185;2.4609;1725.0;2.6646;42446000.0;4766;251;0.2019039969055668;0.09681640327205723
19.0;182.0;0.3536643637347382;0.0081185;2.4609;1725.0;2.6646;42446000.0;4766;251;0.3536643637347382;0.14177364066967743
19.0;365.0;0.4183549524657499;0.0081185;2.4609;1725.0;2.6646;42446000.0;4766;251;0.4183549524657499;0.1577935490240493
19.0;730.0;0.4604984753848192;0.0081185;2.4609;1725.0;2.6646;42446000.0;4766;251;0.4604984753848192;0.18986532229315892
19.0;3652.0;0.4840729088696178;0.0081185;2.4609;1725.0;2.6646;42446000.0;4766;251;0.4840729088696178;0.24622412104174612
