Site;Rate;H Error;Slope;Elevation;LC;CW;Area;Htest;HtestPred
30.0;1.0;0.0;0.0094;7.9139;1800.0;2.0684;46513000.0;0.0;0.0
30.0;2.0;0.0022608700745166;0.0094;7.9139;1800.0;2.0684;46513000.0;0.0022608700745166;0.0032144772941277294
30.0;7.0;0.0081883475743393;0.0094;7.9139;1800.0;2.0684;46513000.0;0.0081883475743393;0.014057812881120712
30.0;30.0;0.0218219316716011;0.0094;7.9139;1800.0;2.0684;46513000.0;0.0218219316716011;0.03755923037959684
30.0;90.0;0.0470231990120249;0.0094;7.9139;1800.0;2.0684;46513000.0;0.0470231990120249;0.09475735613952901
30.0;182.0;0.0830117928014303;0.0094;7.9139;1800.0;2.0684;46513000.0;0.0830117928014303;0.18197823594871468
30.0;365.0;0.0943415440641389;0.0094;7.9139;1800.0;2.0684;46513000.0;0.0943415440641389;0.21097024629201042
30.0;730.0;0.1194789148185668;0.0094;7.9139;1800.0;2.0684;46513000.0;0.1194789148185668;0.2624211176768769
30.0;3652.0;0.168161841624186;0.0094;7.9139;1800.0;2.0684;46513000.0;0.168161841624186;0.32497687991559393
