Site;Rate;H Error;Satured Zone Area;Vulnerability Sum;Vulnerability Rate;Global Area of site (in cells);Htest;HtestPred
24.0;1.0;0.0;1389;1390.4447820750363;0.2024526473609546;6868;0.0;0.0
24.0;2.0;0.0024067949762981;1389;1390.4447820750363;0.2024526473609546;6868;0.0024067949762981;0.003678652207057769
24.0;7.0;0.011770072135544;1389;1390.4447820750363;0.2024526473609546;6868;0.011770072135544;0.01618812566542852
24.0;30.0;0.0306645078478985;1389;1390.4447820750363;0.2024526473609546;6868;0.0306645078478985;0.04050142607801215
24.0;90.0;0.101023784559261;1389;1390.4447820750363;0.2024526473609546;6868;0.101023784559261;0.1296826887605472
24.0;182.0;0.260205628970361;1389;1390.4447820750363;0.2024526473609546;6868;0.260205628970361;0.2825020940423555
24.0;365.0;0.3600814737994693;1389;1390.4447820750363;0.2024526473609546;6868;0.3600814737994693;0.3685313669838546
24.0;730.0;0.5264062859373333;1389;1390.4447820750363;0.2024526473609546;6868;0.5264062859373333;0.5086754906254569
24.0;3652.0;0.6827578327244789;1389;1390.4447820750363;0.2024526473609546;6868;0.6827578327244789;0.6271732418887999
