Site;Rate;H Error;Slope;Elevation;LC;CW;Area;Coastal Vulnerability;Hydrological Vulnerability;Htest;HtestPred
1.0;1.0;0.0;0.017383;14.031;1575.0;2.2527;57077000.0;1906;1033;0.0;0.0
1.0;2.0;0.0038793230649175;0.017383;14.031;1575.0;2.2527;57077000.0;1906;1033;0.0038793230649175;0.003421587300778713
1.0;7.0;0.0162088957219168;0.017383;14.031;1575.0;2.2527;57077000.0;1906;1033;0.0162088957219168;0.013611887333495325
1.0;30.0;0.0425305241829691;0.017383;14.031;1575.0;2.2527;57077000.0;1906;1033;0.0425305241829691;0.03895794518739179
1.0;90.0;0.1054010146558668;0.017383;14.031;1575.0;2.2527;57077000.0;1906;1033;0.1054010146558668;0.0897836104058304
1.0;182.0;0.193913249256011;0.017383;14.031;1575.0;2.2527;57077000.0;1906;1033;0.193913249256011;0.16456774861415283
1.0;365.0;0.2364798653552871;0.017383;14.031;1575.0;2.2527;57077000.0;1906;1033;0.2364798653552871;0.19161028514726938
1.0;730.0;0.3066294603669017;0.017383;14.031;1575.0;2.2527;57077000.0;1906;1033;0.3066294603669017;0.23875812248501121
1.0;3652.0;0.4135006551951883;0.017383;14.031;1575.0;2.2527;57077000.0;1906;1033;0.4135006551951883;0.2928484531940771
