Site;Rate;H Error;Slope;Elevation;LC;CW;Area;Coastal Vulnerability;Hydrological Vulnerability;Satured Zone Area;Vulnerability Sum;Vulnerability Rate;Global Area of site (in cells);Htest;HtestPred
29.0;1.0;0.0;0.0053882;3.0773;1650.0;2.1762;52942000.0;5638;395;2781;2888.103638568655;0.1484123144177108;19460;0.0;0.0
29.0;2.0;0.0046567319144672;0.0053882;3.0773;1650.0;2.1762;52942000.0;5638;395;2781;2888.103638568655;0.1484123144177108;19460;0.0046567319144672;0.005350065114134716
29.0;7.0;0.017704189066114;0.0053882;3.0773;1650.0;2.1762;52942000.0;5638;395;2781;2888.103638568655;0.1484123144177108;19460;0.017704189066114;0.021910083112239655
29.0;30.0;0.0532782227856177;0.0053882;3.0773;1650.0;2.1762;52942000.0;5638;395;2781;2888.103638568655;0.1484123144177108;19460;0.0532782227856177;0.05987874904392148
29.0;90.0;0.098923572533551;0.0053882;3.0773;1650.0;2.1762;52942000.0;5638;395;2781;2888.103638568655;0.1484123144177108;19460;0.098923572533551;0.12192532823962661
29.0;182.0;0.1766235976068475;0.0053882;3.0773;1650.0;2.1762;52942000.0;5638;395;2781;2888.103638568655;0.1484123144177108;19460;0.1766235976068475;0.25980341521197503
29.0;365.0;0.1971545989174654;0.0053882;3.0773;1650.0;2.1762;52942000.0;5638;395;2781;2888.103638568655;0.1484123144177108;19460;0.1971545989174654;0.2937368003055424
29.0;730.0;0.2433264378162048;0.0053882;3.0773;1650.0;2.1762;52942000.0;5638;395;2781;2888.103638568655;0.1484123144177108;19460;0.2433264378162048;0.33443830936061464
29.0;3652.0;0.2301542255238992;0.0053882;3.0773;1650.0;2.1762;52942000.0;5638;395;2781;2888.103638568655;0.1484123144177108;19460;0.2301542255238992;0.38531133268362516
