Site;Rate;H Error;Satured Zone Area;Vulnerability Sum;Vulnerability Rate;Global Area of site (in cells);Htest;HtestPred
17.0;1.0;0.0;1528;1534.9696842304736;0.089580956185029;17135;0.0;0.0
17.0;2.0;0.0036195277470909;1528;1534.9696842304736;0.089580956185029;17135;0.0036195277470909;0.005076710507736992
17.0;7.0;0.0154406150457085;1528;1534.9696842304736;0.089580956185029;17135;0.0154406150457085;0.021491161912481464
17.0;30.0;0.0413325160789286;1528;1534.9696842304736;0.089580956185029;17135;0.0413325160789286;0.06035087167593871
17.0;90.0;0.1067295865950587;1528;1534.9696842304736;0.089580956185029;17135;0.1067295865950587;0.13881746813442478
17.0;182.0;0.1967703504900904;1528;1534.9696842304736;0.089580956185029;17135;0.1967703504900904;0.27012186500685087
17.0;365.0;0.2335533325873067;1528;1534.9696842304736;0.089580956185029;17135;0.2335533325873067;0.30707046498749285
17.0;730.0;0.2945531520453903;1528;1534.9696842304736;0.089580956185029;17135;0.2945531520453903;0.34698124401188324
17.0;3652.0;0.360705584925762;1528;1534.9696842304736;0.089580956185029;17135;0.360705584925762;0.37613655504601445
