Site;Rate;H Error;Satured Zone Area;Vulnerability Sum;Vulnerability Rate;Global Area of site (in cells);Htest;HtestPred
8.0;1.0;0.0;4563;4571.162962892292;0.1912620486565812;23900;0.0;0.0
8.0;2.0;0.0024292213964008;4563;4571.162962892292;0.1912620486565812;23900;0.0024292213964008;0.003461158977098051
8.0;7.0;0.0098897397031194;4563;4571.162962892292;0.1912620486565812;23900;0.0098897397031194;0.01386610835099399
8.0;30.0;0.0261748518897128;4563;4571.162962892292;0.1912620486565812;23900;0.0261748518897128;0.03896674321759895
8.0;90.0;0.0692507301025263;4563;4571.162962892292;0.1912620486565812;23900;0.0692507301025263;0.09566235694954345
8.0;182.0;0.1350018125779318;4563;4571.162962892292;0.1912620486565812;23900;0.1350018125779318;0.17620696896356405
8.0;365.0;0.1669176491637847;4563;4571.162962892292;0.1912620486565812;23900;0.1669176491637847;0.20966812071816657
8.0;730.0;0.2290698705623457;4563;4571.162962892292;0.1912620486565812;23900;0.2290698705623457;0.2586421608556233
8.0;3652.0;0.2988454033579271;4563;4571.162962892292;0.1912620486565812;23900;0.2988454033579271;0.32155122201334896
