Site;SubCatch;Rate;H Error;Slope;Elevation;LC;SAR;Area;Htest;HtestPred
38;6.0;1;0.0;5.28587961196899;211.40745544433602;757.109391105869;1.00269019603729;5062500;0.0;1.8655812980467868e-05
38;6.0;2;0.0039622299882982;5.28587961196899;211.40745544433602;757.109391105869;1.00269019603729;5062500;0.0039622299882982;0.003467840290528028
38;6.0;7;0.0172407983129397;5.28587961196899;211.40745544433602;757.109391105869;1.00269019603729;5062500;0.0172407983129397;0.01682330852940614
38;6.0;30;0.0041158674944011;5.28587961196899;211.40745544433602;757.109391105869;1.00269019603729;5062500;0.0041158674944011;0.04299292757687748
38;6.0;90;0.1157690166150479;5.28587961196899;211.40745544433602;757.109391105869;1.00269019603729;5062500;0.1157690166150479;0.09071149046750746
38;6.0;182;0.2513486875081058;5.28587961196899;211.40745544433602;757.109391105869;1.00269019603729;5062500;0.2513486875081058;0.05901972769702431
38;6.0;365;0.0041158674944011;5.28587961196899;211.40745544433602;757.109391105869;1.00269019603729;5062500;0.0041158674944011;0.296079976529886
38;6.0;730;0.0041158674944011;5.28587961196899;211.40745544433602;757.109391105869;1.00269019603729;5062500;0.0041158674944011;0.20602072427727608
38;6.0;3652;0.0041158674944011;5.28587961196899;211.40745544433602;757.109391105869;1.00269019603729;5062500;0.0041158674944011;0.18042054682210967
