Site;Rate;H Error;Slope;Elevation;LC;CW;Area;Htest;HtestPred
6.0;1.0;0.0;0.036538;12.06;1425.0;2.4961;20902000.0;0.0;0.00023573104383408863
6.0;2.0;0.0032206439689154;0.036538;12.06;1425.0;2.4961;20902000.0;0.0032206439689154;0.002995176872769067
6.0;7.0;0.0131985855861548;0.036538;12.06;1425.0;2.4961;20902000.0;0.0131985855861548;0.012426188241225159
6.0;30.0;0.0352018987493894;0.036538;12.06;1425.0;2.4961;20902000.0;0.0352018987493894;0.03607222201753389
6.0;90.0;0.0805447502647162;0.036538;12.06;1425.0;2.4961;20902000.0;0.0805447502647162;0.09000847240177935
6.0;182.0;0.1420184155417079;0.036538;12.06;1425.0;2.4961;20902000.0;0.1420184155417079;0.16009430932721122
6.0;365.0;0.1622019124236216;0.036538;12.06;1425.0;2.4961;20902000.0;0.1622019124236216;0.1933768192739863
6.0;730.0;0.1886275265653157;0.036538;12.06;1425.0;2.4961;20902000.0;0.1886275265653157;0.25728953027919055
6.0;3652.0;0.2204814325790526;0.036538;12.06;1425.0;2.4961;20902000.0;0.2204814325790526;0.32996041088329015
