Site;Rate;H Error;Slope;Elevation;LC;CW;Area;Htest;HtestPred
21.0;1.0;0.0;0.033795;45.292;1350.0;2.4379;38571000.0;0.0;0.0
21.0;2.0;0.0035131589647779;0.033795;45.292;1350.0;2.4379;38571000.0;0.0035131589647779;0.003046000535502745
21.0;7.0;0.0149255446543165;0.033795;45.292;1350.0;2.4379;38571000.0;0.0149255446543165;0.012811613357279941
21.0;30.0;0.0354389533967742;0.033795;45.292;1350.0;2.4379;38571000.0;0.0354389533967742;0.03290583317703379
21.0;90.0;0.0986127877393275;0.033795;45.292;1350.0;2.4379;38571000.0;0.0986127877393275;0.0865883940534228
21.0;182.0;0.2030774731975679;0.033795;45.292;1350.0;2.4379;38571000.0;0.2030774731975679;0.1560921257888921
21.0;365.0;0.2486389168180759;0.033795;45.292;1350.0;2.4379;38571000.0;0.2486389168180759;0.179355606868312
21.0;730.0;0.3009557777986608;0.033795;45.292;1350.0;2.4379;38571000.0;0.3009557777986608;0.23090731716433566
21.0;3652.0;0.359974227568413;0.033795;45.292;1350.0;2.4379;38571000.0;0.359974227568413;0.30778153929204594
