Site;Rate;H Error;Slope;Elevation;LC;CW;Area;Htest;HtestPred
20.0;1.0;0.0;0.01503;11.743;1575.0;2.6242;36844000.0;0.0;0.0
20.0;2.0;0.0029849962343305;0.01503;11.743;1575.0;2.6242;36844000.0;0.0029849962343305;0.0036920934540361316
20.0;7.0;0.012403614336042;0.01503;11.743;1575.0;2.6242;36844000.0;0.012403614336042;0.015991831036545643
20.0;30.0;0.0363035232843364;0.01503;11.743;1575.0;2.6242;36844000.0;0.0363035232843364;0.040790647576803146
20.0;90.0;0.0939738204160915;0.01503;11.743;1575.0;2.6242;36844000.0;0.0939738204160915;0.11095783773891196
20.0;182.0;0.1580830569715796;0.01503;11.743;1575.0;2.6242;36844000.0;0.1580830569715796;0.194142265389477
20.0;365.0;0.1939241683831579;0.01503;11.743;1575.0;2.6242;36844000.0;0.1939241683831579;0.2276139257582031
20.0;730.0;0.2536156515933963;0.01503;11.743;1575.0;2.6242;36844000.0;0.2536156515933963;0.29171230222646666
20.0;3652.0;0.3341612039576478;0.01503;11.743;1575.0;2.6242;36844000.0;0.3341612039576478;0.3657911795486459
