Site;Rate;H Error;Slope;Elevation;LC;CW;Area;Coastal Vulnerability;Hydrological Vulnerability;Htest;HtestPred
22.0;1.0;0.0;0.0096528;32.229;1500.0;2.1629;67568000.0;215;2266;0.0;0.0
22.0;2.0;0.0025623977304338;0.0096528;32.229;1500.0;2.1629;67568000.0;215;2266;0.0025623977304338;0.0032844342716315885
22.0;7.0;0.0102307056616175;0.0096528;32.229;1500.0;2.1629;67568000.0;215;2266;0.0102307056616175;0.01388752528230631
22.0;30.0;0.026952018249273;0.0096528;32.229;1500.0;2.1629;67568000.0;215;2266;0.026952018249273;0.03594587789024986
22.0;90.0;0.0665826349200478;0.0096528;32.229;1500.0;2.1629;67568000.0;215;2266;0.0665826349200478;0.0891917144687802
22.0;182.0;0.1331744246574456;0.0096528;32.229;1500.0;2.1629;67568000.0;215;2266;0.1331744246574456;0.17373053697174495
22.0;365.0;0.159802943245865;0.0096528;32.229;1500.0;2.1629;67568000.0;215;2266;0.159802943245865;0.20283809285927032
22.0;730.0;0.2160474341072332;0.0096528;32.229;1500.0;2.1629;67568000.0;215;2266;0.2160474341072332;0.24604124705437133
22.0;3652.0;0.2821658600269947;0.0096528;32.229;1500.0;2.1629;67568000.0;215;2266;0.2821658600269947;0.30064126837939087
