Site;SubCatch;Rate;H Error;Slope;Elevation;LC;SAR;Area;Htest;HtestPred
39;4.0;1;0.0;8.75830936431885;162.546722412109;690.708946833643;1.0060504674911501;2925000;0.0;0.0
39;4.0;2;0.0051726260258397;8.75830936431885;162.546722412109;690.708946833643;1.0060504674911501;2925000;0.0051726260258397;0.0033877393056584307
39;4.0;7;0.022883333370144;8.75830936431885;162.546722412109;690.708946833643;1.0060504674911501;2925000;0.022883333370144;0.022168746055835048
39;4.0;30;0.0518588443308156;8.75830936431885;162.546722412109;690.708946833643;1.0060504674911501;2925000;0.0518588443308156;0.04279594617231747
39;4.0;90;0.1293810150574369;8.75830936431885;162.546722412109;690.708946833643;1.0060504674911501;2925000;0.1293810150574369;0.108506276632573
39;4.0;182;0.0029559590424926;8.75830936431885;162.546722412109;690.708946833643;1.0060504674911501;2925000;0.0029559590424926;0.09859323504312456
39;4.0;365;0.2837152939986176;8.75830936431885;162.546722412109;690.708946833643;1.0060504674911501;2925000;0.2837152939986176;0.23759756106886293
39;4.0;730;0.0029559590424926;8.75830936431885;162.546722412109;690.708946833643;1.0060504674911501;2925000;0.0029559590424926;0.15667343540524878
39;4.0;3652;0.3493891637918348;8.75830936431885;162.546722412109;690.708946833643;1.0060504674911501;2925000;0.3493891637918348;0.14709186247968617
