Site;Rate;H Error;Slope;Elevation;LC;CW;Area;Htest;HtestPred
29.0;1.0;0.0;0.0053882;3.0773;1650.0;2.1762;52942000.0;0.0;3.13874267323508e-05
29.0;2.0;0.0046567319144672;0.0053882;3.0773;1650.0;2.1762;52942000.0;0.0046567319144672;0.005196270246384814
29.0;7.0;0.017704189066114;0.0053882;3.0773;1650.0;2.1762;52942000.0;0.017704189066114;0.021535628987625528
29.0;30.0;0.0532782227856177;0.0053882;3.0773;1650.0;2.1762;52942000.0;0.0532782227856177;0.05553100372141824
29.0;90.0;0.098923572533551;0.0053882;3.0773;1650.0;2.1762;52942000.0;0.098923572533551;0.12528911448595162
29.0;182.0;0.1766235976068475;0.0053882;3.0773;1650.0;2.1762;52942000.0;0.1766235976068475;0.281176793363546
29.0;365.0;0.1971545989174654;0.0053882;3.0773;1650.0;2.1762;52942000.0;0.1971545989174654;0.31078254454094784
29.0;730.0;0.2433264378162048;0.0053882;3.0773;1650.0;2.1762;52942000.0;0.2433264378162048;0.3136017443415563
29.0;3652.0;0.2301542255238992;0.0053882;3.0773;1650.0;2.1762;52942000.0;0.2301542255238992;0.31517560259382604
