Site;Rate;H Error;Satured Zone Area;Vulnerability Sum;Vulnerability Rate;Global Area of site (in cells);Htest;HtestPred
22.0;1.0;0.0;635;645.0831063149186;0.0274456733455972;23504;0.0;0.0
22.0;2.0;0.0025623977304338;635;645.0831063149186;0.0274456733455972;23504;0.0025623977304338;0.003329317210975268
22.0;7.0;0.0102307056616175;635;645.0831063149186;0.0274456733455972;23504;0.0102307056616175;0.013753741632193553
22.0;30.0;0.026952018249273;635;645.0831063149186;0.0274456733455972;23504;0.026952018249273;0.03837598339854958
22.0;90.0;0.0665826349200478;635;645.0831063149186;0.0274456733455972;23504;0.0665826349200478;0.09839320568742065
22.0;182.0;0.1331744246574456;635;645.0831063149186;0.0274456733455972;23504;0.1331744246574456;0.16862223471723436
22.0;365.0;0.159802943245865;635;645.0831063149186;0.0274456733455972;23504;0.159802943245865;0.19692734300423237
22.0;730.0;0.2160474341072332;635;645.0831063149186;0.0274456733455972;23504;0.2160474341072332;0.25244526723688115
22.0;3652.0;0.2821658600269947;635;645.0831063149186;0.0274456733455972;23504;0.2821658600269947;0.3062229023622271
