Site;Rate;H Error;Slope;Elevation;LC;CW;Area;Coastal Vulnerability;Hydrological Vulnerability;Htest;HtestPred
14.0;1.0;0.0;0.0181479999999999;40.589;1425.0;1.7481;52751000.0;33;1653;0.0;0.0
14.0;2.0;0.0025659666410965;0.0181479999999999;40.589;1425.0;1.7481;52751000.0;33;1653;0.0025659666410965;0.0035282186404602413
14.0;7.0;0.0103738358831147;0.0181479999999999;40.589;1425.0;1.7481;52751000.0;33;1653;0.0103738358831147;0.016216280129757756
14.0;30.0;0.0275341640025388;0.0181479999999999;40.589;1425.0;1.7481;52751000.0;33;1653;0.0275341640025388;0.03677664587564879
14.0;90.0;0.0669928669115922;0.0181479999999999;40.589;1425.0;1.7481;52751000.0;33;1653;0.0669928669115922;0.09392592883053075
14.0;182.0;0.1215173863507666;0.0181479999999999;40.589;1425.0;1.7481;52751000.0;33;1653;0.1215173863507666;0.1628340333482816
14.0;365.0;0.1425932016706186;0.0181479999999999;40.589;1425.0;1.7481;52751000.0;33;1653;0.1425932016706186;0.1844526471654314
14.0;730.0;0.1853542925340359;0.0181479999999999;40.589;1425.0;1.7481;52751000.0;33;1653;0.1853542925340359;0.2315975539103232
14.0;3652.0;0.2711404842844023;0.0181479999999999;40.589;1425.0;1.7481;52751000.0;33;1653;0.2711404842844023;0.3038234969563157
