Site;Rate;H Error;Slope;Elevation;LC;CW;Area;Htest;HtestPred
4.0;1.0;0.0;0.023758;11.237;1425.0;2.5802;5203100.0;0.0;0.0
4.0;2.0;0.0029038378128997;0.023758;11.237;1425.0;2.5802;5203100.0;0.0029038378128997;0.0033957214145264236
4.0;7.0;0.0135430090036463;0.023758;11.237;1425.0;2.5802;5203100.0;0.0135430090036463;0.01427274791866811
4.0;30.0;0.0343745209691433;0.023758;11.237;1425.0;2.5802;5203100.0;0.0343745209691433;0.04182184662897403
4.0;90.0;0.1283290709635083;0.023758;11.237;1425.0;2.5802;5203100.0;0.1283290709635083;0.10365085544654715
4.0;182.0;0.2632623530631015;0.023758;11.237;1425.0;2.5802;5203100.0;0.2632623530631015;0.15718169507111154
4.0;365.0;0.3843631902014273;0.023758;11.237;1425.0;2.5802;5203100.0;0.3843631902014273;0.17961570334127955
4.0;730.0;0.5794391772227295;0.023758;11.237;1425.0;2.5802;5203100.0;0.5794391772227295;0.21959667765559704
4.0;3652.0;0.784027044277768;0.023758;11.237;1425.0;2.5802;5203100.0;0.784027044277768;0.27804967964287497
