Site;SubCatch;Rate;H Error;Slope;Elevation;LC;SAR;Area;Htest;HtestPred
37;2.0;1;0.0;3.50271368026733;111.66413879394501;562.1463405847239;1.0011284351348901;4674375;0.0;0.0
37;2.0;2;0.0041421631469509;3.50271368026733;111.66413879394501;562.1463405847239;1.0011284351348901;4674375;0.0041421631469509;0.003128985999030118
37;2.0;7;0.0185666163269423;3.50271368026733;111.66413879394501;562.1463405847239;1.0011284351348901;4674375;0.0185666163269423;0.01760321070230355
37;2.0;30;0.0412643172482057;3.50271368026733;111.66413879394501;562.1463405847239;1.0011284351348901;4674375;0.0412643172482057;0.0338537178225538
37;2.0;90;0.1521723189481406;3.50271368026733;111.66413879394501;562.1463405847239;1.0011284351348901;4674375;0.1521723189481406;0.11054947799783817
37;2.0;182;0.3077776392385274;3.50271368026733;111.66413879394501;562.1463405847239;1.0011284351348901;4674375;0.3077776392385274;0.19341535624997477
37;2.0;365;5.6709551800989174e-05;3.50271368026733;111.66413879394501;562.1463405847239;1.0011284351348901;4674375;5.6709551800989174e-05;0.17212525870670123
37;2.0;730;0.8350114315482111;3.50271368026733;111.66413879394501;562.1463405847239;1.0011284351348901;4674375;0.8350114315482111;0.2315290636481309
37;2.0;3652;5.6709551800989174e-05;3.50271368026733;111.66413879394501;562.1463405847239;1.0011284351348901;4674375;5.6709551800989174e-05;0.03567989004273112
