Site;Rate;H Error;Satured Zone Area;Vulnerability Sum;Vulnerability Rate;Global Area of site (in cells);Htest;HtestPred
16.0;1.0;0.0;5243;5258.6906540019645;0.193733077438917;27144;0.0;0.0
16.0;2.0;0.0031220060443771;5243;5258.6906540019645;0.193733077438917;27144;0.0031220060443771;0.0028638796017623393
16.0;7.0;0.0119243259775783;5243;5258.6906540019645;0.193733077438917;27144;0.0119243259775783;0.012101491930010196
16.0;30.0;0.0353137113675942;5243;5258.6906540019645;0.193733077438917;27144;0.0353137113675942;0.030875101375534463
16.0;90.0;0.0895169299721877;5243;5258.6906540019645;0.193733077438917;27144;0.0895169299721877;0.07987715962871024
16.0;182.0;0.170593776057579;5243;5258.6906540019645;0.193733077438917;27144;0.170593776057579;0.14803193132999
16.0;365.0;0.2097726621222561;5243;5258.6906540019645;0.193733077438917;27144;0.2097726621222561;0.176693513354718
16.0;730.0;0.2551800239400359;5243;5258.6906540019645;0.193733077438917;27144;0.2551800239400359;0.23864837887811585
16.0;3652.0;0.3146286910434445;5243;5258.6906540019645;0.193733077438917;27144;0.3146286910434445;0.30520444959986276
