Site;Rate;H Error;Slope;Elevation;LC;CW;Area;Htest;HtestPred
25.0;1.0;0.0;0.02218;48.571;1350.0;1.8653;59490000.0;0.0;0.0
25.0;2.0;0.0027349948639427;0.02218;48.571;1350.0;1.8653;59490000.0;0.0027349948639427;0.0029525348705461037
25.0;7.0;0.0113878859696152;0.02218;48.571;1350.0;1.8653;59490000.0;0.0113878859696152;0.012425892962691604
25.0;30.0;0.0289246948751953;0.02218;48.571;1350.0;1.8653;59490000.0;0.0289246948751953;0.03179277176754036
25.0;90.0;0.0734978659430122;0.02218;48.571;1350.0;1.8653;59490000.0;0.0734978659430122;0.07865048848082791
25.0;182.0;0.137609810009888;0.02218;48.571;1350.0;1.8653;59490000.0;0.137609810009888;0.15268973064612207
25.0;365.0;0.1586114600447141;0.02218;48.571;1350.0;1.8653;59490000.0;0.1586114600447141;0.17625070055650816
25.0;730.0;0.1940339436318247;0.02218;48.571;1350.0;1.8653;59490000.0;0.1940339436318247;0.2344110574992542
25.0;3652.0;0.2399666736275057;0.02218;48.571;1350.0;1.8653;59490000.0;0.2399666736275057;0.3215092037986976
