Site;Rate;H Error;Slope;Elevation;LC;CW;Area;Coastal Vulnerability;Hydrological Vulnerability;Satured Zone Area;Vulnerability Sum;Vulnerability Rate;Global Area of site (in cells);Htest;HtestPred
3.0;1.0;0.0;0.00057374;10.704;1425.0;2.0877;20256000.0;831;561;8700;8744.7282976493;0.2512852959094626;34800;0.0;0.0
3.0;2.0;0.0037050268572391;0.00057374;10.704;1425.0;2.0877;20256000.0;831;561;8700;8744.7282976493;0.2512852959094626;34800;0.0037050268572391;0.0032184125368004634
3.0;7.0;0.015395923499432;0.00057374;10.704;1425.0;2.0877;20256000.0;831;561;8700;8744.7282976493;0.2512852959094626;34800;0.015395923499432;0.01315109818679543
3.0;30.0;0.0404493979934081;0.00057374;10.704;1425.0;2.0877;20256000.0;831;561;8700;8744.7282976493;0.2512852959094626;34800;0.0404493979934081;0.033353761408249465
3.0;90.0;0.1027571012342629;0.00057374;10.704;1425.0;2.0877;20256000.0;831;561;8700;8744.7282976493;0.2512852959094626;34800;0.1027571012342629;0.08291290979812943
3.0;182.0;0.1874998532504132;0.00057374;10.704;1425.0;2.0877;20256000.0;831;561;8700;8744.7282976493;0.2512852959094626;34800;0.1874998532504132;0.15950080462913543
3.0;365.0;0.2184592788548915;0.00057374;10.704;1425.0;2.0877;20256000.0;831;561;8700;8744.7282976493;0.2512852959094626;34800;0.2184592788548915;0.18367644274406994
3.0;730.0;0.2706465721432402;0.00057374;10.704;1425.0;2.0877;20256000.0;831;561;8700;8744.7282976493;0.2512852959094626;34800;0.2706465721432402;0.23504793469711222
3.0;3652.0;0.3404824929883649;0.00057374;10.704;1425.0;2.0877;20256000.0;831;561;8700;8744.7282976493;0.2512852959094626;34800;0.3404824929883649;0.29556439869997075
