Site;Rate;H Error;Slope;Elevation;LC;CW;Area;Htest;HtestPred
29.0;1.0;0.0;0.0053882;3.0773;1650.0;2.1762;52942000.0;0.0;3.13874267323508e-05
29.0;2.0;0.0046567319144672;0.0053882;3.0773;1650.0;2.1762;52942000.0;0.0046567319144672;0.005187881689970111
29.0;7.0;0.017704189066114;0.0053882;3.0773;1650.0;2.1762;52942000.0;0.017704189066114;0.02170783363957631
29.0;30.0;0.0532782227856177;0.0053882;3.0773;1650.0;2.1762;52942000.0;0.0532782227856177;0.05680191887667007
29.0;90.0;0.098923572533551;0.0053882;3.0773;1650.0;2.1762;52942000.0;0.098923572533551;0.12625651924943831
29.0;182.0;0.1766235976068475;0.0053882;3.0773;1650.0;2.1762;52942000.0;0.1766235976068475;0.27819038704983484
29.0;365.0;0.1971545989174654;0.0053882;3.0773;1650.0;2.1762;52942000.0;0.1971545989174654;0.3093051523552903
29.0;730.0;0.2433264378162048;0.0053882;3.0773;1650.0;2.1762;52942000.0;0.2433264378162048;0.3243303740995505
29.0;3652.0;0.2301542255238992;0.0053882;3.0773;1650.0;2.1762;52942000.0;0.2301542255238992;0.320844812255816
