Site;Rate;H Error;Slope;Elevation;LC;CW;Area;Htest;HtestPred
6.0;1.0;0.0;0.036538;12.06;1425.0;2.4961;20902000.0;0.0;0.0
6.0;2.0;0.0032206439689154;0.036538;12.06;1425.0;2.4961;20902000.0;0.0032206439689154;0.0032651061917646556
6.0;7.0;0.0131985855861548;0.036538;12.06;1425.0;2.4961;20902000.0;0.0131985855861548;0.014016589566858521
6.0;30.0;0.0352018987493894;0.036538;12.06;1425.0;2.4961;20902000.0;0.0352018987493894;0.03584008703336618
6.0;90.0;0.0805447502647162;0.036538;12.06;1425.0;2.4961;20902000.0;0.0805447502647162;0.10375797217502486
6.0;182.0;0.1420184155417079;0.036538;12.06;1425.0;2.4961;20902000.0;0.1420184155417079;0.1941735656202436
6.0;365.0;0.1622019124236216;0.036538;12.06;1425.0;2.4961;20902000.0;0.1622019124236216;0.2282125877925887
6.0;730.0;0.1886275265653157;0.036538;12.06;1425.0;2.4961;20902000.0;0.1886275265653157;0.2871747195613538
6.0;3652.0;0.2204814325790526;0.036538;12.06;1425.0;2.4961;20902000.0;0.2204814325790526;0.3581064862799713
