Site;Rate;H Error;Slope;Elevation;LC;CW;Area;Htest;HtestPred
30.0;1.0;0.0;0.0094;7.9139;1800.0;2.0684;46513000.0;0.0;0.0
30.0;2.0;0.0022608700745166;0.0094;7.9139;1800.0;2.0684;46513000.0;0.0022608700745166;0.0032076259540236404
30.0;7.0;0.0081883475743393;0.0094;7.9139;1800.0;2.0684;46513000.0;0.0081883475743393;0.013957163624009835
30.0;30.0;0.0218219316716011;0.0094;7.9139;1800.0;2.0684;46513000.0;0.0218219316716011;0.0374212559122835
30.0;90.0;0.0470231990120249;0.0094;7.9139;1800.0;2.0684;46513000.0;0.0470231990120249;0.09449253175835581
30.0;182.0;0.0830117928014303;0.0094;7.9139;1800.0;2.0684;46513000.0;0.0830117928014303;0.18107603277800446
30.0;365.0;0.0943415440641389;0.0094;7.9139;1800.0;2.0684;46513000.0;0.0943415440641389;0.20917923774653752
30.0;730.0;0.1194789148185668;0.0094;7.9139;1800.0;2.0684;46513000.0;0.1194789148185668;0.26181092467522477
30.0;3652.0;0.16816184162418601;0.0094;7.9139;1800.0;2.0684;46513000.0;0.16816184162418601;0.3235316115275216
