Site;SubCatch;Rate;H Error;Slope;Elevation;LC;SAR;Area;CV;HV;Htest;HtestPred
13;1.0;1;0.0;2.14901995658875;36.8184242248535;651.975405590372;1.00076246261597;6030000;70;334;0.0;7.922802564910444e-06
13;1.0;2;0.0021907661877500002;2.14901995658875;36.8184242248535;651.975405590372;1.00076246261597;6030000;70;334;0.0021907661877500002;0.004045644503338321
13;1.0;7;0.0078209552446462;2.14901995658875;36.8184242248535;651.975405590372;1.00076246261597;6030000;70;334;0.0078209552446462;0.016311743452573874
13;1.0;30;0.0209638745757345;2.14901995658875;36.8184242248535;651.975405590372;1.00076246261597;6030000;70;334;0.0209638745757345;0.0373108966819425
13;1.0;90;0.0446745249151832;2.14901995658875;36.8184242248535;651.975405590372;1.00076246261597;6030000;70;334;0.0446745249151832;0.11824281437858052
13;1.0;182;0.0700795822606453;2.14901995658875;36.8184242248535;651.975405590372;1.00076246261597;6030000;70;334;0.0700795822606453;0.14039345393721187
13;1.0;365;0.0762418458720259;2.14901995658875;36.8184242248535;651.975405590372;1.00076246261597;6030000;70;334;0.0762418458720259;0.21448148430391045
13;1.0;730;0.0843606725548013;2.14901995658875;36.8184242248535;651.975405590372;1.00076246261597;6030000;70;334;0.0843606725548013;0.19780800720183345
13;1.0;3652;0.0952641511758487;2.14901995658875;36.8184242248535;651.975405590372;1.00076246261597;6030000;70;334;0.0952641511758487;0.2565627817549828
