Site;Rate;H Error;Slope;Elevation;LC;CW;Area;Htest;HtestPred
2.0;1.0;0.0;0.0029846;8.0214;1725.0;2.2279;16571000.0;0.0;0.0
2.0;2.0;0.0024436471432086;0.0029846;8.0214;1725.0;2.2279;16571000.0;0.0024436471432086;0.003122755728613689
2.0;7.0;0.0100550818986154;0.0029846;8.0214;1725.0;2.2279;16571000.0;0.0100550818986154;0.01247803977291959
2.0;30.0;0.0266639212930479;0.0029846;8.0214;1725.0;2.2279;16571000.0;0.0266639212930479;0.03428667264342086
2.0;90.0;0.0681692089993866;0.0029846;8.0214;1725.0;2.2279;16571000.0;0.0681692089993866;0.08116003790108546
2.0;182.0;0.1240271398199594;0.0029846;8.0214;1725.0;2.2279;16571000.0;0.1240271398199594;0.11088497202189995
2.0;365.0;0.1477079402484747;0.0029846;8.0214;1725.0;2.2279;16571000.0;0.1477079402484747;0.12495764383500124
2.0;730.0;0.1872937575247316;0.0029846;8.0214;1725.0;2.2279;16571000.0;0.1872937575247316;0.15593360304171422
2.0;3652.0;0.2417057915520439;0.0029846;8.0214;1725.0;2.2279;16571000.0;0.2417057915520439;0.21946400111783218
