Site;SubCatch;Rate;H Error;Slope;Elevation;LC;SAR;Area;Htest;HtestPred
35;8.0;1;0.0;2.6825258731842;30.349229812622102;831.465742067271;1.0006610155105602;1462500;0.0;0.0017567372521240935
35;8.0;2;0.0055401589824067;2.6825258731842;30.349229812622102;831.465742067271;1.0006610155105602;1462500;0.0055401589824067;0.004634426279083317
35;8.0;7;0.0220042841097064;2.6825258731842;30.349229812622102;831.465742067271;1.0006610155105602;1462500;0.0220042841097064;0.015469650302076352
35;8.0;30;0.0641604967373154;2.6825258731842;30.349229812622102;831.465742067271;1.0006610155105602;1462500;0.0641604967373154;0.043956339868841385
35;8.0;90;0.1574924495483183;2.6825258731842;30.349229812622102;831.465742067271;1.0006610155105602;1462500;0.1574924495483183;0.14508384818434966
35;8.0;182;0.0036062255865010003;2.6825258731842;30.349229812622102;831.465742067271;1.0006610155105602;1462500;0.0036062255865010003;0.17578158669359742
35;8.0;365;0.2890753593228852;2.6825258731842;30.349229812622102;831.465742067271;1.0006610155105602;1462500;0.2890753593228852;0.27224320319999284
35;8.0;730;0.0036062255865010003;2.6825258731842;30.349229812622102;831.465742067271;1.0006610155105602;1462500;0.0036062255865010003;0.3881412956322704
35;8.0;3652;0.0036062255865010003;2.6825258731842;30.349229812622102;831.465742067271;1.0006610155105602;1462500;0.0036062255865010003;0.5882036331999677
