Site;Rate;H Error;Slope;Elevation;LC;CW;Area;Coastal Vulnerability;Hydrological Vulnerability;Satured Zone Area;Vulnerability Sum;Vulnerability Rate;Global Area of site (in cells);Htest;HtestPred
21.0;1.0;0.0;0.033795;45.292;1350.0;2.4379;38571000.0;0;931;358;368.7536084106853;0.0231077583914453;15958;0.0;0.0
21.0;2.0;0.0035131589647779;0.033795;45.292;1350.0;2.4379;38571000.0;0;931;358;368.7536084106853;0.0231077583914453;15958;0.0035131589647779;0.0029108796651482714
21.0;7.0;0.0149255446543165;0.033795;45.292;1350.0;2.4379;38571000.0;0;931;358;368.7536084106853;0.0231077583914453;15958;0.0149255446543165;0.012033881793761353
21.0;30.0;0.0354389533967742;0.033795;45.292;1350.0;2.4379;38571000.0;0;931;358;368.7536084106853;0.0231077583914453;15958;0.0354389533967742;0.030774213673577896
21.0;90.0;0.0986127877393275;0.033795;45.292;1350.0;2.4379;38571000.0;0;931;358;368.7536084106853;0.0231077583914453;15958;0.0986127877393275;0.08034251926865382
21.0;182.0;0.2030774731975679;0.033795;45.292;1350.0;2.4379;38571000.0;0;931;358;368.7536084106853;0.0231077583914453;15958;0.2030774731975679;0.09146479773186908
21.0;365.0;0.2486389168180759;0.033795;45.292;1350.0;2.4379;38571000.0;0;931;358;368.7536084106853;0.0231077583914453;15958;0.2486389168180759;0.1030805568642333
21.0;730.0;0.3009557777986608;0.033795;45.292;1350.0;2.4379;38571000.0;0;931;358;368.7536084106853;0.0231077583914453;15958;0.3009557777986608;0.13959880484389858
21.0;3652.0;0.359974227568413;0.033795;45.292;1350.0;2.4379;38571000.0;0;931;358;368.7536084106853;0.0231077583914453;15958;0.359974227568413;0.19539330715144995
