Site;SubCatch;Rate;H Error;Slope;Elevation;LC;SAR;Area;CV;HV;Htest;HtestPred
33;7.0;1;0.0;4.862651348114009;84.234375;526.098333947334;1.0023473501205402;3436875;0;35;0.0;0.0
33;7.0;2;0.0024822141967547;4.862651348114009;84.234375;526.098333947334;1.0023473501205402;3436875;0;35;0.0024822141967547;0.0026174550993898595
33;7.0;7;0.0077755379352878;4.862651348114009;84.234375;526.098333947334;1.0023473501205402;3436875;0;35;0.0077755379352878;0.014517188142574432
33;7.0;30;0.019899778640194998;4.862651348114009;84.234375;526.098333947334;1.0023473501205402;3436875;0;35;0.019899778640194998;0.03187601121006389
33;7.0;90;0.0024822141967547;4.862651348114009;84.234375;526.098333947334;1.0023473501205402;3436875;0;35;0.0024822141967547;0.08348817106344071
33;7.0;182;0.0024822141967547;4.862651348114009;84.234375;526.098333947334;1.0023473501205402;3436875;0;35;0.0024822141967547;0.12465496887254138
33;7.0;365;0.0940651214389879;4.862651348114009;84.234375;526.098333947334;1.0023473501205402;3436875;0;35;0.0940651214389879;0.16848931584100252
33;7.0;730;0.1022949628701073;4.862651348114009;84.234375;526.098333947334;1.0023473501205402;3436875;0;35;0.1022949628701073;0.26962850869844357
33;7.0;3652;0.0024822141967547;4.862651348114009;84.234375;526.098333947334;1.0023473501205402;3436875;0;35;0.0024822141967547;0.053103609907523934
