Site;Rate;H Error;Satured Zone Area;Vulnerability Sum;Vulnerability Rate;Global Area of site (in cells);Htest;HtestPred
30.0;1.0;0.0;19157;19204.851461680548;0.3934130502638592;48816;0.0;0.0
30.0;2.0;0.0022608700745166;19157;19204.851461680548;0.3934130502638592;48816;0.0022608700745166;0.0037773782675252793
30.0;7.0;0.0081883475743393;19157;19204.851461680548;0.3934130502638592;48816;0.0081883475743393;0.016066815298577848
30.0;30.0;0.0218219316716011;19157;19204.851461680548;0.3934130502638592;48816;0.0218219316716011;0.04460076567980694
30.0;90.0;0.0470231990120249;19157;19204.851461680548;0.3934130502638592;48816;0.0470231990120249;0.1213790079047207
30.0;182.0;0.0830117928014303;19157;19204.851461680548;0.3934130502638592;48816;0.0830117928014303;0.1801367845018733
30.0;365.0;0.0943415440641389;19157;19204.851461680548;0.3934130502638592;48816;0.0943415440641389;0.20990435289393267
30.0;730.0;0.1194789148185668;19157;19204.851461680548;0.3934130502638592;48816;0.1194789148185668;0.27515814806400135
30.0;3652.0;0.168161841624186;19157;19204.851461680548;0.3934130502638592;48816;0.168161841624186;0.42358587534113057
