Site;Rate;H Error;Slope;Elevation;LC;CW;Area;Coastal Vulnerability;Hydrological Vulnerability;Satured Zone Area;Vulnerability Sum;Vulnerability Rate;Global Area of site (in cells);Htest;HtestPred
12.0;1.0;0.0;0.041692;15.048;1425.0;2.0142;95816000.0;2394;2320;2772;2829.498026450184;0.0589847410141793;47970;0.0;0.0
12.0;2.0;0.0031172366230168;0.041692;15.048;1425.0;2.0142;95816000.0;2394;2320;2772;2829.498026450184;0.0589847410141793;47970;0.0031172366230168;0.0034681242455346694
12.0;7.0;0.0119980742691852;0.041692;15.048;1425.0;2.0142;95816000.0;2394;2320;2772;2829.498026450184;0.0589847410141793;47970;0.0119980742691852;0.013818259874986949
12.0;30.0;0.0336530456759948;0.041692;15.048;1425.0;2.0142;95816000.0;2394;2320;2772;2829.498026450184;0.0589847410141793;47970;0.0336530456759948;0.04086143436569195
12.0;90.0;0.0730083632551525;0.041692;15.048;1425.0;2.0142;95816000.0;2394;2320;2772;2829.498026450184;0.0589847410141793;47970;0.0730083632551525;0.08934578398669585
12.0;182.0;0.1222048385002407;0.041692;15.048;1425.0;2.0142;95816000.0;2394;2320;2772;2829.498026450184;0.0589847410141793;47970;0.1222048385002407;0.16927434872753502
12.0;365.0;0.1401841306625733;0.041692;15.048;1425.0;2.0142;95816000.0;2394;2320;2772;2829.498026450184;0.0589847410141793;47970;0.1401841306625733;0.1947007535337682
12.0;730.0;0.1678353858801527;0.041692;15.048;1425.0;2.0142;95816000.0;2394;2320;2772;2829.498026450184;0.0589847410141793;47970;0.1678353858801527;0.24528753222122257
12.0;3652.0;0.2076715457193804;0.041692;15.048;1425.0;2.0142;95816000.0;2394;2320;2772;2829.498026450184;0.0589847410141793;47970;0.2076715457193804;0.30559051719772784
