Site;SubCatch;Rate;H Error;Slope;Elevation;LC;SAR;Area;Htest;HtestPred
35;8.0;1;0.0;2.6825258731842;30.349229812622102;831.465742067271;1.0006610155105602;1462500;0.0;0.0020672616403678823
35;8.0;2;0.0055401589824067;2.6825258731842;30.349229812622102;831.465742067271;1.0006610155105602;1462500;0.0055401589824067;0.005279898837644432
35;8.0;7;0.0220042841097064;2.6825258731842;30.349229812622102;831.465742067271;1.0006610155105602;1462500;0.0220042841097064;0.01587112170263191
35;8.0;30;0.0641604967373154;2.6825258731842;30.349229812622102;831.465742067271;1.0006610155105602;1462500;0.0641604967373154;0.04416126345237605
35;8.0;90;0.1574924495483183;2.6825258731842;30.349229812622102;831.465742067271;1.0006610155105602;1462500;0.1574924495483183;0.17750946794006867
35;8.0;182;0.0036062255865010003;2.6825258731842;30.349229812622102;831.465742067271;1.0006610155105602;1462500;0.0036062255865010003;0.22038304409421514
35;8.0;365;0.2890753593228852;2.6825258731842;30.349229812622102;831.465742067271;1.0006610155105602;1462500;0.2890753593228852;0.32680059796521255
35;8.0;730;0.0036062255865010003;2.6825258731842;30.349229812622102;831.465742067271;1.0006610155105602;1462500;0.0036062255865010003;0.44116404691432265
35;8.0;3652;0.0036062255865010003;2.6825258731842;30.349229812622102;831.465742067271;1.0006610155105602;1462500;0.0036062255865010003;0.6040224309199619
