Site;Rate;H Error;Slope;Elevation;LC;CW;Area;Coastal Vulnerability;Hydrological Vulnerability;Satured Zone Area;Vulnerability Sum;Vulnerability Rate;Global Area of site (in cells);Htest;HtestPred
28.0;1.0;0.0;0.01485;11.186;1725.0;2.8374;22202000.0;1003;448;634;642.8226160394078;0.0664347474203604;9676;0.0;0.0
28.0;2.0;0.004606022446235;0.01485;11.186;1725.0;2.8374;22202000.0;1003;448;634;642.8226160394078;0.0664347474203604;9676;0.004606022446235;0.0027332747589709256
28.0;7.0;0.0195617896314203;0.01485;11.186;1725.0;2.8374;22202000.0;1003;448;634;642.8226160394078;0.0664347474203604;9676;0.0195617896314203;0.011963704113069124
28.0;30.0;0.056126814949097;0.01485;11.186;1725.0;2.8374;22202000.0;1003;448;634;642.8226160394078;0.0664347474203604;9676;0.056126814949097;0.034028828335820244
28.0;90.0;0.1550749403945858;0.01485;11.186;1725.0;2.8374;22202000.0;1003;448;634;642.8226160394078;0.0664347474203604;9676;0.1550749403945858;0.0802506148810141
28.0;182.0;0.266160749072908;0.01485;11.186;1725.0;2.8374;22202000.0;1003;448;634;642.8226160394078;0.0664347474203604;9676;0.266160749072908;0.1261548904430391
28.0;365.0;0.3230017153258779;0.01485;11.186;1725.0;2.8374;22202000.0;1003;448;634;642.8226160394078;0.0664347474203604;9676;0.3230017153258779;0.14480341342009256
28.0;730.0;0.4079307738773825;0.01485;11.186;1725.0;2.8374;22202000.0;1003;448;634;642.8226160394078;0.0664347474203604;9676;0.4079307738773825;0.19465852167864311
28.0;3652.0;0.5555097219092765;0.01485;11.186;1725.0;2.8374;22202000.0;1003;448;634;642.8226160394078;0.0664347474203604;9676;0.5555097219092765;0.2548402075815596
