Site;Rate;H Error;Slope;Elevation;LC;CW;Area;Coastal Vulnerability;Hydrological Vulnerability;Satured Zone Area;Vulnerability Sum;Vulnerability Rate;Global Area of site (in cells);Htest;HtestPred
17.0;1.0;0.0;0.0094464;30.539;1575.0;2.4613;61779000.0;185;1537;1528;1534.9696842304736;0.089580956185029;17135;0.0;0.0
17.0;2.0;0.0036195277470909;0.0094464;30.539;1575.0;2.4613;61779000.0;185;1537;1528;1534.9696842304736;0.089580956185029;17135;0.0036195277470909;0.0029428152702152335
17.0;7.0;0.0154406150457085;0.0094464;30.539;1575.0;2.4613;61779000.0;185;1537;1528;1534.9696842304736;0.089580956185029;17135;0.0154406150457085;0.012385126476829954
17.0;30.0;0.0413325160789286;0.0094464;30.539;1575.0;2.4613;61779000.0;185;1537;1528;1534.9696842304736;0.089580956185029;17135;0.0413325160789286;0.03232801344939643
17.0;90.0;0.1067295865950587;0.0094464;30.539;1575.0;2.4613;61779000.0;185;1537;1528;1534.9696842304736;0.089580956185029;17135;0.1067295865950587;0.09031703499087926
17.0;182.0;0.1967703504900904;0.0094464;30.539;1575.0;2.4613;61779000.0;185;1537;1528;1534.9696842304736;0.089580956185029;17135;0.1967703504900904;0.16387017025945608
17.0;365.0;0.2335533325873067;0.0094464;30.539;1575.0;2.4613;61779000.0;185;1537;1528;1534.9696842304736;0.089580956185029;17135;0.2335533325873067;0.19232422460316626
17.0;730.0;0.2945531520453903;0.0094464;30.539;1575.0;2.4613;61779000.0;185;1537;1528;1534.9696842304736;0.089580956185029;17135;0.2945531520453903;0.23775102110884108
17.0;3652.0;0.36070558492576205;0.0094464;30.539;1575.0;2.4613;61779000.0;185;1537;1528;1534.9696842304736;0.089580956185029;17135;0.36070558492576205;0.2991118425116081
