Site;SubCatch;Rate;H Error;Slope;Elevation;LC;SAR;Area;Htest;HtestPred
38;3.0;1;0.0;8.25208187103272;241.065704345703;534.449348719106;1.00637483596802;8330625;0.0;5.013045611515201e-06
38;3.0;2;0.0066687622083071;8.25208187103272;241.065704345703;534.449348719106;1.00637483596802;8330625;0.0066687622083071;0.004304831967908473
38;3.0;7;0.0326604035328864;8.25208187103272;241.065704345703;534.449348719106;1.00637483596802;8330625;0.0326604035328864;0.019625197857796286
38;3.0;30;0.0021037011591758;8.25208187103272;241.065704345703;534.449348719106;1.00637483596802;8330625;0.0021037011591758;0.021573723151272706
38;3.0;90;0.2393593888622028;8.25208187103272;241.065704345703;534.449348719106;1.00637483596802;8330625;0.2393593888622028;0.15202193752513946
38;3.0;182;0.518275283521403;8.25208187103272;241.065704345703;534.449348719106;1.00637483596802;8330625;0.518275283521403;0.2003659474766545
38;3.0;365;0.0021037011591758;8.25208187103272;241.065704345703;534.449348719106;1.00637483596802;8330625;0.0021037011591758;0.11227454920068852
38;3.0;730;0.0021037011591758;8.25208187103272;241.065704345703;534.449348719106;1.00637483596802;8330625;0.0021037011591758;0.07485961065098932
38;3.0;3652;0.0021037011591758;8.25208187103272;241.065704345703;534.449348719106;1.00637483596802;8330625;0.0021037011591758;0.18207574389626663
