Site;Rate;H Error;Slope;Elevation;LC;CW;Area;Coastal Vulnerability;Hydrological Vulnerability;Htest;HtestPred
3.0;1.0;0.0;0.00057374;10.704;1425.0;2.0877;20256000.0;831;561;0.0;0.0
3.0;2.0;0.0037050268572391;0.00057374;10.704;1425.0;2.0877;20256000.0;831;561;0.0037050268572391;0.002957874408085044
3.0;7.0;0.015395923499432;0.00057374;10.704;1425.0;2.0877;20256000.0;831;561;0.015395923499432;0.012483995966773015
3.0;30.0;0.0404493979934081;0.00057374;10.704;1425.0;2.0877;20256000.0;831;561;0.0404493979934081;0.03142059727517169
3.0;90.0;0.1027571012342629;0.00057374;10.704;1425.0;2.0877;20256000.0;831;561;0.1027571012342629;0.07462593452803662
3.0;182.0;0.1874998532504132;0.00057374;10.704;1425.0;2.0877;20256000.0;831;561;0.1874998532504132;0.15764035348766894
3.0;365.0;0.2184592788548915;0.00057374;10.704;1425.0;2.0877;20256000.0;831;561;0.2184592788548915;0.18874386755023473
3.0;730.0;0.2706465721432402;0.00057374;10.704;1425.0;2.0877;20256000.0;831;561;0.2706465721432402;0.23327514278458236
3.0;3652.0;0.3404824929883649;0.00057374;10.704;1425.0;2.0877;20256000.0;831;561;0.3404824929883649;0.30048728989336043
