Site;Rate;H Error;Slope;Elevation;LC;CW;Area;Htest;HtestPred
7.0;1.0;0.0;0.017869;37.15;1350.0;2.1056;27810000.0;0.0;0.0
7.0;2.0;0.0030580677191298;0.017869;37.15;1350.0;2.1056;27810000.0;0.0030580677191298;0.0029391405077725734
7.0;7.0;0.0148834131981546;0.017869;37.15;1350.0;2.1056;27810000.0;0.0148834131981546;0.012060630684116417
7.0;30.0;0.0316583333666094;0.017869;37.15;1350.0;2.1056;27810000.0;0.0316583333666094;0.03211071623368261
7.0;90.0;0.086542647569335;0.017869;37.15;1350.0;2.1056;27810000.0;0.086542647569335;0.07701024176434093
7.0;182.0;0.1821309914129173;0.017869;37.15;1350.0;2.1056;27810000.0;0.1821309914129173;0.1472453087349788
7.0;365.0;0.2199584496227709;0.017869;37.15;1350.0;2.1056;27810000.0;0.2199584496227709;0.17275397070724943
7.0;730.0;0.2874353576477332;0.017869;37.15;1350.0;2.1056;27810000.0;0.2874353576477332;0.22184667496031146
7.0;3652.0;0.4438459728656725;0.017869;37.15;1350.0;2.1056;27810000.0;0.4438459728656725;0.28164636092009443
