Site;SubCatch;Rate;H Error;Slope;Elevation;LC;SAR;Area;Htest;HtestPred
35;11.0;1;0.0;3.2631006240844704;35.6014823913574;543.911759392797;1.0008716583252;1895625;0.0;0.007615966298794966
35;11.0;2;0.0018299947701747;3.2631006240844704;35.6014823913574;543.911759392797;1.0008716583252;1895625;0.0018299947701747;0.0103715072989403
35;11.0;7;0.0065034214457522;3.2631006240844704;35.6014823913574;543.911759392797;1.0008716583252;1895625;0.0065034214457522;0.024802522873737003
35;11.0;30;0.0183078511618471;3.2631006240844704;35.6014823913574;543.911759392797;1.0008716583252;1895625;0.0183078511618471;0.06394875956359766
35;11.0;90;0.036544170049637996;3.2631006240844704;35.6014823913574;543.911759392797;1.0008716583252;1895625;0.036544170049637996;0.10861533276090117
35;11.0;182;0.0023827622074321;3.2631006240844704;35.6014823913574;543.911759392797;1.0008716583252;1895625;0.0023827622074321;0.20777430112054937
35;11.0;365;0.0627550165659134;3.2631006240844704;35.6014823913574;543.911759392797;1.0008716583252;1895625;0.0627550165659134;0.3520696895069822
35;11.0;730;0.0023827622074321;3.2631006240844704;35.6014823913574;543.911759392797;1.0008716583252;1895625;0.0023827622074321;0.4087245545134745
35;11.0;3652;0.0023827622074321;3.2631006240844704;35.6014823913574;543.911759392797;1.0008716583252;1895625;0.0023827622074321;0.3216061244324924
