Site;Rate;H Error;Slope;Elevation;LC;CW;Area;Coastal Vulnerability;Hydrological Vulnerability;Satured Zone Area;Vulnerability Sum;Vulnerability Rate;Global Area of site (in cells);Htest;HtestPred
15.0;1.0;0.0;0.026241;19.189;1500.0;3.2359;4303100.0;44;31;4541;4553.360755593164;0.2996815029349193;15194;0.0;0.0
15.0;2.0;0.006634684505364;0.026241;19.189;1500.0;3.2359;4303100.0;44;31;4541;4553.360755593164;0.2996815029349193;15194;0.006634684505364;0.0031128548754809676
15.0;7.0;0.0311773625577056;0.026241;19.189;1500.0;3.2359;4303100.0;44;31;4541;4553.360755593164;0.2996815029349193;15194;0.0311773625577056;0.013375025801051892
15.0;30.0;0.0825331753189077;0.026241;19.189;1500.0;3.2359;4303100.0;44;31;4541;4553.360755593164;0.2996815029349193;15194;0.0825331753189077;0.03470439705547473
15.0;90.0;0.2366167660152137;0.026241;19.189;1500.0;3.2359;4303100.0;44;31;4541;4553.360755593164;0.2996815029349193;15194;0.2366167660152137;0.11109558528334272
15.0;182.0;0.4957286907657203;0.026241;19.189;1500.0;3.2359;4303100.0;44;31;4541;4553.360755593164;0.2996815029349193;15194;0.4957286907657203;0.2781505483277559
15.0;365.0;0.5986284345185184;0.026241;19.189;1500.0;3.2359;4303100.0;44;31;4541;4553.360755593164;0.2996815029349193;15194;0.5986284345185184;0.35678482695223485
15.0;730.0;0.7549130005430196;0.026241;19.189;1500.0;3.2359;4303100.0;44;31;4541;4553.360755593164;0.2996815029349193;15194;0.7549130005430196;0.5029110680303284
15.0;3652.0;1.1253996205961938;0.026241;19.189;1500.0;3.2359;4303100.0;44;31;4541;4553.360755593164;0.2996815029349193;15194;1.1253996205961938;0.6314582787899924
