Site;SubCatch;Rate;H Error;Slope;Elevation;LC;SAR;Area;Htest;HtestPred
37;5.0;1;0.0;6.231806755065921;84.6280059814453;423.078516101941;1.00429332256317;4117500;0.0;0.00028676287400716566
37;5.0;2;0.0036933165705427;6.231806755065921;84.6280059814453;423.078516101941;1.00429332256317;4117500;0.0036933165705427;0.004056520547604876
37;5.0;7;0.0163502344189411;6.231806755065921;84.6280059814453;423.078516101941;1.00429332256317;4117500;0.0163502344189411;0.01785185885194405
37;5.0;30;0.0461235585630376;6.231806755065921;84.6280059814453;423.078516101941;1.00429332256317;4117500;0.0461235585630376;0.029020132642296234
37;5.0;90;0.1201495621242839;6.231806755065921;84.6280059814453;423.078516101941;1.00429332256317;4117500;0.1201495621242839;0.1553250026553355
37;5.0;182;0.2152104302365829;6.231806755065921;84.6280059814453;423.078516101941;1.00429332256317;4117500;0.2152104302365829;0.17199438450474122
37;5.0;365;0.0018901407783915;6.231806755065921;84.6280059814453;423.078516101941;1.00429332256317;4117500;0.0018901407783915;0.22717161323013452
37;5.0;730;0.2498343773610825;6.231806755065921;84.6280059814453;423.078516101941;1.00429332256317;4117500;0.2498343773610825;0.11102209333716925
37;5.0;3652;0.0018901407783915;6.231806755065921;84.6280059814453;423.078516101941;1.00429332256317;4117500;0.0018901407783915;0.029521598148134667
