Site;Rate;H Error;Slope;Elevation;LC;CW;Area;Htest;HtestPred
14.0;1.0;0.0;0.018148;40.589;1425.0;1.7481;52751000.0;0.0;0.0
14.0;2.0;0.0025659666410965;0.018148;40.589;1425.0;1.7481;52751000.0;0.0025659666410965;0.003046119564381346
14.0;7.0;0.0103738358831147;0.018148;40.589;1425.0;1.7481;52751000.0;0.0103738358831147;0.01356303148307837
14.0;30.0;0.0275341640025388;0.018148;40.589;1425.0;1.7481;52751000.0;0.0275341640025388;0.03231080782976121
14.0;90.0;0.0669928669115922;0.018148;40.589;1425.0;1.7481;52751000.0;0.0669928669115922;0.0819338335795476
14.0;182.0;0.1215173863507666;0.018148;40.589;1425.0;1.7481;52751000.0;0.1215173863507666;0.1622684538591601
14.0;365.0;0.1425932016706186;0.018148;40.589;1425.0;1.7481;52751000.0;0.1425932016706186;0.18373217757947072
14.0;730.0;0.1853542925340359;0.018148;40.589;1425.0;1.7481;52751000.0;0.1853542925340359;0.2296928651628526
14.0;3652.0;0.2711404842844023;0.018148;40.589;1425.0;1.7481;52751000.0;0.2711404842844023;0.3005763306913468
