Site;SubCatch;Rate;H Error;Slope;Elevation;LC;SAR;Area;Htest;HtestPred
39;3.0;1;0.0;8.04499816894531;194.032333374023;663.5244765615209;1.00515699386597;3566250;0.0;0.0
39;3.0;2;0.0030109019404276;8.04499816894531;194.032333374023;663.5244765615209;1.00515699386597;3566250;0.0030109019404276;0.0028068039748562587
39;3.0;7;0.0142638483699564;8.04499816894531;194.032333374023;663.5244765615209;1.00515699386597;3566250;0.0142638483699564;0.013255017315215641
39;3.0;30;0.0386553909417834;8.04499816894531;194.032333374023;663.5244765615209;1.00515699386597;3566250;0.0386553909417834;0.018660429830967128
39;3.0;90;0.1234922044240667;8.04499816894531;194.032333374023;663.5244765615209;1.00515699386597;3566250;0.1234922044240667;0.08957676745265719
39;3.0;182;0.0022115400202595;8.04499816894531;194.032333374023;663.5244765615209;1.00515699386597;3566250;0.0022115400202595;0.13229311536023244
39;3.0;365;0.3062111071553264;8.04499816894531;194.032333374023;663.5244765615209;1.00515699386597;3566250;0.3062111071553264;0.06110682557052488
39;3.0;730;0.0022115400202595;8.04499816894531;194.032333374023;663.5244765615209;1.00515699386597;3566250;0.0022115400202595;0.1252560517811933
39;3.0;3652;0.4927067722691531;8.04499816894531;194.032333374023;663.5244765615209;1.00515699386597;3566250;0.4927067722691531;0.023983394425286804
