Site;Rate;H Error;Satured Zone Area;Vulnerability Sum;Vulnerability Rate;Global Area of site (in cells);Htest;HtestPred
16.0;1.0;0.0;5243;5258.6906540019645;0.193733077438917;27144;0.0;0.0
16.0;2.0;0.0031220060443771;5243;5258.6906540019645;0.193733077438917;27144;0.0031220060443771;0.0029032352322328537
16.0;7.0;0.0119243259775783;5243;5258.6906540019645;0.193733077438917;27144;0.0119243259775783;0.011898929152758904
16.0;30.0;0.0353137113675942;5243;5258.6906540019645;0.193733077438917;27144;0.0353137113675942;0.03136616514369917
16.0;90.0;0.0895169299721877;5243;5258.6906540019645;0.193733077438917;27144;0.0895169299721877;0.07956659492978936
16.0;182.0;0.170593776057579;5243;5258.6906540019645;0.193733077438917;27144;0.170593776057579;0.14810635068601574
16.0;365.0;0.2097726621222561;5243;5258.6906540019645;0.193733077438917;27144;0.2097726621222561;0.1761194391286966
16.0;730.0;0.2551800239400359;5243;5258.6906540019645;0.193733077438917;27144;0.2551800239400359;0.23762747755048558
16.0;3652.0;0.3146286910434445;5243;5258.6906540019645;0.193733077438917;27144;0.3146286910434445;0.3031934099432461
