Site;Rate;H Error;Slope;Elevation;LC;CW;Area;Coastal Vulnerability;Hydrological Vulnerability;Satured Zone Area;Vulnerability Sum;Vulnerability Rate;Global Area of site (in cells);Htest;HtestPred
18.0;1.0;0.0;0.020719;6.3567;1425.0;2.2444;10912000.0;270;43;258;262.2135056324064;0.0697005597109001;3762;0.0;0.0
18.0;2.0;0.0016343316961933;0.020719;6.3567;1425.0;2.2444;10912000.0;270;43;258;262.2135056324064;0.0697005597109001;3762;0.0016343316961933;0.0031730853400724207
18.0;7.0;0.005121275722781;0.020719;6.3567;1425.0;2.2444;10912000.0;270;43;258;262.2135056324064;0.0697005597109001;3762;0.005121275722781;0.014787435454549391
18.0;30.0;0.013022431319224;0.020719;6.3567;1425.0;2.2444;10912000.0;270;43;258;262.2135056324064;0.0697005597109001;3762;0.013022431319224;0.03921484989834817
18.0;90.0;0.0274766933281444;0.020719;6.3567;1425.0;2.2444;10912000.0;270;43;258;262.2135056324064;0.0697005597109001;3762;0.0274766933281444;0.11692567658107791
18.0;182.0;0.0455999859724022;0.020719;6.3567;1425.0;2.2444;10912000.0;270;43;258;262.2135056324064;0.0697005597109001;3762;0.0455999859724022;0.25306308053754856
18.0;365.0;0.0481160170316837;0.020719;6.3567;1425.0;2.2444;10912000.0;270;43;258;262.2135056324064;0.0697005597109001;3762;0.0481160170316837;0.3169666631738439
18.0;730.0;0.0497953805544372;0.020719;6.3567;1425.0;2.2444;10912000.0;270;43;258;262.2135056324064;0.0697005597109001;3762;0.0497953805544372;0.4218784559454408
18.0;3652.0;0.0515095706017609;0.020719;6.3567;1425.0;2.2444;10912000.0;270;43;258;262.2135056324064;0.0697005597109001;3762;0.0515095706017609;0.5198800922366806
