Site;SubCatch;Rate;H Error;Slope;Elevation;LC;SAR;Area;CV;HV;Htest;HtestPred
35;12.0;1;0.0;6.02092504501343;66.22982788085939;721.5890574106239;1.00279235839844;3206250;0;15;0.0;3.9622299882981995e-06
35;12.0;2;0.0048374832153588;6.02092504501343;66.22982788085939;721.5890574106239;1.00279235839844;3206250;0;15;0.0048374832153588;0.0026935971213847224
35;12.0;7;0.0232766313293;6.02092504501343;66.22982788085939;721.5890574106239;1.00279235839844;3206250;0;15;0.0232766313293;0.014700568233339846
35;12.0;30;0.0559281700269176;6.02092504501343;66.22982788085939;721.5890574106239;1.00279235839844;3206250;0;15;0.0559281700269176;0.034607318331716264
35;12.0;90;0.205651067122906;6.02092504501343;66.22982788085939;721.5890574106239;1.00279235839844;3206250;0;15;0.205651067122906;0.06267289367692619
35;12.0;182;0.0030016882065456;6.02092504501343;66.22982788085939;721.5890574106239;1.00279235839844;3206250;0;15;0.0030016882065456;0.06862577062194454
35;12.0;365;0.5988163462371279;6.02092504501343;66.22982788085939;721.5890574106239;1.00279235839844;3206250;0;15;0.5988163462371279;0.20942006792886758
35;12.0;730;0.0030016882065456;6.02092504501343;66.22982788085939;721.5890574106239;1.00279235839844;3206250;0;15;0.0030016882065456;0.19923585847325773
35;12.0;3652;0.0030016882065456;6.02092504501343;66.22982788085939;721.5890574106239;1.00279235839844;3206250;0;15;0.0030016882065456;0.12356988322733183
