Site;Rate;H Error;Satured Zone Area;Vulnerability Sum;Vulnerability Rate;Global Area of site (in cells);Htest;HtestPred
21.0;1.0;0.0;358;368.7536084106853;0.0231077583914453;15958;0.0;0.0
21.0;2.0;0.0035131589647779;358;368.7536084106853;0.0231077583914453;15958;0.0035131589647779;0.003364168389362835
21.0;7.0;0.0149255446543165;358;368.7536084106853;0.0231077583914453;15958;0.0149255446543165;0.01229401890703493
21.0;30.0;0.0354389533967742;358;368.7536084106853;0.0231077583914453;15958;0.0354389533967742;0.03544668410680334
21.0;90.0;0.0986127877393275;358;368.7536084106853;0.0231077583914453;15958;0.0986127877393275;0.07763006077657092
21.0;182.0;0.2030774731975679;358;368.7536084106853;0.0231077583914453;15958;0.2030774731975679;0.08771487853299668
21.0;365.0;0.2486389168180759;358;368.7536084106853;0.0231077583914453;15958;0.2486389168180759;0.09655857406148548
21.0;730.0;0.3009557777986608;358;368.7536084106853;0.0231077583914453;15958;0.3009557777986608;0.12590576631727668
21.0;3652.0;0.359974227568413;358;368.7536084106853;0.0231077583914453;15958;0.359974227568413;0.17247730541169445
