Site;SubCatch;Rate;H Error;Slope;Elevation;LC;SAR;Area;CV;HV;Htest;HtestPred
38;1.0;1;0.0;8.57888031005859;222.657196044922;609.653351049048;1.0075356960296602;9551250;0;35;0.0;0.0014394499216429132
38;1.0;2;0.0043245708065314;8.57888031005859;222.657196044922;609.653351049048;1.0075356960296602;9551250;0;35;0.0043245708065314;0.005972477202025613
38;1.0;7;0.0199121598652865;8.57888031005859;222.657196044922;609.653351049048;1.0075356960296602;9551250;0;35;0.0199121598652865;0.02560344255797774
38;1.0;30;0.0021469341056394;8.57888031005859;222.657196044922;609.653351049048;1.0075356960296602;9551250;0;35;0.0021469341056394;0.044592894522430156
38;1.0;90;0.1624151745273434;8.57888031005859;222.657196044922;609.653351049048;1.0075356960296602;9551250;0;35;0.1624151745273434;0.17193756599424104
38;1.0;182;0.3108797863741226;8.57888031005859;222.657196044922;609.653351049048;1.0075356960296602;9551250;0;35;0.3108797863741226;0.20508626850067083
38;1.0;365;0.0021469341056394;8.57888031005859;222.657196044922;609.653351049048;1.0075356960296602;9551250;0;35;0.0021469341056394;0.2553587639212155
38;1.0;730;0.0021469341056394;8.57888031005859;222.657196044922;609.653351049048;1.0075356960296602;9551250;0;35;0.0021469341056394;0.1370387638143049
38;1.0;3652;0.0021469341056394;8.57888031005859;222.657196044922;609.653351049048;1.0075356960296602;9551250;0;35;0.0021469341056394;0.34222609852389274
