Site;Rate;H Error;Slope;Elevation;LC;CW;Area;Htest;HtestPred
24.0;1.0;0.0;0.038199;5.6431;2700.0;4.04;3735000.0;0.0;0.0
24.0;2.0;0.0024067949762981;0.038199;5.6431;2700.0;4.04;3735000.0;0.0024067949762981;0.005010472609790172
24.0;7.0;0.011770072135544;0.038199;5.6431;2700.0;4.04;3735000.0;0.011770072135544;0.021429940303790255
24.0;30.0;0.0306645078478985;0.038199;5.6431;2700.0;4.04;3735000.0;0.0306645078478985;0.0578682668216235
24.0;90.0;0.101023784559261;0.038199;5.6431;2700.0;4.04;3735000.0;0.101023784559261;0.16773479521497092
24.0;182.0;0.260205628970361;0.038199;5.6431;2700.0;4.04;3735000.0;0.260205628970361;0.428319870651752
24.0;365.0;0.3600814737994693;0.038199;5.6431;2700.0;4.04;3735000.0;0.3600814737994693;0.5108957032384984
24.0;730.0;0.5264062859373333;0.038199;5.6431;2700.0;4.04;3735000.0;0.5264062859373333;0.6252856145011702
24.0;3652.0;0.6827578327244789;0.038199;5.6431;2700.0;4.04;3735000.0;0.6827578327244789;0.8699993305242214
