Site;SubCatch;Rate;H Error;Slope;Elevation;LC;SAR;Area;CV;HV;Htest;HtestPred
37;2.0;1;0.0;3.50271368026733;111.66413879394501;562.1463405847239;1.0011284351348901;4674375;0;92;0.0;0.0001392791044786048
37;2.0;2;0.0041421631469509;3.50271368026733;111.66413879394501;562.1463405847239;1.0011284351348901;4674375;0;92;0.0041421631469509;0.002942410498237413
37;2.0;7;0.0185666163269423;3.50271368026733;111.66413879394501;562.1463405847239;1.0011284351348901;4674375;0;92;0.0185666163269423;0.014342746209926484
37;2.0;30;0.0412643172482057;3.50271368026733;111.66413879394501;562.1463405847239;1.0011284351348901;4674375;0;92;0.0412643172482057;0.035776203398826346
37;2.0;90;0.1521723189481406;3.50271368026733;111.66413879394501;562.1463405847239;1.0011284351348901;4674375;0;92;0.1521723189481406;0.07716034178409403
37;2.0;182;0.3077776392385274;3.50271368026733;111.66413879394501;562.1463405847239;1.0011284351348901;4674375;0;92;0.3077776392385274;0.10512451732975768
37;2.0;365;5.6709551800989174e-05;3.50271368026733;111.66413879394501;562.1463405847239;1.0011284351348901;4674375;0;92;5.6709551800989174e-05;0.15365964827778364
37;2.0;730;0.8350114315482111;3.50271368026733;111.66413879394501;562.1463405847239;1.0011284351348901;4674375;0;92;0.8350114315482111;0.2766611547858532
37;2.0;3652;5.6709551800989174e-05;3.50271368026733;111.66413879394501;562.1463405847239;1.0011284351348901;4674375;0;92;5.6709551800989174e-05;0.06384745170567027
