Site;Rate;H Error;Slope;Elevation;LC;CW;Area;Coastal Vulnerability;Hydrological Vulnerability;Satured Zone Area;Vulnerability Sum;Vulnerability Rate;Global Area of site (in cells);Htest;HtestPred
3.0;1.0;0.0;0.00057374;10.704;1425.0;2.0877;20256000.0;831;561;8700;8744.7282976493;0.2512852959094626;34800;0.0;0.0
3.0;2.0;0.0037050268572391;0.00057374;10.704;1425.0;2.0877;20256000.0;831;561;8700;8744.7282976493;0.2512852959094626;34800;0.0037050268572391;0.0032152435529252663
3.0;7.0;0.015395923499432;0.00057374;10.704;1425.0;2.0877;20256000.0;831;561;8700;8744.7282976493;0.2512852959094626;34800;0.015395923499432;0.01302343809640784
3.0;30.0;0.0404493979934081;0.00057374;10.704;1425.0;2.0877;20256000.0;831;561;8700;8744.7282976493;0.2512852959094626;34800;0.0404493979934081;0.03281477127471138
3.0;90.0;0.1027571012342629;0.00057374;10.704;1425.0;2.0877;20256000.0;831;561;8700;8744.7282976493;0.2512852959094626;34800;0.1027571012342629;0.0817101779055025
3.0;182.0;0.1874998532504132;0.00057374;10.704;1425.0;2.0877;20256000.0;831;561;8700;8744.7282976493;0.2512852959094626;34800;0.1874998532504132;0.15964984002875576
3.0;365.0;0.2184592788548915;0.00057374;10.704;1425.0;2.0877;20256000.0;831;561;8700;8744.7282976493;0.2512852959094626;34800;0.2184592788548915;0.18607314076047227
3.0;730.0;0.2706465721432402;0.00057374;10.704;1425.0;2.0877;20256000.0;831;561;8700;8744.7282976493;0.2512852959094626;34800;0.2706465721432402;0.23707779963522108
3.0;3652.0;0.3404824929883649;0.00057374;10.704;1425.0;2.0877;20256000.0;831;561;8700;8744.7282976493;0.2512852959094626;34800;0.3404824929883649;0.3001546833667403
