Site;Rate;H Error;Satured Zone Area;Vulnerability Sum;Vulnerability Rate;Global Area of site (in cells);Htest;HtestPred
18.0;1.0;0.0;258;262.2135056324064;0.0697005597109001;3762;0.0;0.0
18.0;2.0;0.0016343316961933;258;262.2135056324064;0.0697005597109001;3762;0.0016343316961933;0.0026524031742194117
18.0;7.0;0.005121275722781;258;262.2135056324064;0.0697005597109001;3762;0.005121275722781;0.01018656750926158
18.0;30.0;0.013022431319224;258;262.2135056324064;0.0697005597109001;3762;0.013022431319224;0.027298630849977197
18.0;90.0;0.0274766933281444;258;262.2135056324064;0.0697005597109001;3762;0.0274766933281444;0.06536501083309716
18.0;182.0;0.0455999859724022;258;262.2135056324064;0.0697005597109001;3762;0.0455999859724022;0.08130540683191971
18.0;365.0;0.0481160170316837;258;262.2135056324064;0.0697005597109001;3762;0.0481160170316837;0.0846815203578398
18.0;730.0;0.0497953805544372;258;262.2135056324064;0.0697005597109001;3762;0.0497953805544372;0.10356613538196467
18.0;3652.0;0.0515095706017609;258;262.2135056324064;0.0697005597109001;3762;0.0515095706017609;0.1572627610312658
