Site;Rate;H Error;Satured Zone Area;Vulnerability Sum;Vulnerability Rate;Global Area of site (in cells);Htest;HtestPred
20.0;1.0;0.0;20338;20366.40839293909;0.4211677397882229;48357;0.0;0.0
20.0;2.0;0.0029849962343305;20338;20366.40839293909;0.4211677397882229;48357;0.0029849962343305;0.00336545762784444
20.0;7.0;0.012403614336042;20338;20366.40839293909;0.4211677397882229;48357;0.012403614336042;0.013867457645903842
20.0;30.0;0.0363035232843364;20338;20366.40839293909;0.4211677397882229;48357;0.0363035232843364;0.03755245005619935
20.0;90.0;0.0939738204160915;20338;20366.40839293909;0.4211677397882229;48357;0.0939738204160915;0.09412999538779243
20.0;182.0;0.1580830569715796;20338;20366.40839293909;0.4211677397882229;48357;0.1580830569715796;0.10972991736843415
20.0;365.0;0.1939241683831579;20338;20366.40839293909;0.4211677397882229;48357;0.1939241683831579;0.1156267831392892
20.0;730.0;0.2536156515933963;20338;20366.40839293909;0.4211677397882229;48357;0.2536156515933963;0.16107811557749144
20.0;3652.0;0.3341612039576478;20338;20366.40839293909;0.4211677397882229;48357;0.3341612039576478;0.2746742770643435
