Site;Rate;H Error;Slope;Elevation;LC;CW;Area;Coastal Vulnerability;Hydrological Vulnerability;Htest;HtestPred
25.0;1.0;0.0;0.022180000000000002;48.57100000000001;1350.0;1.8653;59490000.0;92;2059;0.0;0.0
25.0;2.0;0.0027349948639427;0.022180000000000002;48.57100000000001;1350.0;1.8653;59490000.0;92;2059;0.0027349948639427;0.0030975136109138825
25.0;7.0;0.0113878859696152;0.022180000000000002;48.57100000000001;1350.0;1.8653;59490000.0;92;2059;0.0113878859696152;0.012334931276520487
25.0;30.0;0.0289246948751953;0.022180000000000002;48.57100000000001;1350.0;1.8653;59490000.0;92;2059;0.0289246948751953;0.032042399780437554
25.0;90.0;0.0734978659430122;0.022180000000000002;48.57100000000001;1350.0;1.8653;59490000.0;92;2059;0.0734978659430122;0.07845958092955045
25.0;182.0;0.137609810009888;0.022180000000000002;48.57100000000001;1350.0;1.8653;59490000.0;92;2059;0.137609810009888;0.1368266383781041
25.0;365.0;0.1586114600447141;0.022180000000000002;48.57100000000001;1350.0;1.8653;59490000.0;92;2059;0.1586114600447141;0.15586426546310972
25.0;730.0;0.1940339436318247;0.022180000000000002;48.57100000000001;1350.0;1.8653;59490000.0;92;2059;0.1940339436318247;0.20569189187121384
25.0;3652.0;0.2399666736275057;0.022180000000000002;48.57100000000001;1350.0;1.8653;59490000.0;92;2059;0.2399666736275057;0.27407759368020257
