Site;SubCatch;Rate;H Error;Slope;Elevation;LC;SAR;Area;Htest;HtestPred
37;5.0;1;0.0;6.231806755065921;84.6280059814453;423.078516101941;1.00429332256317;4117500;0.0;0.0
37;5.0;2;0.0036933165705427;6.231806755065921;84.6280059814453;423.078516101941;1.00429332256317;4117500;0.0036933165705427;0.0032288824956736113
37;5.0;7;0.0163502344189411;6.231806755065921;84.6280059814453;423.078516101941;1.00429332256317;4117500;0.0163502344189411;0.016531180185789387
37;5.0;30;0.0461235585630376;6.231806755065921;84.6280059814453;423.078516101941;1.00429332256317;4117500;0.0461235585630376;0.040355825283904814
37;5.0;90;0.1201495621242839;6.231806755065921;84.6280059814453;423.078516101941;1.00429332256317;4117500;0.1201495621242839;0.09167123375285276
37;5.0;182;0.2152104302365829;6.231806755065921;84.6280059814453;423.078516101941;1.00429332256317;4117500;0.2152104302365829;0.12991237475134082
37;5.0;365;0.0018901407783915;6.231806755065921;84.6280059814453;423.078516101941;1.00429332256317;4117500;0.0018901407783915;0.17473262720724486
37;5.0;730;0.2498343773610825;6.231806755065921;84.6280059814453;423.078516101941;1.00429332256317;4117500;0.2498343773610825;0.3042049514280274
37;5.0;3652;0.0018901407783915;6.231806755065921;84.6280059814453;423.078516101941;1.00429332256317;4117500;0.0018901407783915;0.06649322898127823
