Site;Rate;H Error;Slope;Elevation;LC;CW;Area;Htest;HtestPred
11.0;1.0;0.0;0.0054417;13.099;1650.0;2.9142;32676000.0;0.0;0.0
11.0;2.0;0.0019370712288229;0.0054417;13.099;1650.0;2.9142;32676000.0;0.0019370712288229;0.004300905672607427
11.0;7.0;0.007095871537476;0.0054417;13.099;1650.0;2.9142;32676000.0;0.007095871537476;0.01787210856959685
11.0;30.0;0.020072089411818;0.0054417;13.099;1650.0;2.9142;32676000.0;0.020072089411818;0.05128207640767228
11.0;90.0;0.0435498926878454;0.0054417;13.099;1650.0;2.9142;32676000.0;0.0435498926878454;0.12766377145232763
11.0;182.0;0.0809120145894057;0.0054417;13.099;1650.0;2.9142;32676000.0;0.0809120145894057;0.2385044737908367
11.0;365.0;0.1027263425009789;0.0054417;13.099;1650.0;2.9142;32676000.0;0.1027263425009789;0.27635080100944776
11.0;730.0;0.1622678540420822;0.0054417;13.099;1650.0;2.9142;32676000.0;0.1622678540420822;0.3344126526870412
11.0;3652.0;0.2201414820862259;0.0054417;13.099;1650.0;2.9142;32676000.0;0.2201414820862259;0.40136929502540364
