Site;Rate;H Error;Slope;Elevation;LC;CW;Area;Coastal Vulnerability;Hydrological Vulnerability;Htest;HtestPred
21.0;1.0;0.0;0.033795;45.292;1350.0;2.4379;38571000.0;0;931;0.0;0.0
21.0;2.0;0.0035131589647779;0.033795;45.292;1350.0;2.4379;38571000.0;0;931;0.0035131589647779;0.0032195390810026694
21.0;7.0;0.0149255446543165;0.033795;45.292;1350.0;2.4379;38571000.0;0;931;0.0149255446543165;0.014561702222676715
21.0;30.0;0.0354389533967742;0.033795;45.292;1350.0;2.4379;38571000.0;0;931;0.0354389533967742;0.03638070568865596
21.0;90.0;0.0986127877393275;0.033795;45.292;1350.0;2.4379;38571000.0;0;931;0.0986127877393275;0.10194561146444574
21.0;182.0;0.2030774731975679;0.033795;45.292;1350.0;2.4379;38571000.0;0;931;0.2030774731975679;0.1741397256450875
21.0;365.0;0.2486389168180759;0.033795;45.292;1350.0;2.4379;38571000.0;0;931;0.2486389168180759;0.20649364936878198
21.0;730.0;0.3009557777986608;0.033795;45.292;1350.0;2.4379;38571000.0;0;931;0.3009557777986608;0.2730122224069998
21.0;3652.0;0.359974227568413;0.033795;45.292;1350.0;2.4379;38571000.0;0;931;0.359974227568413;0.3623085836823169
