Site;SubCatch;Rate;H Error;Slope;Elevation;LC;SAR;Area;CV;HV;Htest;HtestPred
37;7.0;1;0.0;5.603234767913821;95.5062026977539;505.713888442397;1.00349736213684;7976250;0;71;0.0;0.0
37;7.0;2;0.0041050618367547;5.603234767913821;95.5062026977539;505.713888442397;1.00349736213684;7976250;0;71;0.0041050618367547;0.00320322301326995
37;7.0;7;0.0183739655392415;5.603234767913821;95.5062026977539;505.713888442397;1.00349736213684;7976250;0;71;0.0183739655392415;0.014843007788346798
37;7.0;30;0.0460388261395875;5.603234767913821;95.5062026977539;505.713888442397;1.00349736213684;7976250;0;71;0.0460388261395875;0.033842855023385895
37;7.0;90;0.1274080188470145;5.603234767913821;95.5062026977539;505.713888442397;1.00349736213684;7976250;0;71;0.1274080188470145;0.0777795995361287
37;7.0;182;0.2536399824301198;5.603234767913821;95.5062026977539;505.713888442397;1.00349736213684;7976250;0;71;0.2536399824301198;0.08192991842459196
37;7.0;365;0.0025834888028498;5.603234767913821;95.5062026977539;505.713888442397;1.00349736213684;7976250;0;71;0.0025834888028498;0.16841901730459646
37;7.0;730;0.3614071482030483;5.603234767913821;95.5062026977539;505.713888442397;1.00349736213684;7976250;0;71;0.3614071482030483;0.17249566437401317
37;7.0;3652;0.0025834888028498;5.603234767913821;95.5062026977539;505.713888442397;1.00349736213684;7976250;0;71;0.0025834888028498;0.07535418229154414
