Site;Rate;H Error;Slope;Elevation;LC;CW;Area;Coastal Vulnerability;Hydrological Vulnerability;Htest;HtestPred
16.0;1.0;0.0;0.028223;29.454;1725.0;2.3301;81242000.0;1815;1330;0.0;0.0
16.0;2.0;0.0031220060443771;0.028223;29.454;1725.0;2.3301;81242000.0;1815;1330;0.0031220060443771;0.0036884056502271226
16.0;7.0;0.0119243259775783;0.028223;29.454;1725.0;2.3301;81242000.0;1815;1330;0.0119243259775783;0.01554363155375741
16.0;30.0;0.0353137113675942;0.028223;29.454;1725.0;2.3301;81242000.0;1815;1330;0.0353137113675942;0.045074321445552776
16.0;90.0;0.0895169299721877;0.028223;29.454;1725.0;2.3301;81242000.0;1815;1330;0.0895169299721877;0.11005011154716143
16.0;182.0;0.170593776057579;0.028223;29.454;1725.0;2.3301;81242000.0;1815;1330;0.170593776057579;0.19699936976134005
16.0;365.0;0.2097726621222561;0.028223;29.454;1725.0;2.3301;81242000.0;1815;1330;0.2097726621222561;0.23345941280385676
16.0;730.0;0.2551800239400359;0.028223;29.454;1725.0;2.3301;81242000.0;1815;1330;0.2551800239400359;0.3034782107450841
16.0;3652.0;0.3146286910434445;0.028223;29.454;1725.0;2.3301;81242000.0;1815;1330;0.3146286910434445;0.3978434553469797
