Site;Rate;H Error;Satured Zone Area;Vulnerability Sum;Vulnerability Rate;Global Area of site (in cells);Htest;HtestPred
24.0;1.0;0.0;1389;1390.4447820750363;0.2024526473609546;6868;0.0;0.0
24.0;2.0;0.0024067949762981;1389;1390.4447820750363;0.2024526473609546;6868;0.0024067949762981;0.0035410704820929614
24.0;7.0;0.011770072135544;1389;1390.4447820750363;0.2024526473609546;6868;0.011770072135544;0.015570026498559946
24.0;30.0;0.0306645078478985;1389;1390.4447820750363;0.2024526473609546;6868;0.0306645078478985;0.04076293794809493
24.0;90.0;0.101023784559261;1389;1390.4447820750363;0.2024526473609546;6868;0.101023784559261;0.12846983957606944
24.0;182.0;0.260205628970361;1389;1390.4447820750363;0.2024526473609546;6868;0.260205628970361;0.2827272886452967
24.0;365.0;0.3600814737994693;1389;1390.4447820750363;0.2024526473609546;6868;0.3600814737994693;0.363352361635487
24.0;730.0;0.5264062859373333;1389;1390.4447820750363;0.2024526473609546;6868;0.5264062859373333;0.507330754594775
24.0;3652.0;0.6827578327244789;1389;1390.4447820750363;0.2024526473609546;6868;0.6827578327244789;0.631154359762009
