Site;Rate;H Error;Slope;Elevation;LC;CW;Area;Coastal Vulnerability;Hydrological Vulnerability;Htest;HtestPred
20.0;1.0;0.0;0.01503;11.743;1575.0;2.6242;36844000.0;886;1043;0.0;0.0
20.0;2.0;0.0029849962343305;0.01503;11.743;1575.0;2.6242;36844000.0;886;1043;0.0029849962343305;0.0033653348141457454
20.0;7.0;0.012403614336042;0.01503;11.743;1575.0;2.6242;36844000.0;886;1043;0.012403614336042;0.014297485522042705
20.0;30.0;0.0363035232843364;0.01503;11.743;1575.0;2.6242;36844000.0;886;1043;0.0363035232843364;0.036853806509217574
20.0;90.0;0.0939738204160915;0.01503;11.743;1575.0;2.6242;36844000.0;886;1043;0.0939738204160915;0.10278112125253613
20.0;182.0;0.1580830569715796;0.01503;11.743;1575.0;2.6242;36844000.0;886;1043;0.1580830569715796;0.1847889864687242
20.0;365.0;0.1939241683831579;0.01503;11.743;1575.0;2.6242;36844000.0;886;1043;0.1939241683831579;0.2230952123081648
20.0;730.0;0.2536156515933963;0.01503;11.743;1575.0;2.6242;36844000.0;886;1043;0.2536156515933963;0.29655044150571064
20.0;3652.0;0.3341612039576478;0.01503;11.743;1575.0;2.6242;36844000.0;886;1043;0.3341612039576478;0.37063079383700726
