Site;Rate;H Error;Slope;Elevation;LC;CW;Area;Coastal Vulnerability;Hydrological Vulnerability;Htest;HtestPred
11.0;1.0;0.0;0.0054417;13.099;1650.0;2.9142;32676000.0;608;1057;0.0;0.0
11.0;2.0;0.0019370712288229;0.0054417;13.099;1650.0;2.9142;32676000.0;608;1057;0.0019370712288229;0.003666048380080612
11.0;7.0;0.007095871537476;0.0054417;13.099;1650.0;2.9142;32676000.0;608;1057;0.007095871537476;0.015663891872074957
11.0;30.0;0.020072089411818;0.0054417;13.099;1650.0;2.9142;32676000.0;608;1057;0.020072089411818;0.041918356842005
11.0;90.0;0.0435498926878454;0.0054417;13.099;1650.0;2.9142;32676000.0;608;1057;0.0435498926878454;0.11325367579140305
11.0;182.0;0.0809120145894057;0.0054417;13.099;1650.0;2.9142;32676000.0;608;1057;0.0809120145894057;0.20128152904266855
11.0;365.0;0.1027263425009789;0.0054417;13.099;1650.0;2.9142;32676000.0;608;1057;0.1027263425009789;0.23317511317834638
11.0;730.0;0.1622678540420822;0.0054417;13.099;1650.0;2.9142;32676000.0;608;1057;0.1622678540420822;0.2818432454874659
11.0;3652.0;0.2201414820862259;0.0054417;13.099;1650.0;2.9142;32676000.0;608;1057;0.2201414820862259;0.3519451527417717
