Site;Rate;H Error;Slope;Elevation;LC;CW;Area;Htest;HtestPred
19.0;1.0;0.0;0.0081185;2.4609;1725.0;2.6646;42446000.0;0.0;0.0
19.0;2.0;0.0072548607901231;0.0081185;2.4609;1725.0;2.6646;42446000.0;0.0072548607901231;0.0033593540358564256
19.0;7.0;0.0313874267323508;0.0081185;2.4609;1725.0;2.6646;42446000.0;0.0313874267323508;0.012783672476191535
19.0;30.0;0.0866235149493999;0.0081185;2.4609;1725.0;2.6646;42446000.0;0.0866235149493999;0.039247912421484794
19.0;90.0;0.2019039969055668;0.0081185;2.4609;1725.0;2.6646;42446000.0;0.2019039969055668;0.08777892420079329
19.0;182.0;0.3536643637347382;0.0081185;2.4609;1725.0;2.6646;42446000.0;0.3536643637347382;0.13129117200884588
19.0;365.0;0.4183549524657499;0.0081185;2.4609;1725.0;2.6646;42446000.0;0.4183549524657499;0.1454260219635906
19.0;730.0;0.4604984753848192;0.0081185;2.4609;1725.0;2.6646;42446000.0;0.4604984753848192;0.17260510371934254
19.0;3652.0;0.4840729088696178;0.0081185;2.4609;1725.0;2.6646;42446000.0;0.4840729088696178;0.2146631270506936
