Site;Number Data Training;Number Global Data;MSE Test;R2 Test;Quality Metric;Quality Sum;P Real;P pred;H Real Preal;H Real Ppred
16.0;24;25;0.00036198397908243976;0.9687557391395257;0.024675435802241102;0.025;100.0;125.0;0.0844783754487946;0.1091538112510357
