Site;SubCatch;Number Data Training;Number Global Data;MSE Test;R2 Test;Quality Metric;Quality Sum;P Real;P pred;H Real Preal;H Real Ppred
37;8;9;10;0.02825177770879296;-7.423679396763957;0.0562455447864936;0.056;90;182;0.0547660488393959;0.1110115936258895
