Site;Number Data Training;Number Global Data;MSE Test;R2 Test;Quality Metric;Quality Sum;P Real;P pred;H Real Preal;H Real Ppred
6.0;22;27;0.01616875438519324;0.6840180976369321;nan;0;90.0;30.0;0.0805447502647162;0.0352018987493894
7.0;22;27;0.01616875438519324;0.6840180976369321;nan;0;90.0;90.0;0.086542647569335;0.086542647569335
8.0;22;27;0.01616875438519324;0.6840180976369321;nan;0;90.0;90.0;0.0692507301025263;0.0692507301025263
15.0;22;27;0.01616875438519324;0.6840180976369321;nan;0;30.0;30.0;0.0825331753189077;0.0825331753189077
27.0;22;27;0.01616875438519324;0.6840180976369321;nan;0;30.0;30.0;0.0493077354091983;0.0493077354091983
