Site;Number Data Training;Number Global Data;MSE Test;R2 Test;Quality Metric;Quality Sum;P Real;P pred;H Real Preal;H Real Ppred
8.0;20;25;0.024294781662361858;0.034944634402318875;nan;0;125.0;75.0;0.0867459868794762;0.0551663282849413
13.0;20;25;0.024294781662361858;0.034944634402318875;nan;0;3000.0;100.0;0.0998605746589843;0.0469526408581791
16.0;20;25;0.024294781662361858;0.034944634402318875;nan;0;100.0;75.0;0.0844783754487946;0.0725509104538725
22.0;20;25;0.024294781662361858;0.034944634402318875;nan;0;150.0;90.0;0.0946198779296581;0.0665826349200478
24.0;20;25;0.024294781662361858;0.034944634402318875;nan;0;75.0;30.0;0.0806796201739536;0.0306645078478985
