Site;Number Data Training;Number Global Data;MSE Test;R2 Test;Quality Metric;Quality Sum;P Real;P pred;H Real Preal;H Real Ppred
13.0;20;25;0.012836057291514064;0.7566652849707289;nan;0.099;3652.0;90.0;0.0993700430118872;0.0459743068795799
14.0;20;25;0.012836057291514064;0.7566652849707289;nan;0.099;90.0;90.0;0.0669928669115922;0.0669928669115922
15.0;20;25;0.012836057291514064;0.7566652849707289;nan;0.099;30.0;30.0;0.0825331753189077;0.0825331753189077
16.0;20;25;0.012836057291514064;0.7566652849707289;nan;0.099;90.0;90.0;0.0895169299721877;0.0895169299721877
28.0;20;25;0.012836057291514064;0.7566652849707289;0.09894812544548881;0.099;30.0;90.0;0.056126814949097;0.1550749403945858
