Site;Number Data Training;Number Global Data;MSE Test;R2 Test;Quality Metric;Quality Sum;P Real;P pred;H Real Preal;H Real Ppred
7.0;22;27;0.004875757343396356;0.6935044646230062;nan;0;90.0;90.0;0.086542647569335;0.086542647569335
12.0;22;27;0.004875757343396356;0.6935044646230062;nan;0;90.0;90.0;0.0730083632551525;0.0730083632551525
13.0;22;27;0.004875757343396356;0.6935044646230062;nan;0;3652.0;30.0;0.0993700430118872;0.021215598309817
21.0;22;27;0.004875757343396356;0.6935044646230062;nan;0;90.0;90.0;0.0986127877393275;0.0986127877393275
27.0;22;27;0.004875757343396356;0.6935044646230062;nan;0;30.0;30.0;0.0493077354091983;0.0493077354091983
