Site;Number Data Training;Number Global Data;MSE Test;R2 Test;Quality Metric;Quality Sum;P Real;P pred;H Real Preal;H Real Ppred
21.0;24;25;0.011252814767411431;0.3532529070510062;0.10446468545824039;0.104;90.0;182.0;0.0986127877393275;0.2030774731975679
