Site;Number Data Training;Number Global Data;MSE Test;R2 Test;Quality Metric;Quality Sum;P Real;P pred;H Real Preal;H Real Ppred
8.0;20;25;0.02408463739060236;-0.025904520693956545;nan;0.208;125.0;100.0;0.0867459868794762;0.0671801751349022
11.0;20;25;0.02408463739060236;-0.025904520693956545;nan;0.208;330.0;100.0;0.0959083060330537;0.0450395001628755
19.0;20;25;0.02408463739060236;-0.025904520693956545;0.16639439615820828;0.208;30.0;125.0;0.0866235149493999;0.2530179111076082
25.0;20;25;0.02408463739060236;-0.025904520693956545;0.0099181142790995;0.208;125.0;150.0;0.0940222321495014;0.1039403464286009
28.0;20;25;0.02408463739060236;-0.025904520693956545;0.032093643247467704;0.208;50.0;75.0;0.0912401650277275;0.1233338082751952
