Site;Number Data Training;Number Global Data;MSE Test;R2 Test;Quality Metric;Quality Sum;P Real;P pred;H Real Preal;H Real Ppred
3.0;20;25;0.018343514722012233;0.693726938943991;0.021789937316753702;0.229;75.0;100.0;0.0829605078650181;0.1047504451817718
15.0;20;25;0.018343514722012233;0.693726938943991;0.15120857264273402;0.229;30.0;100.0;0.0825331753189077;0.2337417479616417
18.0;20;25;0.018343514722012233;0.693726938943991;nan;0.229;3652.0;75.0;0.0515095706017609;0.0236715852474286
28.0;20;25;0.018343514722012233;0.693726938943991;0.05616145497135011;0.229;50.0;100.0;0.0912401650277275;0.1474016199990776
30.0;20;25;0.018343514722012233;0.693726938943991;nan;0.229;365.0;100.0;0.0943415440641389;0.0491261932172611
