Site;Number Data Training;Number Global Data;MSE Test;R2 Test;Quality Metric;Quality Sum;P Real;P pred;H Real Preal;H Real Ppred
17.0;24;25;0.001129197695091797;0.9318499985330786;0.0653970705161301;0.065;30.0;90.0;0.0413325160789286;0.1067295865950587
