Site;Number Data Training;Number Global Data;MSE Test;R2 Test;Quality Metric;Quality Sum;P Real;P pred;H Real Preal;H Real Ppred
15.0;20;25;0.02367809654388868;0.5003948795203497;nan;0;30.0;30.0;0.0825331753189077;0.0825331753189077
18.0;20;25;0.02367809654388868;0.5003948795203497;nan;0;3652.0;90.0;0.0515095706017609;0.0274766933281444
22.0;20;25;0.02367809654388868;0.5003948795203497;nan;0;90.0;90.0;0.0665826349200478;0.0665826349200478
25.0;20;25;0.02367809654388868;0.5003948795203497;nan;0;90.0;90.0;0.0734978659430122;0.0734978659430122
30.0;20;25;0.02367809654388868;0.5003948795203497;nan;0;365.0;30.0;0.0943415440641389;0.0218219316716011
