Site;Number Data Training;Number Global Data;MSE Test;R2 Test;Quality Metric;Quality Sum;P Real;P pred;H Real Preal;H Real Ppred
13.0;20;25;0.005839359423018314;0.6855369588974882;nan;0.108;3000.0;200.0;0.0998605746589843;0.0658171901360725
16.0;20;25;0.005839359423018314;0.6855369588974882;0.024675435802241102;0.108;100.0;125.0;0.0844783754487946;0.1091538112510357
19.0;20;25;0.005839359423018314;0.6855369588974882;0.08355299194062568;0.108;30.0;75.0;0.0866235149493999;0.1701765068900256
22.0;20;25;0.005839359423018314;0.6855369588974882;nan;0.108;150.0;75.0;0.0946198779296581;0.0720847793771322
30.0;20;25;0.005839359423018314;0.6855369588974882;nan;0.108;365.0;100.0;0.0943415440641389;0.0491261932172611
