Site;Number Data Training;Number Global Data;MSE Test;R2 Test;Quality Metric;Quality Sum;P Real;P pred;H Real Preal;H Real Ppred
3.0;20;25;0.006938259826527113;0.6632243545699845;0.06230770324085481;0.062;30.0;90.0;0.0404493979934081;0.1027571012342629
13.0;20;25;0.006938259826527113;0.6632243545699845;nan;0.062;3652.0;90.0;0.0993700430118872;0.0459743068795799
19.0;20;25;0.006938259826527113;0.6632243545699845;nan;0.062;30.0;30.0;0.0866235149493999;0.0866235149493999
27.0;20;25;0.006938259826527113;0.6632243545699845;nan;0.062;30.0;30.0;0.0493077354091983;0.0493077354091983
30.0;20;25;0.006938259826527113;0.6632243545699845;nan;0.062;365.0;90.0;0.0943415440641389;0.0470231990120249
