Site;Number Data Training;Number Global Data;MSE Test;R2 Test;Quality Metric;Quality Sum;P Real;P pred;H Real Preal;H Real Ppred
4.0;20;25;0.014330338673496224;0.49163776296829187;nan;0;75.0;45.0;0.0982052033382978;0.0552578951093874
8.0;20;25;0.014330338673496224;0.49163776296829187;nan;0;125.0;60.0;0.0867459868794762;0.0492114794156571
12.0;20;25;0.014330338673496224;0.49163776296829187;nan;0;150.0;100.0;0.0962223954294124;0.075515837203816
14.0;20;25;0.014330338673496224;0.49163776296829187;nan;0;150.0;100.0;0.0918619289379249;0.068680108288561
20.0;20;25;0.014330338673496224;0.49163776296829187;nan;0;100.0;75.0;0.0910601462720121;0.0760837005891203
