Site;Number Data Training;Number Global Data;MSE Test;R2 Test;Quality Metric;Quality Sum;P Real;P pred;H Real Preal;H Real Ppred
3.0;20;25;0.025236695523304112;-1.1012732871614657;0.021789937316753702;0.062;75.0;100.0;0.0829605078650181;0.1047504451817718
8.0;20;25;0.025236695523304112;-1.1012732871614657;nan;0.062;125.0;60.0;0.0867459868794762;0.0492114794156571
16.0;20;25;0.025236695523304112;-1.1012732871614657;nan;0.062;100.0;75.0;0.0844783754487946;0.0725509104538725
21.0;20;25;0.025236695523304112;-1.1012732871614657;0.04028390927569819;0.062;90.0;150.0;0.0986127877393275;0.1388966970150257
29.0;20;25;0.025236695523304112;-1.1012732871614657;nan;0.062;90.0;50.0;0.098923572533551;0.0682501634306618
