Site;Number Data Training;Number Global Data;MSE Test;R2 Test;Quality Metric;Quality Sum;P Real;P pred;H Real Preal;H Real Ppred
1.0;20;25;0.013660062098109781;0.12610931216681365;0.06287049047289771;0.063;30.0;90.0;0.0425305241829691;0.1054010146558668
18.0;20;25;0.013660062098109781;0.12610931216681365;nan;0.063;3652.0;30.0;0.0515095706017609;0.013022431319224
20.0;20;25;0.013660062098109781;0.12610931216681365;nan;0.063;90.0;90.0;0.0939738204160915;0.0939738204160915
27.0;20;25;0.013660062098109781;0.12610931216681365;nan;0.063;30.0;30.0;0.0493077354091983;0.0493077354091983
29.0;20;25;0.013660062098109781;0.12610931216681365;nan;0.063;90.0;30.0;0.098923572533551;0.0532782227856177
