Site;Number Data Training;Number Global Data;MSE Test;R2 Test;Quality Metric;Quality Sum;P Real;P pred;H Real Preal;H Real Ppred
8.0;20;25;0.010216380957732432;0.2939787937517844;nan;0.276;125.0;100.0;0.0867459868794762;0.0671801751349022
12.0;20;25;0.010216380957732432;0.2939787937517844;nan;0.276;150.0;100.0;0.0962223954294124;0.075515837203816
13.0;20;25;0.010216380957732432;0.2939787937517844;-0.0004905316470971005;0.276;3000.0;3652.0;0.0998605746589843;0.0993700430118872
21.0;20;25;0.010216380957732432;0.2939787937517844;0.1500261290787484;0.276;90.0;365.0;0.0986127877393275;0.2486389168180759
27.0;20;25;0.010216380957732432;0.2939787937517844;0.1267382681995349;0.276;75.0;250.0;0.0972403971442618;0.2239786653437967
