Site;Number Data Training;Number Global Data;MSE Test;R2 Test;Quality Metric;Quality Sum;P Real;P pred;H Real Preal;H Real Ppred
11.0;20;25;0.006882273342633889;0.5689327199245602;nan;0;330.0;60.0;0.0959083060330537;0.033546352924242
16.0;20;25;0.006882273342633889;0.5689327199245602;nan;0;100.0;75.0;0.0844783754487946;0.0725509104538725
20.0;20;25;0.006882273342633889;0.5689327199245602;nan;0;100.0;60.0;0.0910601462720121;0.0690811583444499
21.0;20;25;0.006882273342633889;0.5689327199245602;nan;0;90.0;75.0;0.0986127877393275;0.0773218887357087
27.0;20;25;0.006882273342633889;0.5689327199245602;nan;0;75.0;50.0;0.0972403971442618;0.0763259694301895
