Site;Number Data Training;Number Global Data;MSE Test;R2 Test;Quality Metric;Quality Sum;P Real;P pred;H Real Preal;H Real Ppred
1.0;20;25;0.011401056424775952;0.4338502966965123;nan;0.066;75.0;75.0;0.0850912692667235;0.0850912692667235
8.0;20;25;0.011401056424775952;0.4338502966965123;nan;0.066;125.0;90.0;0.0867459868794762;0.0692507301025263
10.0;20;25;0.011401056424775952;0.4338502966965123;0.0282396243392658;0.066;100.0;150.0;0.0973990073949321;0.1256386317341979
16.0;20;25;0.011401056424775952;0.4338502966965123;nan;0.066;100.0;90.0;0.0844783754487946;0.0895169299721877
23.0;20;25;0.011401056424775952;0.4338502966965123;0.037729339075152385;0.066;50.0;75.0;0.0951034486697061;0.1328327877448585
