Site;Number Data Training;Number Global Data;MSE Test;R2 Test;Quality Metric;Quality Sum;P Real;P pred;H Real Preal;H Real Ppred
16.0;20;25;0.008916052768246975;0.656498770979909;nan;0.003;100.0;75.0;0.0844783754487946;0.0725509104538725
18.0;20;25;0.008916052768246975;0.656498770979909;nan;0.003;3652.0;75.0;0.0515095706017609;0.0236715852474286
21.0;20;25;0.008916052768246975;0.656498770979909;0.0027304464335027034;0.003;90.0;100.0;0.0986127877393275;0.1013432341728302
24.0;20;25;0.008916052768246975;0.656498770979909;nan;0.003;75.0;30.0;0.0806796201739536;0.0306645078478985
25.0;20;25;0.008916052768246975;0.656498770979909;nan;0.003;125.0;125.0;0.0940222321495014;0.0940222321495014
