Site;Number Data Training;Number Global Data;MSE Test;R2 Test;Quality Metric;Quality Sum;P Real;P pred;H Real Preal;H Real Ppred
1.0;20;25;0.01643266085842932;0.11556099446481083;0.022969212840433198;0.524;75.0;100.0;0.0850912692667235;0.1080604821071567
10.0;20;25;0.01643266085842932;0.11556099446481083;0.01827575978408201;0.524;100.0;125.0;0.0973990073949321;0.1156747671790141
19.0;20;25;0.01643266085842932;0.11556099446481083;0.36846757133833147;0.524;30.0;1000.0;0.0866235149493999;0.4550910862877314
21.0;20;25;0.01643266085842932;0.11556099446481083;0.0027304464335027034;0.524;90.0;100.0;0.0986127877393275;0.1013432341728302
29.0;20;25;0.01643266085842932;0.11556099446481083;0.11188058754952301;0.524;90.0;1000.0;0.098923572533551;0.210804160083074
