Site;Number Data Training;Number Global Data;MSE Test;R2 Test;Quality Metric;Quality Sum;P Real;P pred;H Real Preal;H Real Ppred
4.0;22;27;0.011836533257430048;0.6272126830464296;nan;0;30.0;30.0;0.0343745209691433;0.0343745209691433
6.0;22;27;0.011836533257430048;0.6272126830464296;nan;0;90.0;30.0;0.0805447502647162;0.0352018987493894
12.0;22;27;0.011836533257430048;0.6272126830464296;nan;0;90.0;90.0;0.0730083632551525;0.0730083632551525
14.0;22;27;0.011836533257430048;0.6272126830464296;nan;0;90.0;90.0;0.0669928669115922;0.0669928669115922
23.0;22;27;0.011836533257430048;0.6272126830464296;nan;0;30.0;30.0;0.0601751122032808;0.0601751122032808
