Site;Number Data Training;Number Global Data;MSE Test;R2 Test;Quality Metric;Quality Sum;P Real;P pred;H Real Preal;H Real Ppred
7.0;20;25;0.01022182583857775;0.5984655223753171;nan;0.179;100.0;100.0;0.0904205207984803;0.0904205207984803
11.0;20;25;0.01022182583857775;0.5984655223753171;nan;0.179;330.0;90.0;0.0959083060330537;0.0435498926878454
19.0;20;25;0.01022182583857775;0.5984655223753171;0.11528048195616689;0.179;30.0;90.0;0.0866235149493999;0.2019039969055668
20.0;20;25;0.01022182583857775;0.5984655223753171;nan;0.179;100.0;75.0;0.0910601462720121;0.0760837005891203
28.0;20;25;0.01022182583857775;0.5984655223753171;0.0638347753668583;0.179;50.0;90.0;0.0912401650277275;0.1550749403945858
