Site;Number Data Training;Number Global Data;MSE Test;R2 Test;Quality Metric;Quality Sum;P Real;P pred;H Real Preal;H Real Ppred
7.0;20;25;0.007425191047583766;0.7240215566412413;nan;0.03;100.0;100.0;0.0904205207984803;0.0904205207984803
11.0;20;25;0.007425191047583766;0.7240215566412413;nan;0.03;330.0;60.0;0.0959083060330537;0.033546352924242
16.0;20;25;0.007425191047583766;0.7240215566412413;nan;0.03;100.0;75.0;0.0844783754487946;0.0725509104538725
21.0;20;25;0.007425191047583766;0.7240215566412413;0.029952452586890915;0.03;90.0;125.0;0.0986127877393275;0.1285652403262184
24.0;20;25;0.007425191047583766;0.7240215566412413;nan;0.03;75.0;30.0;0.0806796201739536;0.0306645078478985
