Site;Number Data Training;Number Global Data;MSE Test;R2 Test;Quality Metric;Quality Sum;P Real;P pred;H Real Preal;H Real Ppred
20.0;24;25;0.009872730416438307;0.2378339204940627;0.1028640221111458;0.103;100.0;365.0;0.0910601462720121;0.1939241683831579
