Site;SubCatch;Number Data Training;Number Global Data;MSE Test;R2 Test;Quality Metric;Quality Sum;P Real;P pred;H Real Preal;H Real Ppred
35;12;14;15;0.02555066698938767;0.2701893042548741;-0.052926481820372;-0.053;30;182;0.0559281700269176;0.0030016882065456
