Site;Number Data Training;Number Global Data;MSE Test;R2 Test;Quality Metric;Quality Sum;P Real;P pred;H Real Preal;H Real Ppred
7.0;20;25;0.014781743658751213;0.25977895799555806;nan;0.149;100.0;100.0;0.0904205207984803;0.0904205207984803
14.0;20;25;0.014781743658751213;0.25977895799555806;nan;0.149;150.0;100.0;0.0918619289379249;0.068680108288561
16.0;20;25;0.014781743658751213;0.25977895799555806;nan;0.149;100.0;75.0;0.0844783754487946;0.0725509104538725
17.0;20;25;0.014781743658751213;0.25977895799555806;0.023311678069818903;0.149;75.0;100.0;0.086416666848223;0.1097283449180419
19.0;20;25;0.014781743658751213;0.25977895799555806;0.125902378272696;0.149;30.0;100.0;0.0866235149493999;0.2125258932220959
