Site;Number Data Training;Number Global Data;MSE Test;R2 Test;Quality Metric;Quality Sum;P Real;P pred;H Real Preal;H Real Ppred
11.0;20;25;0.013689723944687794;0.7641963615725899;nan;0.192;330.0;75.0;0.0959083060330537;0.0368904258739981
15.0;20;25;0.013689723944687794;0.7641963615725899;0.0979284482959183;0.192;30.0;75.0;0.0825331753189077;0.180461623614826
17.0;20;25;0.013689723944687794;0.7641963615725899;0.020312919746835703;0.192;75.0;90.0;0.086416666848223;0.1067295865950587
22.0;20;25;0.013689723944687794;0.7641963615725899;nan;0.192;150.0;100.0;0.0946198779296581;0.0673529852309897
23.0;20;25;0.013689723944687794;0.7641963615725899;0.07412152634774449;0.192;50.0;100.0;0.0951034486697061;0.1692249750174506
