Site;Number Data Training;Number Global Data;MSE Test;R2 Test;Quality Metric;Quality Sum;P Real;P pred;H Real Preal;H Real Ppred
2.0;22;27;0.0052318585913577005;0.8026951884474225;nan;0.099;90.0;90.0;0.0681692089993866;0.0681692089993866
6.0;22;27;0.0052318585913577005;0.8026951884474225;nan;0.099;90.0;90.0;0.0805447502647162;0.0805447502647162
22.0;22;27;0.0052318585913577005;0.8026951884474225;nan;0.099;90.0;90.0;0.0665826349200478;0.0665826349200478
24.0;22;27;0.0052318585913577005;0.8026951884474225;nan;0.099;30.0;30.0;0.0306645078478985;0.0306645078478985
28.0;22;27;0.0052318585913577005;0.8026951884474225;0.09894812544548881;0.099;30.0;90.0;0.056126814949097;0.1550749403945858
