Site;Number Data Training;Number Global Data;MSE Test;R2 Test;Quality Metric;Quality Sum;P Real;P pred;H Real Preal;H Real Ppred
7.0;20;25;0.0035512474087346355;0.7629548331263406;nan;0.065;90.0;30.0;0.086542647569335;0.0316583333666094
17.0;20;25;0.0035512474087346355;0.7629548331263406;0.0653970705161301;0.065;30.0;90.0;0.0413325160789286;0.1067295865950587
21.0;20;25;0.0035512474087346355;0.7629548331263406;nan;0.065;90.0;30.0;0.0986127877393275;0.0354389533967742
22.0;20;25;0.0035512474087346355;0.7629548331263406;nan;0.065;90.0;90.0;0.0665826349200478;0.0665826349200478
29.0;20;25;0.0035512474087346355;0.7629548331263406;nan;0.065;90.0;30.0;0.098923572533551;0.0532782227856177
