Site;Number Data Training;Number Global Data;MSE Test;R2 Test;Quality Metric;Quality Sum;P Real;P pred;H Real Preal;H Real Ppred
8.0;20;25;0.015971080352032818;0.5470464484597362;nan;0.065;90.0;90.0;0.0692507301025263;0.0692507301025263
17.0;20;25;0.015971080352032818;0.5470464484597362;0.0653970705161301;0.065;30.0;90.0;0.0413325160789286;0.1067295865950587
19.0;20;25;0.015971080352032818;0.5470464484597362;nan;0.065;30.0;30.0;0.0866235149493999;0.0866235149493999
23.0;20;25;0.015971080352032818;0.5470464484597362;nan;0.065;30.0;30.0;0.0601751122032808;0.0601751122032808
24.0;20;25;0.015971080352032818;0.5470464484597362;nan;0.065;30.0;30.0;0.0306645078478985;0.0306645078478985
