Site;Number Data Training;Number Global Data;MSE Test;R2 Test;Quality Metric;Quality Sum;P Real;P pred;H Real Preal;H Real Ppred
8.0;20;25;0.04035088143441259;-0.27332573420044537;nan;0.056;125.0;50.0;0.0867459868794762;0.0411498392865107
11.0;20;25;0.04035088143441259;-0.27332573420044537;nan;0.056;330.0;100.0;0.0959083060330537;0.0450395001628755
18.0;20;25;0.04035088143441259;-0.27332573420044537;nan;0.056;3652.0;60.0;0.0515095706017609;0.0207932237891045
24.0;20;25;0.04035088143441259;-0.27332573420044537;nan;0.056;75.0;30.0;0.0806796201739536;0.0306645078478985
28.0;20;25;0.04035088143441259;-0.27332573420044537;0.05616145497135011;0.056;50.0;100.0;0.0912401650277275;0.1474016199990776
