Site;SubCatch;Number Data Training;Number Global Data;MSE Test;R2 Test;Quality Metric;Quality Sum;P Real;P pred;H Real Preal;H Real Ppred
33;8;24;25;0.040994928664948437;0.23502877624880159;0.1023912241722419;0.102;90;100;0.003327302311581;0.1057185264838229
