Site;Number Data Training;Number Global Data;MSE Test;R2 Test;Quality Metric;Quality Sum;P Real;P pred;H Real Preal;H Real Ppred
13.0;20;25;0.0042139919895744105;0.8379252489744813;-0.0004905316470971005;0.155;3000.0;3652.0;0.0998605746589843;0.0993700430118872
19.0;20;25;0.0042139919895744105;0.8379252489744813;0.08355299194062568;0.155;30.0;75.0;0.0866235149493999;0.1701765068900256
21.0;20;25;0.0042139919895744105;0.8379252489744813;0.0716592345613033;0.155;90.0;200.0;0.0986127877393275;0.1702720223006308
22.0;20;25;0.0042139919895744105;0.8379252489744813;nan;0.155;150.0;100.0;0.0946198779296581;0.0673529852309897
28.0;20;25;0.0042139919895744105;0.8379252489744813;nan;0.155;50.0;50.0;0.0912401650277275;0.0912401650277275
