Site;Number Data Training;Number Global Data;MSE Test;R2 Test;Quality Metric;Quality Sum;P Real;P pred;H Real Preal;H Real Ppred
1.0;20;25;0.027355264008007456;-0.35613787434736466;0.022969212840433198;0.107;75.0;100.0;0.0850912692667235;0.1080604821071567
8.0;20;25;0.027355264008007456;-0.35613787434736466;nan;0.107;125.0;75.0;0.0867459868794762;0.0551663282849413
19.0;20;25;0.027355264008007456;-0.35613787434736466;0.08355299194062568;0.107;30.0;75.0;0.0866235149493999;0.1701765068900256
20.0;20;25;0.027355264008007456;-0.35613787434736466;nan;0.107;100.0;100.0;0.0910601462720121;0.0910601462720121
22.0;20;25;0.027355264008007456;-0.35613787434736466;nan;0.107;150.0;90.0;0.0946198779296581;0.0665826349200478
