Site;Number Data Training;Number Global Data;MSE Test;R2 Test;Quality Metric;Quality Sum;P Real;P pred;H Real Preal;H Real Ppred
8.0;20;25;0.010659321034523014;0.217513385636262;nan;0;90.0;30.0;0.0692507301025263;0.0261748518897128
12.0;20;25;0.010659321034523014;0.217513385636262;nan;0;90.0;90.0;0.0730083632551525;0.0730083632551525
13.0;20;25;0.010659321034523014;0.217513385636262;nan;0;3652.0;90.0;0.0993700430118872;0.0459743068795799
21.0;20;25;0.010659321034523014;0.217513385636262;nan;0;90.0;90.0;0.0986127877393275;0.0986127877393275
27.0;20;25;0.010659321034523014;0.217513385636262;nan;0;30.0;30.0;0.0493077354091983;0.0493077354091983
