Site;Number Data Training;Number Global Data;MSE Test;R2 Test;Quality Metric;Quality Sum;P Real;P pred;H Real Preal;H Real Ppred
1.0;20;25;0.008858305068090877;0.5232281252168142;0.022969212840433198;0.311;75.0;100.0;0.0850912692667235;0.1080604821071567
10.0;20;25;0.008858305068090877;0.5232281252168142;0.01827575978408201;0.311;100.0;125.0;0.0973990073949321;0.1156747671790141
19.0;20;25;0.008858305068090877;0.5232281252168142;0.125902378272696;0.311;30.0;100.0;0.0866235149493999;0.2125258932220959
21.0;20;25;0.008858305068090877;0.5232281252168142;0.11822622052124279;0.311;90.0;250.0;0.0986127877393275;0.2168390082605703
29.0;20;25;0.008858305068090877;0.5232281252168142;0.025300053544640502;0.311;90.0;125.0;0.098923572533551;0.1242236260781915
