Site;Number Data Training;Number Global Data;MSE Test;R2 Test;Quality Metric;Quality Sum;P Real;P pred;H Real Preal;H Real Ppred
3.0;20;25;0.008228506355773296;0.22378615023658333;nan;0;30.0;30.0;0.0404493979934081;0.0404493979934081
11.0;20;25;0.008228506355773296;0.22378615023658333;nan;0;182.0;30.0;0.0809120145894057;0.020072089411818
13.0;20;25;0.008228506355773296;0.22378615023658333;nan;0;3652.0;90.0;0.0993700430118872;0.0459743068795799
14.0;20;25;0.008228506355773296;0.22378615023658333;nan;0;90.0;90.0;0.0669928669115922;0.0669928669115922
21.0;20;25;0.008228506355773296;0.22378615023658333;nan;0;90.0;30.0;0.0986127877393275;0.0354389533967742
