Site;SubCatch;Number Data Training;Number Global Data;MSE Test;R2 Test;Quality Metric;Quality Sum;P Real;P pred;H Real Preal;H Real Ppred
33;2;14;15;0.03597207509494779;0.0895637353011075;0.1480388889249638;0.148;30;100;0.0843838997550839;0.2324227886800477
