Site;Number Data Training;Number Global Data;MSE Test;R2 Test;Quality Metric;Quality Sum;P Real;P pred;H Real Preal;H Real Ppred
3.0;20;25;0.006225447240038243;0.4816529773461896;nan;0.15;75.0;75.0;0.0829605078650181;0.0829605078650181
8.0;20;25;0.006225447240038243;0.4816529773461896;nan;0.15;125.0;100.0;0.0867459868794762;0.0671801751349022
16.0;20;25;0.006225447240038243;0.4816529773461896;nan;0.15;100.0;100.0;0.0844783754487946;0.0844783754487946
21.0;20;25;0.006225447240038243;0.4816529773461896;0.1500261290787484;0.15;90.0;365.0;0.0986127877393275;0.2486389168180759
29.0;20;25;0.006225447240038243;0.4816529773461896;nan;0.15;90.0;75.0;0.098923572533551;0.0850413070264584
