Site;Number Data Training;Number Global Data;MSE Test;R2 Test;Quality Metric;Quality Sum;P Real;P pred;H Real Preal;H Real Ppred
28.0;24;25;0.012224436907397574;0.6418831872621067;0.05616145497135011;0.056;50.0;100.0;0.0912401650277275;0.1474016199990776
