Site;Number Data Training;Number Global Data;MSE Test;R2 Test;Quality Metric;Quality Sum;P Real;P pred;H Real Preal;H Real Ppred
8.0;20;25;0.005439478707612308;0.6006950851711861;nan;0.219;90.0;90.0;0.0692507301025263;0.0692507301025263
12.0;20;25;0.005439478707612308;0.6006950851711861;nan;0.219;90.0;90.0;0.0730083632551525;0.0730083632551525
13.0;20;25;0.005439478707612308;0.6006950851711861;nan;0.219;3652.0;730.0;0.0993700430118872;0.0884871835852028
21.0;20;25;0.005439478707612308;0.6006950851711861;0.1500261290787484;0.219;90.0;365.0;0.0986127877393275;0.2486389168180759
27.0;20;25;0.005439478707612308;0.6006950851711861;0.06916025460476449;0.219;30.0;90.0;0.0493077354091983;0.1184679900139628
