Site;Number Data Training;Number Global Data;MSE Test;R2 Test;Quality Metric;Quality Sum;P Real;P pred;H Real Preal;H Real Ppred
1.0;20;25;0.006120628097767899;0.8382627639109096;nan;0.084;75.0;50.0;0.0850912692667235;0.0641227286941075
4.0;20;25;0.006120628097767899;0.8382627639109096;nan;0.084;75.0;75.0;0.0982052033382978;0.0982052033382978
18.0;20;25;0.006120628097767899;0.8382627639109096;nan;0.084;3652.0;2250.0;0.0515095706017609;0.0509764643146258
19.0;20;25;0.006120628097767899;0.8382627639109096;0.08355299194062568;0.084;30.0;75.0;0.0866235149493999;0.1701765068900256
30.0;20;25;0.006120628097767899;0.8382627639109096;nan;0.084;365.0;100.0;0.0943415440641389;0.0491261932172611
