Site;Number Data Training;Number Global Data;MSE Test;R2 Test;Quality Metric;Quality Sum;P Real;P pred;H Real Preal;H Real Ppred
3.0;20;25;0.010266433440050446;0.5221444056349189;0.021789937316753702;0.105;75.0;100.0;0.0829605078650181;0.1047504451817718
13.0;20;25;0.010266433440050446;0.5221444056349189;nan;0.105;3000.0;125.0;0.0998605746589843;0.0553150340899671
19.0;20;25;0.010266433440050446;0.5221444056349189;0.08355299194062568;0.105;30.0;75.0;0.0866235149493999;0.1701765068900256
27.0;20;25;0.010266433440050446;0.5221444056349189;nan;0.105;75.0;75.0;0.0972403971442618;0.0972403971442618
30.0;20;25;0.010266433440050446;0.5221444056349189;nan;0.105;365.0;100.0;0.0943415440641389;0.0491261932172611
