Site;Number Data Training;Number Global Data;MSE Test;R2 Test;Quality Metric;Quality Sum;P Real;P pred;H Real Preal;H Real Ppred
10.0;20;25;0.016782523699899927;0.3297978597391543;0.0282396243392658;0.306;100.0;150.0;0.0973990073949321;0.1256386317341979
19.0;20;25;0.016782523699899927;0.3297978597391543;0.08355299194062568;0.306;30.0;75.0;0.0866235149493999;0.1701765068900256
20.0;20;25;0.016782523699899927;0.3297978597391543;0.1028640221111458;0.306;100.0;365.0;0.0910601462720121;0.1939241683831579
27.0;20;25;0.016782523699899927;0.3297978597391543;0.05891033117815031;0.306;75.0;150.0;0.0972403971442618;0.1561507283224121
28.0;20;25;0.016782523699899927;0.3297978597391543;0.032093643247467704;0.306;50.0;75.0;0.0912401650277275;0.1233338082751952
