Site;Number Data Training;Number Global Data;MSE Test;R2 Test;Quality Metric;Quality Sum;P Real;P pred;H Real Preal;H Real Ppred
3.0;20;25;0.011713170414933364;-0.06813522356199431;nan;0;75.0;75.0;0.0829605078650181;0.0829605078650181
11.0;20;25;0.011713170414933364;-0.06813522356199431;nan;0;330.0;50.0;0.0959083060330537;0.0284514783161753
13.0;20;25;0.011713170414933364;-0.06813522356199431;nan;0;3000.0;125.0;0.0998605746589843;0.0553150340899671
14.0;20;25;0.011713170414933364;-0.06813522356199431;nan;0;150.0;100.0;0.0918619289379249;0.068680108288561
21.0;20;25;0.011713170414933364;-0.06813522356199431;nan;0;90.0;60.0;0.0986127877393275;0.0677394370248157
