Site;Number Data Training;Number Global Data;MSE Test;R2 Test;Quality Metric;Quality Sum;P Real;P pred;H Real Preal;H Real Ppred
1.0;20;25;0.003588566009006982;0.8232242222216358;nan;0.15;30.0;30.0;0.0425305241829691;0.0425305241829691
10.0;20;25;0.003588566009006982;0.8232242222216358;nan;0.15;90.0;90.0;0.0915538363720714;0.0915538363720714
19.0;20;25;0.003588566009006982;0.8232242222216358;nan;0.15;30.0;30.0;0.0866235149493999;0.0866235149493999
21.0;20;25;0.003588566009006982;0.8232242222216358;0.1500261290787484;0.15;90.0;365.0;0.0986127877393275;0.2486389168180759
29.0;20;25;0.003588566009006982;0.8232242222216358;nan;0.15;90.0;90.0;0.098923572533551;0.098923572533551
