Site;SubCatch;Number Data Training;Number Global Data;MSE Test;R2 Test;Quality Metric;Quality Sum;P Real;P pred;H Real Preal;H Real Ppred
37;5;24;25;0.00501383689873129;0.42069369396848255;0.0740260035612463;0.074;30;90;0.0461235585630376;0.1201495621242839
