Site;Number Data Training;Number Global Data;MSE Test;R2 Test;Quality Metric;Quality Sum;P Real;P pred;H Real Preal;H Real Ppred
8.0;20;25;0.014911714689292994;0.39321497950132267;nan;0.112;125.0;100.0;0.0867459868794762;0.0671801751349022
10.0;20;25;0.014911714689292994;0.39321497950132267;0.01827575978408201;0.112;100.0;125.0;0.0973990073949321;0.1156747671790141
20.0;20;25;0.014911714689292994;0.39321497950132267;nan;0.112;100.0;100.0;0.0910601462720121;0.0910601462720121
23.0;20;25;0.014911714689292994;0.39321497950132267;0.037729339075152385;0.112;50.0;75.0;0.0951034486697061;0.1328327877448585
28.0;20;25;0.014911714689292994;0.39321497950132267;0.05616145497135011;0.112;50.0;100.0;0.0912401650277275;0.1474016199990776
