Site;Number Data Training;Number Global Data;MSE Test;R2 Test;Quality Metric;Quality Sum;P Real;P pred;H Real Preal;H Real Ppred
3.0;20;25;0.011217251924545807;0.44889539108939436;nan;0.038;75.0;75.0;0.0829605078650181;0.0829605078650181
13.0;20;25;0.011217251924545807;0.44889539108939436;nan;0.038;3000.0;150.0;0.0998605746589843;0.0594677090973026
22.0;20;25;0.011217251924545807;0.44889539108939436;nan;0.038;150.0;100.0;0.0946198779296581;0.0673529852309897
23.0;20;25;0.011217251924545807;0.44889539108939436;0.037729339075152385;0.038;50.0;75.0;0.0951034486697061;0.1328327877448585
30.0;20;25;0.011217251924545807;0.44889539108939436;nan;0.038;365.0;100.0;0.0943415440641389;0.0491261932172611
