Site;Number Data Training;Number Global Data;MSE Test;R2 Test;Quality Metric;Quality Sum;P Real;P pred;H Real Preal;H Real Ppred
4.0;22;27;0.00990005134952278;0.6993363573638709;nan;0.099;30.0;30.0;0.0343745209691433;0.0343745209691433
7.0;22;27;0.00990005134952278;0.6993363573638709;nan;0.099;90.0;90.0;0.086542647569335;0.086542647569335
8.0;22;27;0.00990005134952278;0.6993363573638709;nan;0.099;90.0;30.0;0.0692507301025263;0.0261748518897128
14.0;22;27;0.00990005134952278;0.6993363573638709;nan;0.099;90.0;90.0;0.0669928669115922;0.0669928669115922
28.0;22;27;0.00990005134952278;0.6993363573638709;0.09894812544548881;0.099;30.0;90.0;0.056126814949097;0.1550749403945858
