Site;Number Data Training;Number Global Data;MSE Test;R2 Test;Quality Metric;Quality Sum;P Real;P pred;H Real Preal;H Real Ppred
7.0;20;25;0.007142736259465225;0.7629581529606325;nan;0;90.0;90.0;0.086542647569335;0.086542647569335
12.0;20;25;0.007142736259465225;0.7629581529606325;nan;0;90.0;90.0;0.0730083632551525;0.0730083632551525
23.0;20;25;0.007142736259465225;0.7629581529606325;nan;0;30.0;30.0;0.0601751122032808;0.0601751122032808
24.0;20;25;0.007142736259465225;0.7629581529606325;nan;0;30.0;30.0;0.0306645078478985;0.0306645078478985
25.0;20;25;0.007142736259465225;0.7629581529606325;nan;0;90.0;90.0;0.0734978659430122;0.0734978659430122
