Site;Number Data Training;Number Global Data;MSE Test;R2 Test;Quality Metric;Quality Sum;P Real;P pred;H Real Preal;H Real Ppred
11.0;20;25;0.016660378177109355;0.05574311401077792;nan;0.084;330.0;60.0;0.0959083060330537;0.033546352924242
13.0;20;25;0.016660378177109355;0.05574311401077792;nan;0.084;3000.0;60.0;0.0998605746589843;0.0346905965629798
14.0;20;25;0.016660378177109355;0.05574311401077792;nan;0.084;150.0;100.0;0.0918619289379249;0.068680108288561
19.0;20;25;0.016660378177109355;0.05574311401077792;0.08355299194062568;0.084;30.0;75.0;0.0866235149493999;0.1701765068900256
20.0;20;25;0.016660378177109355;0.05574311401077792;nan;0.084;100.0;75.0;0.0910601462720121;0.0760837005891203
