Site;Number Data Training;Number Global Data;MSE Test;R2 Test;Quality Metric;Quality Sum;P Real;P pred;H Real Preal;H Real Ppred
4.0;20;25;0.009088136138888809;0.7675421359981074;nan;0.117;75.0;60.0;0.0982052033382978;0.0777451642775314
8.0;20;25;0.009088136138888809;0.7675421359981074;nan;0.117;125.0;75.0;0.0867459868794762;0.0551663282849413
17.0;20;25;0.009088136138888809;0.7675421359981074;0.023311678069818903;0.117;75.0;100.0;0.086416666848223;0.1097283449180419
23.0;20;25;0.009088136138888809;0.7675421359981074;0.037729339075152385;0.117;50.0;75.0;0.0951034486697061;0.1328327877448585
28.0;20;25;0.009088136138888809;0.7675421359981074;0.05616145497135011;0.117;50.0;100.0;0.0912401650277275;0.1474016199990776
