Site;Number Data Training;Number Global Data;MSE Test;R2 Test;Quality Metric;Quality Sum;P Real;P pred;H Real Preal;H Real Ppred
3.0;20;25;0.004026646974245731;0.6735153610496629;nan;0.025;75.0;75.0;0.0829605078650181;0.0829605078650181
7.0;20;25;0.004026646974245731;0.6735153610496629;nan;0.025;100.0;30.0;0.0904205207984803;0.0316583333666094
14.0;20;25;0.004026646974245731;0.6735153610496629;nan;0.025;150.0;100.0;0.0918619289379249;0.068680108288561
16.0;20;25;0.004026646974245731;0.6735153610496629;0.024675435802241102;0.025;100.0;125.0;0.0844783754487946;0.1091538112510357
29.0;20;25;0.004026646974245731;0.6735153610496629;nan;0.025;90.0;75.0;0.098923572533551;0.0850413070264584
