Site;Number Data Training;Number Global Data;MSE Test;R2 Test;Quality Metric;Quality Sum;P Real;P pred;H Real Preal;H Real Ppred
15.0;20;25;0.018603255844489127;0.6242478361364008;nan;0;30.0;30.0;0.0825331753189077;0.0825331753189077
16.0;20;25;0.018603255844489127;0.6242478361364008;nan;0;90.0;90.0;0.0895169299721877;0.0895169299721877
17.0;20;25;0.018603255844489127;0.6242478361364008;nan;0;30.0;30.0;0.0413325160789286;0.0413325160789286
18.0;20;25;0.018603255844489127;0.6242478361364008;nan;0;3652.0;365.0;0.0515095706017609;0.0481160170316837
22.0;20;25;0.018603255844489127;0.6242478361364008;nan;0;90.0;30.0;0.0665826349200478;0.026952018249273
