Site;Number Data Training;Number Global Data;MSE Test;R2 Test;Quality Metric;Quality Sum;P Real;P pred;H Real Preal;H Real Ppred
8.0;20;25;0.019205170063037968;0.21850640565510993;nan;0.104;125.0;100.0;0.0867459868794762;0.0671801751349022
10.0;20;25;0.019205170063037968;0.21850640565510993;0.0282396243392658;0.104;100.0;150.0;0.0973990073949321;0.1256386317341979
20.0;20;25;0.019205170063037968;0.21850640565510993;nan;0.104;100.0;100.0;0.0910601462720121;0.0910601462720121
23.0;20;25;0.019205170063037968;0.21850640565510993;0.019244970556029098;0.104;50.0;60.0;0.0951034486697061;0.1143484192257352
28.0;20;25;0.019205170063037968;0.21850640565510993;0.05616145497135011;0.104;50.0;100.0;0.0912401650277275;0.1474016199990776
