Site;Number Data Training;Number Global Data;MSE Test;R2 Test;Quality Metric;Quality Sum;P Real;P pred;H Real Preal;H Real Ppred
15.0;20;25;0.010682048522942227;0.8260698171478505;0.0979284482959183;0.098;30.0;75.0;0.0825331753189077;0.180461623614826
16.0;20;25;0.010682048522942227;0.8260698171478505;nan;0.098;100.0;75.0;0.0844783754487946;0.0725509104538725
20.0;20;25;0.010682048522942227;0.8260698171478505;nan;0.098;100.0;100.0;0.0910601462720121;0.0910601462720121
24.0;20;25;0.010682048522942227;0.8260698171478505;nan;0.098;75.0;75.0;0.0806796201739536;0.0806796201739536
27.0;20;25;0.010682048522942227;0.8260698171478505;nan;0.098;75.0;75.0;0.0972403971442618;0.0972403971442618
