Site;Number Data Training;Number Global Data;MSE Test;R2 Test;Quality Metric;Quality Sum;P Real;P pred;H Real Preal;H Real Ppred
1.0;20;25;0.013227081964941436;0.5769774333837119;nan;0.221;75.0;75.0;0.0850912692667235;0.0850912692667235
20.0;20;25;0.013227081964941436;0.5769774333837119;nan;0.221;100.0;75.0;0.0910601462720121;0.0760837005891203
24.0;20;25;0.013227081964941436;0.5769774333837119;nan;0.221;75.0;45.0;0.0806796201739536;0.049342016507786
28.0;20;25;0.013227081964941436;0.5769774333837119;0.2213010308119178;0.221;50.0;330.0;0.0912401650277275;0.3125411958396453
30.0;20;25;0.013227081964941436;0.5769774333837119;nan;0.221;365.0;75.0;0.0943415440641389;0.0397819268309972
