Site;Number Data Training;Number Global Data;MSE Test;R2 Test;Quality Metric;Quality Sum;P Real;P pred;H Real Preal;H Real Ppred
4.0;20;25;0.016173139584767765;0.6157887670933673;0.013202385271553596;0.016;75.0;100.0;0.0982052033382978;0.1114075886098514
12.0;20;25;0.016173139584767765;0.6157887670933673;nan;0.016;150.0;100.0;0.0962223954294124;0.075515837203816
21.0;20;25;0.016173139584767765;0.6157887670933673;0.0027304464335027034;0.016;90.0;100.0;0.0986127877393275;0.1013432341728302
24.0;20;25;0.016173139584767765;0.6157887670933673;nan;0.016;75.0;30.0;0.0806796201739536;0.0306645078478985
27.0;20;25;0.016173139584767765;0.6157887670933673;nan;0.016;75.0;75.0;0.0972403971442618;0.0972403971442618
