Site;Number Data Training;Number Global Data;MSE Test;R2 Test;Quality Metric;Quality Sum;P Real;P pred;H Real Preal;H Real Ppred
3.0;20;25;0.011650883709509115;0.5263257026769181;nan;0.069;30.0;30.0;0.0404493979934081;0.0404493979934081
11.0;20;25;0.011650883709509115;0.5263257026769181;nan;0.069;182.0;30.0;0.0809120145894057;0.020072089411818
24.0;20;25;0.011650883709509115;0.5263257026769181;nan;0.069;30.0;30.0;0.0306645078478985;0.0306645078478985
27.0;20;25;0.011650883709509115;0.5263257026769181;0.06916025460476449;0.069;30.0;90.0;0.0493077354091983;0.1184679900139628
30.0;20;25;0.011650883709509115;0.5263257026769181;nan;0.069;365.0;30.0;0.0943415440641389;0.0218219316716011
