Site;Number Data Training;Number Global Data;MSE Test;R2 Test;Quality Metric;Quality Sum;P Real;P pred;H Real Preal;H Real Ppred
8.0;20;25;0.022047076535086228;-0.11940063556534852;nan;0.043;125.0;100.0;0.0867459868794762;0.0671801751349022
14.0;20;25;0.022047076535086228;-0.11940063556534852;nan;0.043;150.0;100.0;0.0918619289379249;0.068680108288561
17.0;20;25;0.022047076535086228;-0.11940063556534852;0.023311678069818903;0.043;75.0;100.0;0.086416666848223;0.1097283449180419
23.0;20;25;0.022047076535086228;-0.11940063556534852;0.019244970556029098;0.043;50.0;60.0;0.0951034486697061;0.1143484192257352
30.0;20;25;0.022047076535086228;-0.11940063556534852;nan;0.043;365.0;75.0;0.0943415440641389;0.0397819268309972
