Site;Number Data Training;Number Global Data;MSE Test;R2 Test;Quality Metric;Quality Sum;P Real;P pred;H Real Preal;H Real Ppred
8.0;20;25;0.017634770454637187;0.28532643379361966;nan;0.115;90.0;90.0;0.0692507301025263;0.0692507301025263
11.0;20;25;0.017634770454637187;0.28532643379361966;nan;0.115;182.0;30.0;0.0809120145894057;0.020072089411818
12.0;20;25;0.017634770454637187;0.28532643379361966;nan;0.115;90.0;90.0;0.0730083632551525;0.0730083632551525
19.0;20;25;0.017634770454637187;0.28532643379361966;0.11528048195616689;0.115;30.0;90.0;0.0866235149493999;0.2019039969055668
23.0;20;25;0.017634770454637187;0.28532643379361966;nan;0.115;30.0;30.0;0.0601751122032808;0.0601751122032808
