Site;Number Data Training;Number Global Data;MSE Test;R2 Test;Quality Metric;Quality Sum;P Real;P pred;H Real Preal;H Real Ppred
3.0;20;25;0.01171053863881926;0.454927903223154;0.019796593369244803;0.103;75.0;90.0;0.0829605078650181;0.1027571012342629
13.0;20;25;0.01171053863881926;0.454927903223154;nan;0.103;3000.0;150.0;0.0998605746589843;0.0594677090973026
19.0;20;25;0.01171053863881926;0.454927903223154;0.08355299194062568;0.103;30.0;75.0;0.0866235149493999;0.1701765068900256
27.0;20;25;0.01171053863881926;0.454927903223154;nan;0.103;75.0;75.0;0.0972403971442618;0.0972403971442618
30.0;20;25;0.01171053863881926;0.454927903223154;nan;0.103;365.0;75.0;0.0943415440641389;0.0397819268309972
