Site;Number Data Training;Number Global Data;MSE Test;R2 Test;Quality Metric;Quality Sum;P Real;P pred;H Real Preal;H Real Ppred
10.0;22;27;0.003056499491681949;0.7645370763020343;nan;0;90.0;90.0;0.0915538363720714;0.0915538363720714
11.0;22;27;0.003056499491681949;0.7645370763020343;nan;0;182.0;30.0;0.0809120145894057;0.020072089411818
16.0;22;27;0.003056499491681949;0.7645370763020343;nan;0;90.0;90.0;0.0895169299721877;0.0895169299721877
25.0;22;27;0.003056499491681949;0.7645370763020343;nan;0;90.0;90.0;0.0734978659430122;0.0734978659430122
27.0;22;27;0.003056499491681949;0.7645370763020343;nan;0;30.0;30.0;0.0493077354091983;0.0493077354091983
