Site;Number Data Training;Number Global Data;MSE Test;R2 Test;Quality Metric;Quality Sum;P Real;P pred;H Real Preal;H Real Ppred
27.0;24;25;0.0010401567626428779;0.9585335033123545;0.01983004732601369;0.02;75.0;100.0;0.0972403971442618;0.1170704444702755
