Site;Number Data Training;Number Global Data;MSE Test;R2 Test;Quality Metric;Quality Sum;P Real;P pred;H Real Preal;H Real Ppred
1.0;20;25;0.009085951665251214;0.6540599949083148;0.022969212840433198;0.186;75.0;100.0;0.0850912692667235;0.1080604821071567
7.0;20;25;0.009085951665251214;0.6540599949083148;0.0232595604167075;0.186;100.0;125.0;0.0904205207984803;0.1136800812151878
19.0;20;25;0.009085951665251214;0.6540599949083148;0.08355299194062568;0.186;30.0;75.0;0.0866235149493999;0.1701765068900256
28.0;20;25;0.009085951665251214;0.6540599949083148;0.05616145497135011;0.186;50.0;100.0;0.0912401650277275;0.1474016199990776
30.0;20;25;0.009085951665251214;0.6540599949083148;nan;0.186;365.0;100.0;0.0943415440641389;0.0491261932172611
