Site;Number Data Training;Number Global Data;MSE Test;R2 Test;Quality Metric;Quality Sum;P Real;P pred;H Real Preal;H Real Ppred
4.0;20;25;0.01791029443001061;0.4293624961793352;0.06499270065801022;0.068;75.0;125.0;0.0982052033382978;0.163197903996308
7.0;20;25;0.01791029443001061;0.4293624961793352;nan;0.068;100.0;100.0;0.0904205207984803;0.0904205207984803
12.0;20;25;0.01791029443001061;0.4293624961793352;nan;0.068;150.0;100.0;0.0962223954294124;0.075515837203816
13.0;20;25;0.01791029443001061;0.4293624961793352;nan;0.068;3000.0;125.0;0.0998605746589843;0.0553150340899671
21.0;20;25;0.01791029443001061;0.4293624961793352;0.0027304464335027034;0.068;90.0;100.0;0.0986127877393275;0.1013432341728302
