Site;Number Data Training;Number Global Data;MSE Test;R2 Test;Quality Metric;Quality Sum;P Real;P pred;H Real Preal;H Real Ppred
8.0;22;27;0.010041628792572135;0.6256417172305591;nan;0.099;90.0;30.0;0.0692507301025263;0.0261748518897128
10.0;22;27;0.010041628792572135;0.6256417172305591;nan;0.099;90.0;90.0;0.0915538363720714;0.0915538363720714
12.0;22;27;0.010041628792572135;0.6256417172305591;nan;0.099;90.0;90.0;0.0730083632551525;0.0730083632551525
24.0;22;27;0.010041628792572135;0.6256417172305591;nan;0.099;30.0;30.0;0.0306645078478985;0.0306645078478985
28.0;22;27;0.010041628792572135;0.6256417172305591;0.09894812544548881;0.099;30.0;90.0;0.056126814949097;0.1550749403945858
