Site;Number Data Training;Number Global Data;MSE Test;R2 Test;Quality Metric;Quality Sum;P Real;P pred;H Real Preal;H Real Ppred
4.0;20;25;0.040484115304955576;0.4068468713598954;0.09395454999436499;0.353;30.0;90.0;0.0343745209691433;0.1283290709635083
15.0;20;25;0.040484115304955576;0.4068468713598954;0.154083590696306;0.353;30.0;90.0;0.0825331753189077;0.2366167660152137
19.0;20;25;0.040484115304955576;0.4068468713598954;nan;0.353;30.0;30.0;0.0866235149493999;0.0866235149493999
23.0;20;25;0.040484115304955576;0.4068468713598954;0.1053827308659946;0.353;30.0;90.0;0.0601751122032808;0.1655578430692754
27.0;20;25;0.040484115304955576;0.4068468713598954;nan;0.353;30.0;30.0;0.0493077354091983;0.0493077354091983
