Site;Number Data Training;Number Global Data;MSE Test;R2 Test;Quality Metric;Quality Sum;P Real;P pred;H Real Preal;H Real Ppred
1.0;20;25;0.06661097334304707;0.10321930715325789;0.022969212840433198;0.395;75.0;100.0;0.0850912692667235;0.1080604821071567
4.0;20;25;0.06661097334304707;0.10321930715325789;0.1133798346477225;0.395;75.0;150.0;0.0982052033382978;0.2115850379860203
15.0;20;25;0.06661097334304707;0.10321930715325789;0.2584766524071142;0.395;30.0;150.0;0.0825331753189077;0.3410098277260219
24.0;20;25;0.06661097334304707;0.10321930715325789;nan;0.395;75.0;75.0;0.0806796201739536;0.0806796201739536
30.0;20;25;0.06661097334304707;0.10321930715325789;nan;0.395;365.0;60.0;0.0943415440641389;0.0359401235490258
