Site;Number Data Training;Number Global Data;MSE Test;R2 Test;Quality Metric;Quality Sum;P Real;P pred;H Real Preal;H Real Ppred
16.0;22;27;0.009393909663783537;0.688965906190208;nan;0.181;90.0;90.0;0.0895169299721877;0.0895169299721877
17.0;22;27;0.009393909663783537;0.688965906190208;0.0653970705161301;0.181;30.0;90.0;0.0413325160789286;0.1067295865950587
18.0;22;27;0.009393909663783537;0.688965906190208;nan;0.181;3652.0;90.0;0.0515095706017609;0.0274766933281444
19.0;22;27;0.009393909663783537;0.688965906190208;0.11528048195616689;0.181;30.0;90.0;0.0866235149493999;0.2019039969055668
24.0;22;27;0.009393909663783537;0.688965906190208;nan;0.181;30.0;30.0;0.0306645078478985;0.0306645078478985
