Site;Number Data Training;Number Global Data;MSE Test;R2 Test;Quality Metric;Quality Sum;P Real;P pred;H Real Preal;H Real Ppred
11.0;22;27;0.008193502841323549;0.4439242340121472;nan;0;182.0;30.0;0.0809120145894057;0.020072089411818
13.0;22;27;0.008193502841323549;0.4439242340121472;nan;0;3652.0;30.0;0.0993700430118872;0.021215598309817
14.0;22;27;0.008193502841323549;0.4439242340121472;nan;0;90.0;90.0;0.0669928669115922;0.0669928669115922
22.0;22;27;0.008193502841323549;0.4439242340121472;nan;0;90.0;90.0;0.0665826349200478;0.0665826349200478
28.0;22;27;0.008193502841323549;0.4439242340121472;nan;0;30.0;30.0;0.056126814949097;0.056126814949097
