Site;Number Data Training;Number Global Data;MSE Test;R2 Test;Quality Metric;Quality Sum;P Real;P pred;H Real Preal;H Real Ppred
15.0;20;25;0.019938262016006215;0.6212388154120155;0.0979284482959183;0.118;30.0;75.0;0.0825331753189077;0.180461623614826
16.0;20;25;0.019938262016006215;0.6212388154120155;nan;0.118;100.0;75.0;0.0844783754487946;0.0725509104538725
17.0;20;25;0.019938262016006215;0.6212388154120155;0.020312919746835703;0.118;75.0;90.0;0.086416666848223;0.1067295865950587
20.0;20;25;0.019938262016006215;0.6212388154120155;nan;0.118;100.0;75.0;0.0910601462720121;0.0760837005891203
30.0;20;25;0.019938262016006215;0.6212388154120155;nan;0.118;365.0;75.0;0.0943415440641389;0.0397819268309972
