Site;Number Data Training;Number Global Data;MSE Test;R2 Test;Quality Metric;Quality Sum;P Real;P pred;H Real Preal;H Real Ppred
1.0;20;25;0.004638825035970202;0.8257719156630732;0.06287049047289771;0.128;30.0;90.0;0.0425305241829691;0.1054010146558668
11.0;20;25;0.004638825035970202;0.8257719156630732;nan;0.128;182.0;30.0;0.0809120145894057;0.020072089411818
17.0;20;25;0.004638825035970202;0.8257719156630732;0.0653970705161301;0.128;30.0;90.0;0.0413325160789286;0.1067295865950587
23.0;20;25;0.004638825035970202;0.8257719156630732;nan;0.128;30.0;30.0;0.0601751122032808;0.0601751122032808
28.0;20;25;0.004638825035970202;0.8257719156630732;nan;0.128;30.0;30.0;0.056126814949097;0.056126814949097
