Site;Number Data Training;Number Global Data;MSE Test;R2 Test;Quality Metric;Quality Sum;P Real;P pred;H Real Preal;H Real Ppred
8.0;20;25;0.033520116165808675;-0.3639950065160893;nan;0.287;125.0;75.0;0.0867459868794762;0.0551663282849413
10.0;20;25;0.033520116165808675;-0.3639950065160893;0.0282396243392658;0.287;100.0;150.0;0.0973990073949321;0.1256386317341979
20.0;20;25;0.033520116165808675;-0.3639950065160893;nan;0.287;100.0;75.0;0.0910601462720121;0.0760837005891203
23.0;20;25;0.033520116165808675;-0.3639950065160893;0.037729339075152385;0.287;50.0;75.0;0.0951034486697061;0.1328327877448585
28.0;20;25;0.033520116165808675;-0.3639950065160893;0.2213010308119178;0.287;50.0;330.0;0.0912401650277275;0.3125411958396453
