Site;Number Data Training;Number Global Data;MSE Test;R2 Test;Quality Metric;Quality Sum;P Real;P pred;H Real Preal;H Real Ppred
14.0;22;27;0.011015660803992302;0.8115835295489365;nan;0.07;90.0;90.0;0.0669928669115922;0.0669928669115922
15.0;22;27;0.011015660803992302;0.8115835295489365;nan;0.07;30.0;30.0;0.0825331753189077;0.0825331753189077
24.0;22;27;0.011015660803992302;0.8115835295489365;0.07035927671136251;0.07;30.0;90.0;0.0306645078478985;0.101023784559261
25.0;22;27;0.011015660803992302;0.8115835295489365;nan;0.07;90.0;90.0;0.0734978659430122;0.0734978659430122
27.0;22;27;0.011015660803992302;0.8115835295489365;nan;0.07;30.0;30.0;0.0493077354091983;0.0493077354091983
