Site;SubCatch;Number Data Training;Number Global Data;MSE Test;R2 Test;Quality Metric;Quality Sum;P Real;P pred;H Real Preal;H Real Ppred
37;8;14;15;0.0038928177013071116;0.35197326889584557;-0.08361246733349856;-0.084;150;550;0.0836747416091536;6.227427565503887e-05
