Site;SubCatch;Number Data Training;Number Global Data;MSE Test;R2 Test;Quality Metric;Quality Sum;P Real;P pred;H Real Preal;H Real Ppred
37;3;19;20;0.035591282221527916;-0.15185534945073775;-0.0406792925677604;-0.041;30;3652;0.0438076057251904;0.0031283131574299993
