Site;Number Data Training;Number Global Data;MSE Test;R2 Test;Quality Metric;Quality Sum;P Real;P pred;H Real Preal;H Real Ppred
12.0;22;27;0.003423444826493168;0.6257524316423753;nan;0.065;90.0;90.0;0.0730083632551525;0.0730083632551525
17.0;22;27;0.003423444826493168;0.6257524316423753;0.0653970705161301;0.065;30.0;90.0;0.0413325160789286;0.1067295865950587
18.0;22;27;0.003423444826493168;0.6257524316423753;nan;0.065;3652.0;90.0;0.0515095706017609;0.0274766933281444
22.0;22;27;0.003423444826493168;0.6257524316423753;nan;0.065;90.0;90.0;0.0665826349200478;0.0665826349200478
25.0;22;27;0.003423444826493168;0.6257524316423753;nan;0.065;90.0;90.0;0.0734978659430122;0.0734978659430122
