Site;Number Data Training;Number Global Data;MSE Test;R2 Test;Quality Metric;Quality Sum;P Real;P pred;H Real Preal;H Real Ppred
10.0;20;25;0.011509649951824043;0.6164951957992921;0.0282396243392658;0.028;100.0;150.0;0.0973990073949321;0.1256386317341979
11.0;20;25;0.011509649951824043;0.6164951957992921;nan;0.028;330.0;50.0;0.0959083060330537;0.0284514783161753
17.0;20;25;0.011509649951824043;0.6164951957992921;nan;0.028;75.0;75.0;0.086416666848223;0.086416666848223
24.0;20;25;0.011509649951824043;0.6164951957992921;nan;0.028;75.0;75.0;0.0806796201739536;0.0806796201739536
28.0;20;25;0.011509649951824043;0.6164951957992921;nan;0.028;50.0;50.0;0.0912401650277275;0.0912401650277275
