Site;Number Data Training;Number Global Data;MSE Test;R2 Test;Quality Metric;Quality Sum;P Real;P pred;H Real Preal;H Real Ppred
25.0;24;25;0.00031323203790752893;0.9520031959007969;nan;0.0;125.0;100.0;0.0940222321495014;0.0761329268533129
