Site;Number Data Training;Number Global Data;MSE Test;R2 Test;Quality Metric;Quality Sum;P Real;P pred;H Real Preal;H Real Ppred
4.0;22;27;0.006716771934284525;0.7758038797281069;nan;0.065;30.0;30.0;0.0343745209691433;0.0343745209691433
8.0;22;27;0.006716771934284525;0.7758038797281069;nan;0.065;90.0;30.0;0.0692507301025263;0.0261748518897128
17.0;22;27;0.006716771934284525;0.7758038797281069;0.0653970705161301;0.065;30.0;90.0;0.0413325160789286;0.1067295865950587
20.0;22;27;0.006716771934284525;0.7758038797281069;nan;0.065;90.0;30.0;0.0939738204160915;0.0363035232843364
27.0;22;27;0.006716771934284525;0.7758038797281069;nan;0.065;30.0;30.0;0.0493077354091983;0.0493077354091983
