Site;Number Data Training;Number Global Data;MSE Test;R2 Test;Quality Metric;Quality Sum;P Real;P pred;H Real Preal;H Real Ppred
3.0;20;25;0.01011083349423868;0.6305739327681703;0.021789937316753702;0.022;75.0;100.0;0.0829605078650181;0.1047504451817718
11.0;20;25;0.01011083349423868;0.6305739327681703;nan;0.022;330.0;60.0;0.0959083060330537;0.033546352924242
24.0;20;25;0.01011083349423868;0.6305739327681703;nan;0.022;75.0;30.0;0.0806796201739536;0.0306645078478985
27.0;20;25;0.01011083349423868;0.6305739327681703;nan;0.022;75.0;60.0;0.0972403971442618;0.089410937081037
30.0;20;25;0.01011083349423868;0.6305739327681703;nan;0.022;365.0;100.0;0.0943415440641389;0.0491261932172611
