Site;Number Data Training;Number Global Data;MSE Test;R2 Test;Quality Metric;Quality Sum;P Real;P pred;H Real Preal;H Real Ppred
4.0;20;25;0.023982806945159082;0.2000301332832669;nan;0;75.0;60.0;0.0982052033382978;0.0777451642775314
16.0;20;25;0.023982806945159082;0.2000301332832669;nan;0;100.0;75.0;0.0844783754487946;0.0725509104538725
18.0;20;25;0.023982806945159082;0.2000301332832669;nan;0;3652.0;60.0;0.0515095706017609;0.0207932237891045
20.0;20;25;0.023982806945159082;0.2000301332832669;nan;0;100.0;75.0;0.0910601462720121;0.0760837005891203
25.0;20;25;0.023982806945159082;0.2000301332832669;nan;0;125.0;125.0;0.0940222321495014;0.0940222321495014
