Site;Number Data Training;Number Global Data;MSE Test;R2 Test;Quality Metric;Quality Sum;P Real;P pred;H Real Preal;H Real Ppred
3.0;20;25;0.020088085292735293;-0.8318517288651852;0.021789937316753702;0.025;75.0;100.0;0.0829605078650181;0.1047504451817718
11.0;20;25;0.020088085292735293;-0.8318517288651852;nan;0.025;330.0;50.0;0.0959083060330537;0.0284514783161753
13.0;20;25;0.020088085292735293;-0.8318517288651852;nan;0.025;3000.0;50.0;0.0998605746589843;0.0304267922884734
14.0;20;25;0.020088085292735293;-0.8318517288651852;nan;0.025;150.0;100.0;0.0918619289379249;0.068680108288561
21.0;20;25;0.020088085292735293;-0.8318517288651852;0.0027304464335027034;0.025;90.0;100.0;0.0986127877393275;0.1013432341728302
