Site;Number Data Training;Number Global Data;MSE Test;R2 Test;Quality Metric;Quality Sum;P Real;P pred;H Real Preal;H Real Ppred
10.0;20;25;0.003932010367547334;0.6114632137452638;nan;0.104;90.0;90.0;0.0915538363720714;0.0915538363720714
12.0;20;25;0.003932010367547334;0.6114632137452638;nan;0.104;90.0;90.0;0.0730083632551525;0.0730083632551525
21.0;20;25;0.003932010367547334;0.6114632137452638;0.10446468545824039;0.104;90.0;182.0;0.0986127877393275;0.2030774731975679
25.0;20;25;0.003932010367547334;0.6114632137452638;nan;0.104;90.0;90.0;0.0734978659430122;0.0734978659430122
29.0;20;25;0.003932010367547334;0.6114632137452638;nan;0.104;90.0;30.0;0.098923572533551;0.0532782227856177
