Site;Number Data Training;Number Global Data;MSE Test;R2 Test;Quality Metric;Quality Sum;P Real;P pred;H Real Preal;H Real Ppred
13.0;20;25;0.008400598686790496;0.6566798984358604;nan;0.214;3652.0;90.0;0.0993700430118872;0.0459743068795799
19.0;20;25;0.008400598686790496;0.6566798984358604;0.11528048195616689;0.214;30.0;90.0;0.0866235149493999;0.2019039969055668
21.0;20;25;0.008400598686790496;0.6566798984358604;nan;0.214;90.0;30.0;0.0986127877393275;0.0354389533967742
22.0;20;25;0.008400598686790496;0.6566798984358604;nan;0.214;90.0;90.0;0.0665826349200478;0.0665826349200478
28.0;20;25;0.008400598686790496;0.6566798984358604;0.09894812544548881;0.214;30.0;90.0;0.056126814949097;0.1550749403945858
