Site;Number Data Training;Number Global Data;MSE Test;R2 Test;Quality Metric;Quality Sum;P Real;P pred;H Real Preal;H Real Ppred
15.0;20;25;0.012980273024549271;0.7766233119351769;nan;0;30.0;30.0;0.0825331753189077;0.0825331753189077
20.0;20;25;0.012980273024549271;0.7766233119351769;nan;0;90.0;30.0;0.0939738204160915;0.0363035232843364
24.0;20;25;0.012980273024549271;0.7766233119351769;nan;0;30.0;30.0;0.0306645078478985;0.0306645078478985
27.0;20;25;0.012980273024549271;0.7766233119351769;nan;0;30.0;30.0;0.0493077354091983;0.0493077354091983
29.0;20;25;0.012980273024549271;0.7766233119351769;nan;0;90.0;30.0;0.098923572533551;0.0532782227856177
