Site;Number Data Training;Number Global Data;MSE Test;R2 Test;Quality Metric;Quality Sum;P Real;P pred;H Real Preal;H Real Ppred
3.0;22;27;0.003338637114701825;0.6505102874597122;0.06230770324085481;0.062;30.0;90.0;0.0404493979934081;0.1027571012342629
10.0;22;27;0.003338637114701825;0.6505102874597122;nan;0.062;90.0;90.0;0.0915538363720714;0.0915538363720714
18.0;22;27;0.003338637114701825;0.6505102874597122;nan;0.062;3652.0;90.0;0.0515095706017609;0.0274766933281444
22.0;22;27;0.003338637114701825;0.6505102874597122;nan;0.062;90.0;90.0;0.0665826349200478;0.0665826349200478
25.0;22;27;0.003338637114701825;0.6505102874597122;nan;0.062;90.0;90.0;0.0734978659430122;0.0734978659430122
