Site;Number Data Training;Number Global Data;MSE Test;R2 Test;Quality Metric;Quality Sum;P Real;P pred;H Real Preal;H Real Ppred
4.0;20;25;0.030565317820400402;-0.10806214760861721;nan;0.054;75.0;75.0;0.0982052033382978;0.0982052033382978
10.0;20;25;0.030565317820400402;-0.10806214760861721;nan;0.054;100.0;100.0;0.0973990073949321;0.0973990073949321
11.0;20;25;0.030565317820400402;-0.10806214760861721;nan;0.054;330.0;50.0;0.0959083060330537;0.0284514783161753
13.0;20;25;0.030565317820400402;-0.10806214760861721;nan;0.054;3000.0;50.0;0.0998605746589843;0.0304267922884734
29.0;20;25;0.030565317820400402;-0.10806214760861721;0.054351062716472914;0.054;90.0;150.0;0.098923572533551;0.1532746352500239
