Site;Number Data Training;Number Global Data;MSE Test;R2 Test;Quality Metric;Quality Sum;P Real;P pred;H Real Preal;H Real Ppred
7.0;20;25;0.0057017991378313935;0.7304374926164177;nan;0.069;90.0;30.0;0.086542647569335;0.0316583333666094
13.0;20;25;0.0057017991378313935;0.7304374926164177;nan;0.069;3652.0;730.0;0.0993700430118872;0.0884871835852028
14.0;20;25;0.0057017991378313935;0.7304374926164177;nan;0.069;90.0;90.0;0.0669928669115922;0.0669928669115922
27.0;20;25;0.0057017991378313935;0.7304374926164177;0.06916025460476449;0.069;30.0;90.0;0.0493077354091983;0.1184679900139628
28.0;20;25;0.0057017991378313935;0.7304374926164177;nan;0.069;30.0;30.0;0.056126814949097;0.056126814949097
