Site;Number Data Training;Number Global Data;MSE Test;R2 Test;Quality Metric;Quality Sum;P Real;P pred;H Real Preal;H Real Ppred
7.0;20;25;0.009458972943419519;0.6509141139920573;nan;0.127;100.0;30.0;0.0904205207984803;0.0316583333666094
12.0;20;25;0.009458972943419519;0.6509141139920573;nan;0.127;150.0;100.0;0.0962223954294124;0.075515837203816
24.0;20;25;0.009458972943419519;0.6509141139920573;nan;0.127;75.0;60.0;0.0806796201739536;0.0641990374270417
27.0;20;25;0.009458972943419519;0.6509141139920573;0.1267382681995349;0.127;75.0;250.0;0.0972403971442618;0.2239786653437967
29.0;20;25;0.009458972943419519;0.6509141139920573;nan;0.127;90.0;75.0;0.098923572533551;0.0850413070264584
