Site;Number Data Training;Number Global Data;MSE Test;R2 Test;Quality Metric;Quality Sum;P Real;P pred;H Real Preal;H Real Ppred
14.0;22;27;0.013909005654463116;0.759365104308797;nan;0.224;90.0;90.0;0.0669928669115922;0.0669928669115922
15.0;22;27;0.013909005654463116;0.759365104308797;0.154083590696306;0.224;30.0;90.0;0.0825331753189077;0.2366167660152137
18.0;22;27;0.013909005654463116;0.759365104308797;nan;0.224;3652.0;90.0;0.0515095706017609;0.0274766933281444
24.0;22;27;0.013909005654463116;0.759365104308797;0.07035927671136251;0.224;30.0;90.0;0.0306645078478985;0.101023784559261
25.0;22;27;0.013909005654463116;0.759365104308797;nan;0.224;90.0;90.0;0.0734978659430122;0.0734978659430122
