Site;Number Data Training;Number Global Data;MSE Test;R2 Test;Quality Metric;Quality Sum;P Real;P pred;H Real Preal;H Real Ppred
7.0;20;25;0.01127808313175196;0.24718984900752794;nan;0.104;90.0;30.0;0.086542647569335;0.0316583333666094
17.0;20;25;0.01127808313175196;0.24718984900752794;nan;0.104;30.0;30.0;0.0413325160789286;0.0413325160789286
21.0;20;25;0.01127808313175196;0.24718984900752794;0.10446468545824039;0.104;90.0;182.0;0.0986127877393275;0.2030774731975679
22.0;20;25;0.01127808313175196;0.24718984900752794;nan;0.104;90.0;30.0;0.0665826349200478;0.026952018249273
29.0;20;25;0.01127808313175196;0.24718984900752794;nan;0.104;90.0;30.0;0.098923572533551;0.0532782227856177
