Site;Number Data Training;Number Global Data;MSE Test;R2 Test;Quality Metric;Quality Sum;P Real;P pred;H Real Preal;H Real Ppred
18.0;20;25;0.032680661579167505;-0.4811773860448072;nan;0.377;3652.0;75.0;0.0515095706017609;0.0236715852474286
20.0;20;25;0.032680661579167505;-0.4811773860448072;nan;0.377;100.0;75.0;0.0910601462720121;0.0760837005891203
27.0;20;25;0.032680661579167505;-0.4811773860448072;0.1448420082711013;0.377;75.0;365.0;0.0972403971442618;0.2420824054153631
28.0;20;25;0.032680661579167505;-0.4811773860448072;0.2317615502981504;0.377;50.0;365.0;0.0912401650277275;0.3230017153258779
30.0;20;25;0.032680661579167505;-0.4811773860448072;nan;0.377;365.0;90.0;0.0943415440641389;0.0470231990120249
