Site;Number Data Training;Number Global Data;MSE Test;R2 Test;Quality Metric;Quality Sum;P Real;P pred;H Real Preal;H Real Ppred
1.0;20;25;0.022383201053148494;0.5862481934920671;0.020309745389143305;0.069;75.0;90.0;0.0850912692667235;0.1054010146558668
7.0;20;25;0.022383201053148494;0.5862481934920671;nan;0.069;100.0;45.0;0.0904205207984803;0.0451398224983757
11.0;20;25;0.022383201053148494;0.5862481934920671;nan;0.069;330.0;50.0;0.0959083060330537;0.0284514783161753
12.0;20;25;0.022383201053148494;0.5862481934920671;nan;0.069;150.0;100.0;0.0962223954294124;0.075515837203816
15.0;20;25;0.022383201053148494;0.5862481934920671;0.04863159455879219;0.069;30.0;50.0;0.0825331753189077;0.1311647698776999
