Site;Number Data Training;Number Global Data;MSE Test;R2 Test;Quality Metric;Quality Sum;P Real;P pred;H Real Preal;H Real Ppred
<<<<<<< HEAD
17.0;9;10;0.0014504535470391947;0.9049972247258522;nan;0;75.0;60.0;0.086416666848223;0.076728299538617
=======
18.0;9;10;0.06368309895964193;-206.39857519356374;nan;0.0;3652.0;75.0;0.0515095706017609;0.0236715852474286
>>>>>>> 0fe9d831d6d0086ef7b044560afa29e87e8ce4ed
