Site;Number Data Training;Number Global Data;MSE Test;R2 Test;Quality Metric;Quality Sum;P Real;P pred;H Real Preal;H Real Ppred
8.0;20;25;0.018670969213678026;-0.9262506666303798;nan;0.003;125.0;100.0;0.0867459868794762;0.0671801751349022
11.0;20;25;0.018670969213678026;-0.9262506666303798;nan;0.003;330.0;75.0;0.0959083060330537;0.0368904258739981
12.0;20;25;0.018670969213678026;-0.9262506666303798;nan;0.003;150.0;100.0;0.0962223954294124;0.075515837203816
21.0;20;25;0.018670969213678026;-0.9262506666303798;0.0027304464335027034;0.003;90.0;100.0;0.0986127877393275;0.1013432341728302
25.0;20;25;0.018670969213678026;-0.9262506666303798;nan;0.003;125.0;125.0;0.0940222321495014;0.0940222321495014
