Site;Number Data Training;Number Global Data;MSE Test;R2 Test;Quality Metric;Quality Sum;P Real;P pred;H Real Preal;H Real Ppred
3.0;20;25;0.01103071506660447;0.5969636244002434;0.021789937316753702;0.022;75.0;100.0;0.0829605078650181;0.1047504451817718
11.0;20;25;0.01103071506660447;0.5969636244002434;nan;0.022;330.0;75.0;0.0959083060330537;0.0368904258739981
24.0;20;25;0.01103071506660447;0.5969636244002434;nan;0.022;75.0;45.0;0.0806796201739536;0.049342016507786
27.0;20;25;0.01103071506660447;0.5969636244002434;nan;0.022;75.0;60.0;0.0972403971442618;0.089410937081037
30.0;20;25;0.01103071506660447;0.5969636244002434;nan;0.022;365.0;75.0;0.0943415440641389;0.0397819268309972
