Site;Number Data Training;Number Global Data;MSE Test;R2 Test;Quality Metric;Quality Sum;P Real;P pred;H Real Preal;H Real Ppred
7.0;20;25;0.00998237530538243;0.5590603342804842;nan;0.098;100.0;75.0;0.0904205207984803;0.0675783894922642
13.0;20;25;0.00998237530538243;0.5590603342804842;nan;0.098;3000.0;125.0;0.0998605746589843;0.0553150340899671
14.0;20;25;0.00998237530538243;0.5590603342804842;nan;0.098;150.0;75.0;0.0918619289379249;0.0546117941971823
27.0;20;25;0.00998237530538243;0.5590603342804842;0.04196334624442369;0.098;75.0;125.0;0.0972403971442618;0.1392037433886855
28.0;20;25;0.00998237530538243;0.5590603342804842;0.05616145497135011;0.098;50.0;100.0;0.0912401650277275;0.1474016199990776
