Site;Number Data Training;Number Global Data;MSE Test;R2 Test;Quality Metric;Quality Sum;P Real;P pred;H Real Preal;H Real Ppred
3.0;20;25;0.007728093505256633;0.5687586066551666;nan;0.105;30.0;30.0;0.0404493979934081;0.0404493979934081
13.0;20;25;0.007728093505256633;0.5687586066551666;nan;0.105;3652.0;90.0;0.0993700430118872;0.0459743068795799
22.0;20;25;0.007728093505256633;0.5687586066551666;nan;0.105;90.0;90.0;0.0665826349200478;0.0665826349200478
23.0;20;25;0.007728093505256633;0.5687586066551666;0.1053827308659946;0.105;30.0;90.0;0.0601751122032808;0.1655578430692754
30.0;20;25;0.007728093505256633;0.5687586066551666;nan;0.105;365.0;30.0;0.0943415440641389;0.0218219316716011
