Site;Number Data Training;Number Global Data;MSE Test;R2 Test;Quality Metric;Quality Sum;P Real;P pred;H Real Preal;H Real Ppred
11.0;22;27;0.010075945987679222;0.7019408644303882;nan;0;182.0;30.0;0.0809120145894057;0.020072089411818
23.0;22;27;0.010075945987679222;0.7019408644303882;nan;0;30.0;30.0;0.0601751122032808;0.0601751122032808
24.0;22;27;0.010075945987679222;0.7019408644303882;nan;0;30.0;30.0;0.0306645078478985;0.0306645078478985
25.0;22;27;0.010075945987679222;0.7019408644303882;nan;0;90.0;90.0;0.0734978659430122;0.0734978659430122
28.0;22;27;0.010075945987679222;0.7019408644303882;nan;0;30.0;30.0;0.056126814949097;0.056126814949097
