Site;Number Data Training;Number Global Data;MSE Test;R2 Test;Quality Metric;Quality Sum;P Real;P pred;H Real Preal;H Real Ppred
10.0;20;25;0.015149165823411156;-0.46976513146835086;0.01827575978408201;0.018;100.0;125.0;0.0973990073949321;0.1156747671790141
11.0;20;25;0.015149165823411156;-0.46976513146835086;nan;0.018;330.0;60.0;0.0959083060330537;0.033546352924242
18.0;20;25;0.015149165823411156;-0.46976513146835086;nan;0.018;3652.0;75.0;0.0515095706017609;0.0236715852474286
21.0;20;25;0.015149165823411156;-0.46976513146835086;nan;0.018;90.0;75.0;0.0986127877393275;0.0773218887357087
29.0;20;25;0.015149165823411156;-0.46976513146835086;nan;0.018;90.0;60.0;0.098923572533551;0.0898624533026975
