Site;Number Data Training;Number Global Data;MSE Test;R2 Test;Quality Metric;Quality Sum;P Real;P pred;H Real Preal;H Real Ppred
3.0;20;25;0.005826577173207787;0.6753968808358741;nan;0;30.0;30.0;0.0404493979934081;0.0404493979934081
10.0;20;25;0.005826577173207787;0.6753968808358741;nan;0;90.0;90.0;0.0915538363720714;0.0915538363720714
17.0;20;25;0.005826577173207787;0.6753968808358741;nan;0;30.0;30.0;0.0413325160789286;0.0413325160789286
28.0;20;25;0.005826577173207787;0.6753968808358741;nan;0;30.0;30.0;0.056126814949097;0.056126814949097
30.0;20;25;0.005826577173207787;0.6753968808358741;nan;0;365.0;30.0;0.0943415440641389;0.0218219316716011
