Site;Number Data Training;Number Global Data;MSE Test;R2 Test;Quality Metric;Quality Sum;P Real;P pred;H Real Preal;H Real Ppred
11.0;20;25;0.010639373303317674;-0.39931890904887846;nan;0.025;330.0;50.0;0.0959083060330537;0.0284514783161753
13.0;20;25;0.010639373303317674;-0.39931890904887846;nan;0.025;3000.0;100.0;0.0998605746589843;0.0469526408581791
16.0;20;25;0.010639373303317674;-0.39931890904887846;0.024675435802241102;0.025;100.0;125.0;0.0844783754487946;0.1091538112510357
25.0;20;25;0.010639373303317674;-0.39931890904887846;nan;0.025;125.0;100.0;0.0940222321495014;0.0761329268533129
29.0;20;25;0.010639373303317674;-0.39931890904887846;nan;0.025;90.0;75.0;0.098923572533551;0.0850413070264584
