Site;Number Data Training;Number Global Data;MSE Test;R2 Test;Quality Metric;Quality Sum;P Real;P pred;H Real Preal;H Real Ppred
13.0;20;25;0.010267594625822635;0.5803785228664913;nan;0.214;3652.0;365.0;0.0993700430118872;0.0799346362186648
19.0;20;25;0.010267594625822635;0.5803785228664913;0.11528048195616689;0.214;30.0;90.0;0.0866235149493999;0.2019039969055668
21.0;20;25;0.010267594625822635;0.5803785228664913;nan;0.214;90.0;90.0;0.0986127877393275;0.0986127877393275
22.0;20;25;0.010267594625822635;0.5803785228664913;nan;0.214;90.0;90.0;0.0665826349200478;0.0665826349200478
28.0;20;25;0.010267594625822635;0.5803785228664913;0.09894812544548881;0.214;30.0;90.0;0.056126814949097;0.1550749403945858
