Site;Number Data Training;Number Global Data;MSE Test;R2 Test;Quality Metric;Quality Sum;P Real;P pred;H Real Preal;H Real Ppred
1.0;20;25;0.0014198775806547415;0.8936137385073848;nan;0.065;30.0;30.0;0.0425305241829691;0.0425305241829691
12.0;20;25;0.0014198775806547415;0.8936137385073848;nan;0.065;90.0;90.0;0.0730083632551525;0.0730083632551525
16.0;20;25;0.0014198775806547415;0.8936137385073848;nan;0.065;90.0;30.0;0.0895169299721877;0.0353137113675942
17.0;20;25;0.0014198775806547415;0.8936137385073848;0.0653970705161301;0.065;30.0;90.0;0.0413325160789286;0.1067295865950587
22.0;20;25;0.0014198775806547415;0.8936137385073848;nan;0.065;90.0;90.0;0.0665826349200478;0.0665826349200478
