Site;Number Data Training;Number Global Data;MSE Test;R2 Test;Quality Metric;Quality Sum;P Real;P pred;H Real Preal;H Real Ppred
3.0;20;25;0.00703811392663863;0.8114834945039073;nan;0.153;75.0;75.0;0.0829605078650181;0.0829605078650181
4.0;20;25;0.00703811392663863;0.8114834945039073;0.013202385271553596;0.153;75.0;100.0;0.0982052033382978;0.1114075886098514
8.0;20;25;0.00703811392663863;0.8114834945039073;nan;0.153;125.0;100.0;0.0867459868794762;0.0671801751349022
19.0;20;25;0.00703811392663863;0.8114834945039073;0.08355299194062568;0.153;30.0;75.0;0.0866235149493999;0.1701765068900256
28.0;20;25;0.00703811392663863;0.8114834945039073;0.05616145497135011;0.153;50.0;100.0;0.0912401650277275;0.1474016199990776
