Site;Number Data Training;Number Global Data;MSE Test;R2 Test;Quality Metric;Quality Sum;P Real;P pred;H Real Preal;H Real Ppred
10.0;20;25;0.011253057505096213;-0.09176648643182284;0.0282396243392658;0.028;100.0;150.0;0.0973990073949321;0.1256386317341979
11.0;20;25;0.011253057505096213;-0.09176648643182284;nan;0.028;330.0;50.0;0.0959083060330537;0.0284514783161753
18.0;20;25;0.011253057505096213;-0.09176648643182284;nan;0.028;3652.0;2250.0;0.0515095706017609;0.0509764643146258
21.0;20;25;0.011253057505096213;-0.09176648643182284;nan;0.028;90.0;45.0;0.0986127877393275;0.0529736742793725
29.0;20;25;0.011253057505096213;-0.09176648643182284;nan;0.028;90.0;75.0;0.098923572533551;0.0850413070264584
