Site;SubCatch;Number Data Training;Number Global Data;MSE Test;R2 Test;Quality Metric;Quality Sum;P Real;P pred;H Real Preal;H Real Ppred
38;5;24;25;0.007591589923769213;-1.2370011144113242;0.09940560507022181;0.099;90;182;0.0822597009309457;0.1816653060011675
