Site;Number Data Training;Number Global Data;MSE Test;R2 Test;Quality Metric;Quality Sum;P Real;P pred;H Real Preal;H Real Ppred
3.0;20;25;0.0023305686794657643;0.835244060125034;0.06230770324085481;0.128;30.0;90.0;0.0404493979934081;0.1027571012342629
7.0;20;25;0.0023305686794657643;0.835244060125034;nan;0.128;90.0;30.0;0.086542647569335;0.0316583333666094
14.0;20;25;0.0023305686794657643;0.835244060125034;nan;0.128;90.0;30.0;0.0669928669115922;0.0275341640025388
17.0;20;25;0.0023305686794657643;0.835244060125034;0.0653970705161301;0.128;30.0;90.0;0.0413325160789286;0.1067295865950587
29.0;20;25;0.0023305686794657643;0.835244060125034;nan;0.128;90.0;30.0;0.098923572533551;0.0532782227856177
