Site;Number Data Training;Number Global Data;MSE Test;R2 Test;Quality Metric;Quality Sum;P Real;P pred;H Real Preal;H Real Ppred
2.0;22;27;0.010052342477233927;0.7854445729542685;nan;0;90.0;90.0;0.0681692089993866;0.0681692089993866
15.0;22;27;0.010052342477233927;0.7854445729542685;nan;0;30.0;30.0;0.0825331753189077;0.0825331753189077
16.0;22;27;0.010052342477233927;0.7854445729542685;nan;0;90.0;30.0;0.0895169299721877;0.0353137113675942
25.0;22;27;0.010052342477233927;0.7854445729542685;nan;0;90.0;90.0;0.0734978659430122;0.0734978659430122
29.0;22;27;0.010052342477233927;0.7854445729542685;nan;0;90.0;30.0;0.098923572533551;0.0532782227856177
