Site;Number Data Training;Number Global Data;MSE Test;R2 Test;Quality Metric;Quality Sum;P Real;P pred;H Real Preal;H Real Ppred
2.0;22;27;0.011599311301564523;0.4047391714470482;0.055857930820572804;0.601;90.0;182.0;0.0681692089993866;0.1240271398199594
12.0;22;27;0.011599311301564523;0.4047391714470482;nan;0.601;90.0;90.0;0.0730083632551525;0.0730083632551525
19.0;22;27;0.011599311301564523;0.4047391714470482;0.33173143751635;0.601;30.0;365.0;0.0866235149493999;0.4183549524657499
27.0;22;27;0.011599311301564523;0.4047391714470482;0.06916025460476449;0.601;30.0;90.0;0.0493077354091983;0.1184679900139628
29.0;22;27;0.011599311301564523;0.4047391714470482;0.1444028652826538;0.601;90.0;730.0;0.098923572533551;0.2433264378162048
