Site;SubCatch;Number Data Training;Number Global Data;MSE Test;R2 Test;Quality Metric;Quality Sum;P Real;P pred;H Real Preal;H Real Ppred
39;9;45;46;0.1281575359847979;0.019801562072015222;0.1277087027381669;0.128;60;75;0.0036824139923373;0.1313911167305042
