Site;Number Data Training;Number Global Data;MSE Test;R2 Test;Quality Metric;Quality Sum;P Real;P pred;H Real Preal;H Real Ppred
3.0;22;27;0.0008182764641536953;0.9440529161111062;0.06230770324085481;0.062;30.0;90.0;0.0404493979934081;0.1027571012342629
14.0;22;27;0.0008182764641536953;0.9440529161111062;nan;0.062;90.0;90.0;0.0669928669115922;0.0669928669115922
20.0;22;27;0.0008182764641536953;0.9440529161111062;nan;0.062;90.0;30.0;0.0939738204160915;0.0363035232843364
22.0;22;27;0.0008182764641536953;0.9440529161111062;nan;0.062;90.0;90.0;0.0665826349200478;0.0665826349200478
27.0;22;27;0.0008182764641536953;0.9440529161111062;nan;0.062;30.0;30.0;0.0493077354091983;0.0493077354091983
