Site;Number Data Training;Number Global Data;MSE Test;R2 Test;Quality Metric;Quality Sum;P Real;P pred;H Real Preal;H Real Ppred
3.0;22;27;0.006691536093635413;0.6555754863659375;0.06230770324085481;0.161;30.0;90.0;0.0404493979934081;0.1027571012342629
6.0;22;27;0.006691536093635413;0.6555754863659375;nan;0.161;90.0;90.0;0.0805447502647162;0.0805447502647162
7.0;22;27;0.006691536093635413;0.6555754863659375;nan;0.161;90.0;90.0;0.086542647569335;0.086542647569335
20.0;22;27;0.006691536093635413;0.6555754863659375;nan;0.161;90.0;90.0;0.0939738204160915;0.0939738204160915
28.0;22;27;0.006691536093635413;0.6555754863659375;0.09894812544548881;0.161;30.0;90.0;0.056126814949097;0.1550749403945858
