Site;Number Data Training;Number Global Data;MSE Test;R2 Test;Quality Metric;Quality Sum;P Real;P pred;H Real Preal;H Real Ppred
13.0;20;25;0.0025807001064976536;0.8945305857709214;nan;0;3652.0;730.0;0.0993700430118872;0.0884871835852028
19.0;20;25;0.0025807001064976536;0.8945305857709214;nan;0;30.0;30.0;0.0866235149493999;0.0866235149493999
21.0;20;25;0.0025807001064976536;0.8945305857709214;nan;0;90.0;90.0;0.0986127877393275;0.0986127877393275
22.0;20;25;0.0025807001064976536;0.8945305857709214;nan;0;90.0;30.0;0.0665826349200478;0.026952018249273
28.0;20;25;0.0025807001064976536;0.8945305857709214;nan;0;30.0;30.0;0.056126814949097;0.056126814949097
