Site;Number Data Training;Number Global Data;MSE Test;R2 Test;Quality Metric;Quality Sum;P Real;P pred;H Real Preal;H Real Ppred
1.0;20;25;0.015747459529269835;0.6035387131551915;nan;0.069;30.0;30.0;0.0425305241829691;0.0425305241829691
4.0;20;25;0.015747459529269835;0.6035387131551915;nan;0.069;30.0;30.0;0.0343745209691433;0.0343745209691433
24.0;20;25;0.015747459529269835;0.6035387131551915;nan;0.069;30.0;30.0;0.0306645078478985;0.0306645078478985
27.0;20;25;0.015747459529269835;0.6035387131551915;0.06916025460476449;0.069;30.0;90.0;0.0493077354091983;0.1184679900139628
30.0;20;25;0.015747459529269835;0.6035387131551915;nan;0.069;365.0;30.0;0.0943415440641389;0.0218219316716011
