Site;Number Data Training;Number Global Data;MSE Test;R2 Test;Quality Metric;Quality Sum;P Real;P pred;H Real Preal;H Real Ppred
1.0;20;25;0.002589736348236682;0.8287614754175523;0.022969212840433198;0.043;75.0;100.0;0.0850912692667235;0.1080604821071567
3.0;20;25;0.002589736348236682;0.8287614754175523;nan;0.043;75.0;75.0;0.0829605078650181;0.0829605078650181
17.0;20;25;0.002589736348236682;0.8287614754175523;0.020312919746835703;0.043;75.0;90.0;0.086416666848223;0.1067295865950587
20.0;20;25;0.002589736348236682;0.8287614754175523;nan;0.043;100.0;75.0;0.0910601462720121;0.0760837005891203
22.0;20;25;0.002589736348236682;0.8287614754175523;nan;0.043;150.0;100.0;0.0946198779296581;0.0673529852309897
