Site;Number Data Training;Number Global Data;MSE Test;R2 Test;Quality Metric;Quality Sum;P Real;P pred;H Real Preal;H Real Ppred
1.0;20;25;0.0065046913916122755;0.7923476843951417;0.022969212840433198;0.023;75.0;100.0;0.0850912692667235;0.1080604821071567
4.0;20;25;0.0065046913916122755;0.7923476843951417;nan;0.023;75.0;75.0;0.0982052033382978;0.0982052033382978
7.0;20;25;0.0065046913916122755;0.7923476843951417;nan;0.023;100.0;90.0;0.0904205207984803;0.086542647569335
8.0;20;25;0.0065046913916122755;0.7923476843951417;nan;0.023;125.0;75.0;0.0867459868794762;0.0551663282849413
16.0;20;25;0.0065046913916122755;0.7923476843951417;nan;0.023;100.0;75.0;0.0844783754487946;0.0725509104538725
