Site;Number Data Training;Number Global Data;MSE Test;R2 Test;Quality Metric;Quality Sum;P Real;P pred;H Real Preal;H Real Ppred
12.0;22;27;0.015236031418403866;0.7175031700648851;nan;0.099;90.0;90.0;0.0730083632551525;0.0730083632551525
15.0;22;27;0.015236031418403866;0.7175031700648851;nan;0.099;30.0;30.0;0.0825331753189077;0.0825331753189077
18.0;22;27;0.015236031418403866;0.7175031700648851;nan;0.099;3652.0;90.0;0.0515095706017609;0.0274766933281444
21.0;22;27;0.015236031418403866;0.7175031700648851;nan;0.099;90.0;90.0;0.0986127877393275;0.0986127877393275
28.0;22;27;0.015236031418403866;0.7175031700648851;0.09894812544548881;0.099;30.0;90.0;0.056126814949097;0.1550749403945858
