Site;Number Data Training;Number Global Data;MSE Test;R2 Test;Quality Metric;Quality Sum;P Real;P pred;H Real Preal;H Real Ppred
1.0;20;25;0.02687302750654618;-0.9249655825422607;0.06287049047289771;0.128;30.0;90.0;0.0425305241829691;0.1054010146558668
8.0;20;25;0.02687302750654618;-0.9249655825422607;nan;0.128;90.0;30.0;0.0692507301025263;0.0261748518897128
17.0;20;25;0.02687302750654618;-0.9249655825422607;0.0653970705161301;0.128;30.0;90.0;0.0413325160789286;0.1067295865950587
18.0;20;25;0.02687302750654618;-0.9249655825422607;nan;0.128;3652.0;30.0;0.0515095706017609;0.013022431319224
20.0;20;25;0.02687302750654618;-0.9249655825422607;nan;0.128;90.0;90.0;0.0939738204160915;0.0939738204160915
