Site;Number Data Training;Number Global Data;MSE Test;R2 Test;Quality Metric;Quality Sum;P Real;P pred;H Real Preal;H Real Ppred
3.0;20;25;0.011376409959160602;0.3751900724662811;0.021789937316753702;0.3;75.0;100.0;0.0829605078650181;0.1047504451817718
10.0;20;25;0.011376409959160602;0.3751900724662811;0.0282396243392658;0.3;100.0;150.0;0.0973990073949321;0.1256386317341979
17.0;20;25;0.011376409959160602;0.3751900724662811;0.020312919746835703;0.3;75.0;90.0;0.086416666848223;0.1067295865950587
28.0;20;25;0.011376409959160602;0.3751900724662811;0.2299567495913453;0.3;50.0;300.0;0.0912401650277275;0.3211969146190728
30.0;20;25;0.011376409959160602;0.3751900724662811;nan;0.3;365.0;100.0;0.0943415440641389;0.0491261932172611
