Site;SubCatch;Number Data Training;Number Global Data;MSE Test;R2 Test;Quality Metric;Quality Sum;P Real;P pred;H Real Preal;H Real Ppred
19;1;19;20;0.07651036371307601;-0.9982060666595152;0.40739255307372635;0.407;30;3652;0.085848031856365;0.4932405849300914
