Site;Number Data Training;Number Global Data;MSE Test;R2 Test;Quality Metric;Quality Sum;P Real;P pred;H Real Preal;H Real Ppred
1.0;20;25;0.021648668056117423;0.3638771225799631;0.06287049047289771;0.063;30.0;90.0;0.0425305241829691;0.1054010146558668
4.0;20;25;0.021648668056117423;0.3638771225799631;nan;0.063;30.0;30.0;0.0343745209691433;0.0343745209691433
18.0;20;25;0.021648668056117423;0.3638771225799631;nan;0.063;3652.0;30.0;0.0515095706017609;0.013022431319224
19.0;20;25;0.021648668056117423;0.3638771225799631;nan;0.063;30.0;30.0;0.0866235149493999;0.0866235149493999
30.0;20;25;0.021648668056117423;0.3638771225799631;nan;0.063;365.0;30.0;0.0943415440641389;0.0218219316716011
