Site;Number Data Training;Number Global Data;MSE Test;R2 Test;Quality Metric;Quality Sum;P Real;P pred;H Real Preal;H Real Ppred
28.0;24;25;0.012595005495849397;0.6310273218506831;0.017946219130690805;0.018;50.0;60.0;0.0912401650277275;0.1091863841584183
