Site;Number Data Training;Number Global Data;MSE Test;R2 Test;Quality Metric;Quality Sum;P Real;P pred;H Real Preal;H Real Ppred
7.0;22;27;0.01010432848270104;0.7963689045329458;nan;0;90.0;90.0;0.086542647569335;0.086542647569335
14.0;22;27;0.01010432848270104;0.7963689045329458;nan;0;90.0;90.0;0.0669928669115922;0.0669928669115922
15.0;22;27;0.01010432848270104;0.7963689045329458;nan;0;30.0;30.0;0.0825331753189077;0.0825331753189077
16.0;22;27;0.01010432848270104;0.7963689045329458;nan;0;90.0;30.0;0.0895169299721877;0.0353137113675942
20.0;22;27;0.01010432848270104;0.7963689045329458;nan;0;90.0;30.0;0.0939738204160915;0.0363035232843364
