Site;Number Data Training;Number Global Data;MSE Test;R2 Test;Quality Metric;Quality Sum;P Real;P pred;H Real Preal;H Real Ppred
1.0;20;25;0.007522518884807467;0.718446489300867;nan;0.13;75.0;75.0;0.0850912692667235;0.0850912692667235
11.0;20;25;0.007522518884807467;0.718446489300867;nan;0.13;330.0;100.0;0.0959083060330537;0.0450395001628755
17.0;20;25;0.007522518884807467;0.718446489300867;nan;0.13;75.0;50.0;0.086416666848223;0.064206476630692
23.0;20;25;0.007522518884807467;0.718446489300867;0.07412152634774449;0.13;50.0;100.0;0.0951034486697061;0.1692249750174506
28.0;20;25;0.007522518884807467;0.718446489300867;0.05616145497135011;0.13;50.0;100.0;0.0912401650277275;0.1474016199990776
