Site;Number Data Training;Number Global Data;MSE Test;R2 Test;Quality Metric;Quality Sum;P Real;P pred;H Real Preal;H Real Ppred
3.0;20;25;0.0024578279689192813;0.8590877033505879;nan;0;30.0;30.0;0.0404493979934081;0.0404493979934081
20.0;20;25;0.0024578279689192813;0.8590877033505879;nan;0;90.0;90.0;0.0939738204160915;0.0939738204160915
22.0;20;25;0.0024578279689192813;0.8590877033505879;nan;0;90.0;90.0;0.0665826349200478;0.0665826349200478
25.0;20;25;0.0024578279689192813;0.8590877033505879;nan;0;90.0;90.0;0.0734978659430122;0.0734978659430122
28.0;20;25;0.0024578279689192813;0.8590877033505879;nan;0;30.0;30.0;0.056126814949097;0.056126814949097
