Site;Number Data Training;Number Global Data;MSE Test;R2 Test;Quality Metric;Quality Sum;P Real;P pred;H Real Preal;H Real Ppred
4.0;20;25;0.013268685134900631;0.5574100936915019;nan;0;75.0;75.0;0.0982052033382978;0.0982052033382978
16.0;20;25;0.013268685134900631;0.5574100936915019;nan;0;100.0;75.0;0.0844783754487946;0.0725509104538725
18.0;20;25;0.013268685134900631;0.5574100936915019;nan;0;3652.0;75.0;0.0515095706017609;0.0236715852474286
20.0;20;25;0.013268685134900631;0.5574100936915019;nan;0;100.0;75.0;0.0910601462720121;0.0760837005891203
25.0;20;25;0.013268685134900631;0.5574100936915019;nan;0;125.0;125.0;0.0940222321495014;0.0940222321495014
