Site;Number Data Training;Number Global Data;MSE Test;R2 Test;Quality Metric;Quality Sum;P Real;P pred;H Real Preal;H Real Ppred
3.0;20;25;0.009917853782722023;0.8342182245460559;0.0602517744568109;0.243;75.0;150.0;0.0829605078650181;0.143212282321829
15.0;20;25;0.009917853782722023;0.8342182245460559;0.0979284482959183;0.243;30.0;75.0;0.0825331753189077;0.180461623614826
17.0;20;25;0.009917853782722023;0.8342182245460559;0.0496228714611027;0.243;75.0;125.0;0.086416666848223;0.1360395383093257
20.0;20;25;0.009917853782722023;0.8342182245460559;0.0351268072125457;0.243;100.0;150.0;0.0910601462720121;0.1261869534845578
24.0;20;25;0.009917853782722023;0.8342182245460559;nan;0.243;75.0;75.0;0.0806796201739536;0.0806796201739536
