Site;Number Data Training;Number Global Data;MSE Test;R2 Test;Quality Metric;Quality Sum;P Real;P pred;H Real Preal;H Real Ppred
3.0;20;25;0.03230400204084623;0.5061280331067155;0.0602517744568109;0.447;75.0;150.0;0.0829605078650181;0.143212282321829
4.0;20;25;0.03230400204084623;0.5061280331067155;0.1133798346477225;0.447;75.0;150.0;0.0982052033382978;0.2115850379860203
15.0;20;25;0.03230400204084623;0.5061280331067155;0.15120857264273402;0.447;30.0;100.0;0.0825331753189077;0.2337417479616417
21.0;20;25;0.03230400204084623;0.5061280331067155;0.0027304464335027034;0.447;90.0;100.0;0.0986127877393275;0.1013432341728302
28.0;20;25;0.03230400204084623;0.5061280331067155;0.1198608547699373;0.447;50.0;150.0;0.0912401650277275;0.2111010197976648
