Site;Number Data Training;Number Global Data;MSE Test;R2 Test;Quality Metric;Quality Sum;P Real;P pred;H Real Preal;H Real Ppred
1.0;22;27;0.0029595708029543917;0.8340601444133222;0.06287049047289771;0.063;30.0;90.0;0.0425305241829691;0.1054010146558668
7.0;22;27;0.0029595708029543917;0.8340601444133222;nan;0.063;90.0;90.0;0.086542647569335;0.086542647569335
16.0;22;27;0.0029595708029543917;0.8340601444133222;nan;0.063;90.0;90.0;0.0895169299721877;0.0895169299721877
27.0;22;27;0.0029595708029543917;0.8340601444133222;nan;0.063;30.0;30.0;0.0493077354091983;0.0493077354091983
29.0;22;27;0.0029595708029543917;0.8340601444133222;nan;0.063;90.0;30.0;0.098923572533551;0.0532782227856177
