Site;Number Data Training;Number Global Data;MSE Test;R2 Test;Quality Metric;Quality Sum;P Real;P pred;H Real Preal;H Real Ppred
1.0;20;25;0.009120210776080266;0.6586479340706652;0.022969212840433198;0.14;75.0;100.0;0.0850912692667235;0.1080604821071567
11.0;20;25;0.009120210776080266;0.6586479340706652;nan;0.14;330.0;100.0;0.0959083060330537;0.0450395001628755
17.0;20;25;0.009120210776080266;0.6586479340706652;0.023311678069818903;0.14;75.0;100.0;0.086416666848223;0.1097283449180419
23.0;20;25;0.009120210776080266;0.6586479340706652;0.037729339075152385;0.14;50.0;75.0;0.0951034486697061;0.1328327877448585
28.0;20;25;0.009120210776080266;0.6586479340706652;0.05616145497135011;0.14;50.0;100.0;0.0912401650277275;0.1474016199990776
