Site;Number Data Training;Number Global Data;MSE Test;R2 Test;Quality Metric;Quality Sum;P Real;P pred;H Real Preal;H Real Ppred
1.0;20;25;0.007026218315949193;0.737022071451446;0.022969212840433198;0.113;75.0;100.0;0.0850912692667235;0.1080604821071567
11.0;20;25;0.007026218315949193;0.737022071451446;nan;0.113;330.0;75.0;0.0959083060330537;0.0368904258739981
17.0;20;25;0.007026218315949193;0.737022071451446;0.020312919746835703;0.113;75.0;90.0;0.086416666848223;0.1067295865950587
23.0;20;25;0.007026218315949193;0.737022071451446;0.037729339075152385;0.113;50.0;75.0;0.0951034486697061;0.1328327877448585
28.0;20;25;0.007026218315949193;0.737022071451446;0.032093643247467704;0.113;50.0;75.0;0.0912401650277275;0.1233338082751952
