Site;Number Data Training;Number Global Data;MSE Test;R2 Test;Quality Metric;Quality Sum;P Real;P pred;H Real Preal;H Real Ppred
16.0;20;25;0.004115076834130006;0.8414619129364257;0.024675435802241102;0.175;100.0;125.0;0.0844783754487946;0.1091538112510357
18.0;20;25;0.004115076834130006;0.8414619129364257;nan;0.175;3652.0;2250.0;0.0515095706017609;0.0509764643146258
21.0;20;25;0.004115076834130006;0.8414619129364257;0.1500261290787484;0.175;90.0;365.0;0.0986127877393275;0.2486389168180759
24.0;20;25;0.004115076834130006;0.8414619129364257;nan;0.175;75.0;75.0;0.0806796201739536;0.0806796201739536
25.0;20;25;0.004115076834130006;0.8414619129364257;nan;0.175;125.0;100.0;0.0940222321495014;0.0761329268533129
