Site;Number Data Training;Number Global Data;MSE Test;R2 Test;Quality Metric;Quality Sum;P Real;P pred;H Real Preal;H Real Ppred
7.0;20;25;0.006485292742983691;0.6714684901211301;0.0232595604167075;0.139;100.0;125.0;0.0904205207984803;0.1136800812151878
13.0;20;25;0.006485292742983691;0.6714684901211301;nan;0.139;3000.0;150.0;0.0998605746589843;0.0594677090973026
14.0;20;25;0.006485292742983691;0.6714684901211301;nan;0.139;150.0;125.0;0.0918619289379249;0.0833140874338638
16.0;20;25;0.006485292742983691;0.6714684901211301;nan;0.139;100.0;75.0;0.0844783754487946;0.0725509104538725
19.0;20;25;0.006485292742983691;0.6714684901211301;0.11528048195616689;0.139;30.0;90.0;0.0866235149493999;0.2019039969055668
