Site;Number Data Training;Number Global Data;MSE Test;R2 Test;Quality Metric;Quality Sum;P Real;P pred;H Real Preal;H Real Ppred
4.0;20;25;0.005489137172811663;0.8052753590740056;0.030123867625210493;0.133;75.0;90.0;0.0982052033382978;0.1283290709635083
8.0;20;25;0.005489137172811663;0.8052753590740056;nan;0.133;125.0;100.0;0.0867459868794762;0.0671801751349022
12.0;20;25;0.005489137172811663;0.8052753590740056;nan;0.133;150.0;100.0;0.0962223954294124;0.075515837203816
14.0;20;25;0.005489137172811663;0.8052753590740056;nan;0.133;150.0;100.0;0.0918619289379249;0.068680108288561
20.0;20;25;0.005489137172811663;0.8052753590740056;0.1028640221111458;0.133;100.0;365.0;0.0910601462720121;0.1939241683831579
