Site;Number Data Training;Number Global Data;MSE Test;R2 Test;Quality Metric;Quality Sum;P Real;P pred;H Real Preal;H Real Ppred
7.0;20;25;0.01777892044378182;0.3016072034623888;nan;0.198;100.0;100.0;0.0904205207984803;0.0904205207984803
11.0;20;25;0.01777892044378182;0.3016072034623888;nan;0.198;330.0;90.0;0.0959083060330537;0.0435498926878454
19.0;20;25;0.01777892044378182;0.3016072034623888;0.16639439615820828;0.198;30.0;125.0;0.0866235149493999;0.2530179111076082
20.0;20;25;0.01777892044378182;0.3016072034623888;nan;0.198;100.0;75.0;0.0910601462720121;0.0760837005891203
28.0;20;25;0.01777892044378182;0.3016072034623888;0.032093643247467704;0.198;50.0;75.0;0.0912401650277275;0.1233338082751952
