Site;Number Data Training;Number Global Data;MSE Test;R2 Test;Quality Metric;Quality Sum;P Real;P pred;H Real Preal;H Real Ppred
3.0;20;25;0.006474367170306182;0.6787284925572716;0.0602517744568109;0.12;75.0;150.0;0.0829605078650181;0.143212282321829
10.0;20;25;0.006474367170306182;0.6787284925572716;nan;0.12;100.0;100.0;0.0973990073949321;0.0973990073949321
20.0;20;25;0.006474367170306182;0.6787284925572716;0.0219030977464533;0.12;100.0;125.0;0.0910601462720121;0.1129632440184654
21.0;20;25;0.006474367170306182;0.6787284925572716;nan;0.12;90.0;60.0;0.0986127877393275;0.0677394370248157
23.0;20;25;0.006474367170306182;0.6787284925572716;0.037729339075152385;0.12;50.0;75.0;0.0951034486697061;0.1328327877448585
