Site;Number Data Training;Number Global Data;MSE Test;R2 Test;Quality Metric;Quality Sum;P Real;P pred;H Real Preal;H Real Ppred
3.0;20;25;0.008857096454055649;0.8519493019671056;nan;0.118;75.0;75.0;0.0829605078650181;0.0829605078650181
15.0;20;25;0.008857096454055649;0.8519493019671056;0.0979284482959183;0.118;30.0;75.0;0.0825331753189077;0.180461623614826
17.0;20;25;0.008857096454055649;0.8519493019671056;0.020312919746835703;0.118;75.0;90.0;0.086416666848223;0.1067295865950587
20.0;20;25;0.008857096454055649;0.8519493019671056;nan;0.118;100.0;75.0;0.0910601462720121;0.0760837005891203
24.0;20;25;0.008857096454055649;0.8519493019671056;nan;0.118;75.0;75.0;0.0806796201739536;0.0806796201739536
