Site;Number Data Training;Number Global Data;MSE Test;R2 Test;Quality Metric;Quality Sum;P Real;P pred;H Real Preal;H Real Ppred
1.0;22;27;0.0036072806201848987;0.8574643120436781;0.06287049047289771;0.125;30.0;90.0;0.0425305241829691;0.1054010146558668
3.0;22;27;0.0036072806201848987;0.8574643120436781;0.06230770324085481;0.125;30.0;90.0;0.0404493979934081;0.1027571012342629
21.0;22;27;0.0036072806201848987;0.8574643120436781;nan;0.125;90.0;90.0;0.0986127877393275;0.0986127877393275
22.0;22;27;0.0036072806201848987;0.8574643120436781;nan;0.125;90.0;90.0;0.0665826349200478;0.0665826349200478
24.0;22;27;0.0036072806201848987;0.8574643120436781;nan;0.125;30.0;30.0;0.0306645078478985;0.0306645078478985
