Site;Number Data Training;Number Global Data;MSE Test;R2 Test;Quality Metric;Quality Sum;P Real;P pred;H Real Preal;H Real Ppred
27.0;24;25;0.014667825749528962;0.4169731759944161;0.06916025460476449;0.069;30.0;90.0;0.0493077354091983;0.1184679900139628
