Site;Number Data Training;Number Global Data;MSE Test;R2 Test;Quality Metric;Quality Sum;P Real;P pred;H Real Preal;H Real Ppred
11.0;20;25;0.018420653239175754;-1.4227337137022218;nan;0.064;330.0;50.0;0.0959083060330537;0.0284514783161753
13.0;20;25;0.018420653239175754;-1.4227337137022218;nan;0.064;3000.0;50.0;0.0998605746589843;0.0304267922884734
16.0;20;25;0.018420653239175754;-1.4227337137022218;nan;0.064;100.0;75.0;0.0844783754487946;0.0725509104538725
25.0;20;25;0.018420653239175754;-1.4227337137022218;0.0099181142790995;0.064;125.0;150.0;0.0940222321495014;0.1039403464286009
29.0;20;25;0.018420653239175754;-1.4227337137022218;0.054351062716472914;0.064;90.0;150.0;0.098923572533551;0.1532746352500239
