Site;Number Data Training;Number Global Data;MSE Test;R2 Test;Quality Metric;Quality Sum;P Real;P pred;H Real Preal;H Real Ppred
4.0;20;25;0.00854933380960396;0.7798008805417632;nan;0.174;30.0;30.0;0.0343745209691433;0.0343745209691433
12.0;20;25;0.00854933380960396;0.7798008805417632;nan;0.174;90.0;90.0;0.0730083632551525;0.0730083632551525
21.0;20;25;0.00854933380960396;0.7798008805417632;0.10446468545824039;0.174;90.0;182.0;0.0986127877393275;0.2030774731975679
24.0;20;25;0.00854933380960396;0.7798008805417632;nan;0.174;30.0;30.0;0.0306645078478985;0.0306645078478985
27.0;20;25;0.00854933380960396;0.7798008805417632;0.06916025460476449;0.174;30.0;90.0;0.0493077354091983;0.1184679900139628
