Site;Number Data Training;Number Global Data;MSE Test;R2 Test;Quality Metric;Quality Sum;P Real;P pred;H Real Preal;H Real Ppred
1.0;20;25;0.005125519358152003;0.7644144515412697;nan;0.066;75.0;60.0;0.0850912692667235;0.0759114644001612
7.0;20;25;0.005125519358152003;0.7644144515412697;nan;0.066;100.0;60.0;0.0904205207984803;0.0589905795479446
19.0;20;25;0.005125519358152003;0.7644144515412697;0.0655394730059071;0.066;30.0;60.0;0.0866235149493999;0.152162987955307
22.0;20;25;0.005125519358152003;0.7644144515412697;nan;0.066;150.0;100.0;0.0946198779296581;0.0673529852309897
30.0;20;25;0.005125519358152003;0.7644144515412697;nan;0.066;365.0;100.0;0.0943415440641389;0.0491261932172611
