Site;Number Data Training;Number Global Data;MSE Test;R2 Test;Quality Metric;Quality Sum;P Real;P pred;H Real Preal;H Real Ppred
15.0;20;25;0.022020049350378573;0.5353794850750713;0.154083590696306;0.154;30.0;90.0;0.0825331753189077;0.2366167660152137
18.0;20;25;0.022020049350378573;0.5353794850750713;nan;0.154;3652.0;30.0;0.0515095706017609;0.013022431319224
22.0;20;25;0.022020049350378573;0.5353794850750713;nan;0.154;90.0;90.0;0.0665826349200478;0.0665826349200478
25.0;20;25;0.022020049350378573;0.5353794850750713;nan;0.154;90.0;90.0;0.0734978659430122;0.0734978659430122
30.0;20;25;0.022020049350378573;0.5353794850750713;nan;0.154;365.0;30.0;0.0943415440641389;0.0218219316716011
