Site;Number Data Training;Number Global Data;MSE Test;R2 Test;Quality Metric;Quality Sum;P Real;P pred;H Real Preal;H Real Ppred
1.0;20;25;0.06810069254253048;-1.1779656181192726;nan;0.032;75.0;30.0;0.0850912692667235;0.0425305241829691
20.0;20;25;0.06810069254253048;-1.1779656181192726;nan;0.032;100.0;30.0;0.0910601462720121;0.0363035232843364
24.0;20;25;0.06810069254253048;-1.1779656181192726;nan;0.032;75.0;75.0;0.0806796201739536;0.0806796201739536
28.0;20;25;0.06810069254253048;-1.1779656181192726;0.032093643247467704;0.032;50.0;75.0;0.0912401650277275;0.1233338082751952
30.0;20;25;0.06810069254253048;-1.1779656181192726;nan;0.032;365.0;30.0;0.0943415440641389;0.0218219316716011
