Site;Number Data Training;Number Global Data;MSE Test;R2 Test;Quality Metric;Quality Sum;P Real;P pred;H Real Preal;H Real Ppred
7.0;20;25;0.006301608563602524;0.7674374774239312;0.0232595604167075;0.043;100.0;125.0;0.0904205207984803;0.1136800812151878
12.0;20;25;0.006301608563602524;0.7674374774239312;nan;0.043;150.0;100.0;0.0962223954294124;0.075515837203816
24.0;20;25;0.006301608563602524;0.7674374774239312;nan;0.043;75.0;45.0;0.0806796201739536;0.049342016507786
27.0;20;25;0.006301608563602524;0.7674374774239312;0.01983004732601369;0.043;75.0;100.0;0.0972403971442618;0.1170704444702755
29.0;20;25;0.006301608563602524;0.7674374774239312;nan;0.043;90.0;30.0;0.098923572533551;0.0532782227856177
