Site;Number Data Training;Number Global Data;MSE Test;R2 Test;Quality Metric;Quality Sum;P Real;P pred;H Real Preal;H Real Ppred
1.0;20;25;0.014367202738330335;0.45298078048780244;nan;0.116;75.0;60.0;0.0850912692667235;0.0759114644001612
7.0;20;25;0.014367202738330335;0.45298078048780244;nan;0.116;100.0;75.0;0.0904205207984803;0.0675783894922642
19.0;20;25;0.014367202738330335;0.45298078048780244;0.08355299194062568;0.116;30.0;75.0;0.0866235149493999;0.1701765068900256
28.0;20;25;0.014367202738330335;0.45298078048780244;0.032093643247467704;0.116;50.0;75.0;0.0912401650277275;0.1233338082751952
30.0;20;25;0.014367202738330335;0.45298078048780244;nan;0.116;365.0;100.0;0.0943415440641389;0.0491261932172611
