Site;Number Data Training;Number Global Data;MSE Test;R2 Test;Quality Metric;Quality Sum;P Real;P pred;H Real Preal;H Real Ppred
7.0;20;25;0.006368739089541838;0.6773728570116729;nan;0.09;100.0;60.0;0.0904205207984803;0.0589905795479446
13.0;20;25;0.006368739089541838;0.6773728570116729;nan;0.09;3000.0;2250.0;0.0998605746589843;0.0950715610308494
14.0;20;25;0.006368739089541838;0.6773728570116729;nan;0.09;150.0;100.0;0.0918619289379249;0.068680108288561
16.0;20;25;0.006368739089541838;0.6773728570116729;0.024675435802241102;0.09;100.0;125.0;0.0844783754487946;0.1091538112510357
19.0;20;25;0.006368739089541838;0.6773728570116729;0.0655394730059071;0.09;30.0;60.0;0.0866235149493999;0.152162987955307
