Site;Number Data Training;Number Global Data;MSE Test;R2 Test;Quality Metric;Quality Sum;P Real;P pred;H Real Preal;H Real Ppred
6.0;22;27;0.0025531936777115484;0.7914850948946153;nan;0;90.0;30.0;0.0805447502647162;0.0352018987493894
14.0;22;27;0.0025531936777115484;0.7914850948946153;nan;0;90.0;90.0;0.0669928669115922;0.0669928669115922
22.0;22;27;0.0025531936777115484;0.7914850948946153;nan;0;90.0;90.0;0.0665826349200478;0.0665826349200478
27.0;22;27;0.0025531936777115484;0.7914850948946153;nan;0;30.0;30.0;0.0493077354091983;0.0493077354091983
29.0;22;27;0.0025531936777115484;0.7914850948946153;nan;0;90.0;30.0;0.098923572533551;0.0532782227856177
