Site;Number Data Training;Number Global Data;MSE Test;R2 Test;Quality Metric;Quality Sum;P Real;P pred;H Real Preal;H Real Ppred
28.0;24;25;0.01086332499832185;0.6969008540335841;0.09894812544548881;0.099;30.0;90.0;0.056126814949097;0.1550749403945858
