Site;Number Data Training;Number Global Data;MSE Test;R2 Test;Quality Metric;Quality Sum;P Real;P pred;H Real Preal;H Real Ppred
8.0;20;25;0.010861568265345638;0.5642674862546482;nan;0.103;125.0;100.0;0.0867459868794762;0.0671801751349022
11.0;20;25;0.010861568265345638;0.5642674862546482;nan;0.103;330.0;50.0;0.0959083060330537;0.0284514783161753
12.0;20;25;0.010861568265345638;0.5642674862546482;nan;0.103;150.0;100.0;0.0962223954294124;0.075515837203816
19.0;20;25;0.010861568265345638;0.5642674862546482;0.08355299194062568;0.103;30.0;75.0;0.0866235149493999;0.1701765068900256
23.0;20;25;0.010861568265345638;0.5642674862546482;0.019244970556029098;0.103;50.0;60.0;0.0951034486697061;0.1143484192257352
