Site;Number Data Training;Number Global Data;MSE Test;R2 Test;Quality Metric;Quality Sum;P Real;P pred;H Real Preal;H Real Ppred
1.0;22;27;0.016187564371122763;0.6988000335409312;0.06287049047289771;0.178;30.0;90.0;0.0425305241829691;0.1054010146558668
15.0;22;27;0.016187564371122763;0.6988000335409312;nan;0.178;30.0;30.0;0.0825331753189077;0.0825331753189077
16.0;22;27;0.016187564371122763;0.6988000335409312;nan;0.178;90.0;90.0;0.0895169299721877;0.0895169299721877
19.0;22;27;0.016187564371122763;0.6988000335409312;0.11528048195616689;0.178;30.0;90.0;0.0866235149493999;0.2019039969055668
22.0;22;27;0.016187564371122763;0.6988000335409312;nan;0.178;90.0;90.0;0.0665826349200478;0.0665826349200478
