Site;Number Data Training;Number Global Data;MSE Test;R2 Test;Quality Metric;Quality Sum;P Real;P pred;H Real Preal;H Real Ppred
7.0;22;27;0.004781289349538896;0.6162809412596546;nan;0;90.0;90.0;0.086542647569335;0.086542647569335
13.0;22;27;0.004781289349538896;0.6162809412596546;nan;0;3652.0;90.0;0.0993700430118872;0.0459743068795799
21.0;22;27;0.004781289349538896;0.6162809412596546;nan;0;90.0;90.0;0.0986127877393275;0.0986127877393275
25.0;22;27;0.004781289349538896;0.6162809412596546;nan;0;90.0;90.0;0.0734978659430122;0.0734978659430122
29.0;22;27;0.004781289349538896;0.6162809412596546;nan;0;90.0;30.0;0.098923572533551;0.0532782227856177
