Site;Number Data Training;Number Global Data;MSE Test;R2 Test;Quality Metric;Quality Sum;P Real;P pred;H Real Preal;H Real Ppred
7.0;22;27;0.005062046206510972;0.8138812427804282;nan;0.164;90.0;90.0;0.086542647569335;0.086542647569335
17.0;22;27;0.005062046206510972;0.8138812427804282;0.0653970705161301;0.164;30.0;90.0;0.0413325160789286;0.1067295865950587
20.0;22;27;0.005062046206510972;0.8138812427804282;nan;0.164;90.0;90.0;0.0939738204160915;0.0939738204160915
23.0;22;27;0.005062046206510972;0.8138812427804282;nan;0.164;30.0;30.0;0.0601751122032808;0.0601751122032808
28.0;22;27;0.005062046206510972;0.8138812427804282;0.09894812544548881;0.164;30.0;90.0;0.056126814949097;0.1550749403945858
