Site;Number Data Training;Number Global Data;MSE Test;R2 Test;Quality Metric;Quality Sum;P Real;P pred;H Real Preal;H Real Ppred
6.0;22;27;0.009976487552782179;-0.04864319422678731;nan;0;90.0;30.0;0.0805447502647162;0.0352018987493894
8.0;22;27;0.009976487552782179;-0.04864319422678731;nan;0;90.0;30.0;0.0692507301025263;0.0261748518897128
11.0;22;27;0.009976487552782179;-0.04864319422678731;nan;0;182.0;30.0;0.0809120145894057;0.020072089411818
18.0;22;27;0.009976487552782179;-0.04864319422678731;nan;0;3652.0;90.0;0.0515095706017609;0.0274766933281444
21.0;22;27;0.009976487552782179;-0.04864319422678731;nan;0;90.0;90.0;0.0986127877393275;0.0986127877393275
