Site;Number Data Training;Number Global Data;MSE Test;R2 Test;Quality Metric;Quality Sum;P Real;P pred;H Real Preal;H Real Ppred
1.0;20;25;0.019986141244918397;0.6289559400772715;0.020309745389143305;0.118;75.0;90.0;0.0850912692667235;0.1054010146558668
8.0;20;25;0.019986141244918397;0.6289559400772715;nan;0.118;125.0;100.0;0.0867459868794762;0.0671801751349022
13.0;20;25;0.019986141244918397;0.6289559400772715;nan;0.118;3000.0;365.0;0.0998605746589843;0.0799346362186648
15.0;20;25;0.019986141244918397;0.6289559400772715;0.0979284482959183;0.118;30.0;75.0;0.0825331753189077;0.180461623614826
16.0;20;25;0.019986141244918397;0.6289559400772715;nan;0.118;100.0;100.0;0.0844783754487946;0.0844783754487946
