Site;Number Data Training;Number Global Data;MSE Test;R2 Test;Quality Metric;Quality Sum;P Real;P pred;H Real Preal;H Real Ppred
1.0;20;25;0.005935650752346323;0.79616734849971;0.06287049047289771;0.162;30.0;90.0;0.0425305241829691;0.1054010146558668
20.0;20;25;0.005935650752346323;0.79616734849971;nan;0.162;90.0;30.0;0.0939738204160915;0.0363035232843364
24.0;20;25;0.005935650752346323;0.79616734849971;nan;0.162;30.0;30.0;0.0306645078478985;0.0306645078478985
28.0;20;25;0.005935650752346323;0.79616734849971;0.09894812544548881;0.162;30.0;90.0;0.056126814949097;0.1550749403945858
30.0;20;25;0.005935650752346323;0.79616734849971;nan;0.162;365.0;90.0;0.0943415440641389;0.0470231990120249
