Site;Number Data Training;Number Global Data;MSE Test;R2 Test;Quality Metric;Quality Sum;P Real;P pred;H Real Preal;H Real Ppred
3.0;20;25;0.011592937586150903;0.36329804225512285;nan;0.06;75.0;75.0;0.0829605078650181;0.0829605078650181
10.0;20;25;0.011592937586150903;0.36329804225512285;0.0282396243392658;0.06;100.0;150.0;0.0973990073949321;0.1256386317341979
17.0;20;25;0.011592937586150903;0.36329804225512285;nan;0.06;75.0;45.0;0.086416666848223;0.0588386845126401
28.0;20;25;0.011592937586150903;0.36329804225512285;0.032093643247467704;0.06;50.0;75.0;0.0912401650277275;0.1233338082751952
30.0;20;25;0.011592937586150903;0.36329804225512285;nan;0.06;365.0;100.0;0.0943415440641389;0.0491261932172611
