Site;Number Data Training;Number Global Data;MSE Test;R2 Test;Quality Metric;Quality Sum;P Real;P pred;H Real Preal;H Real Ppred
4.0;20;25;0.014385168247007408;0.47850499984490236;0.013202385271553596;0.041;75.0;100.0;0.0982052033382978;0.1114075886098514
10.0;20;25;0.014385168247007408;0.47850499984490236;0.0282396243392658;0.041;100.0;150.0;0.0973990073949321;0.1256386317341979
11.0;20;25;0.014385168247007408;0.47850499984490236;nan;0.041;330.0;50.0;0.0959083060330537;0.0284514783161753
13.0;20;25;0.014385168247007408;0.47850499984490236;-0.0004905316470971005;0.041;3000.0;3652.0;0.0998605746589843;0.0993700430118872
29.0;20;25;0.014385168247007408;0.47850499984490236;nan;0.041;90.0;75.0;0.098923572533551;0.0850413070264584
