Site;Number Data Training;Number Global Data;MSE Test;R2 Test;Quality Metric;Quality Sum;P Real;P pred;H Real Preal;H Real Ppred
17.0;4;5;0.006103214637392061;0.600247570954867;0.0496228714611027;0.05;75.0;125.0;0.086416666848223;0.1360395383093257
