Site;Number Data Training;Number Global Data;MSE Test;R2 Test;Quality Metric;Quality Sum;P Real;P pred;H Real Preal;H Real Ppred
8.0;20;25;0.02013277677830746;-0.02220551035269125;nan;0.061;125.0;100.0;0.0867459868794762;0.0671801751349022
14.0;20;25;0.02013277677830746;-0.02220551035269125;nan;0.061;150.0;100.0;0.0918619289379249;0.068680108288561
17.0;20;25;0.02013277677830746;-0.02220551035269125;0.023311678069818903;0.061;75.0;100.0;0.086416666848223;0.1097283449180419
23.0;20;25;0.02013277677830746;-0.02220551035269125;0.037729339075152385;0.061;50.0;75.0;0.0951034486697061;0.1328327877448585
30.0;20;25;0.02013277677830746;-0.02220551035269125;nan;0.061;365.0;75.0;0.0943415440641389;0.0397819268309972
