Site;Number Data Training;Number Global Data;MSE Test;R2 Test;Quality Metric;Quality Sum;P Real;P pred;H Real Preal;H Real Ppred
7.0;20;25;0.005688421669672994;0.788573553528237;0.0232595604167075;0.026;100.0;125.0;0.0904205207984803;0.1136800812151878
11.0;20;25;0.005688421669672994;0.788573553528237;nan;0.026;330.0;75.0;0.0959083060330537;0.0368904258739981
16.0;20;25;0.005688421669672994;0.788573553528237;nan;0.026;100.0;75.0;0.0844783754487946;0.0725509104538725
21.0;20;25;0.005688421669672994;0.788573553528237;0.0027304464335027034;0.026;90.0;100.0;0.0986127877393275;0.1013432341728302
24.0;20;25;0.005688421669672994;0.788573553528237;nan;0.026;75.0;45.0;0.0806796201739536;0.049342016507786
