Site;Number Data Training;Number Global Data;MSE Test;R2 Test;Quality Metric;Quality Sum;P Real;P pred;H Real Preal;H Real Ppred
2.0;22;27;0.0056376034912932575;0.22091787304309307;nan;0;90.0;90.0;0.0681692089993866;0.0681692089993866
6.0;22;27;0.0056376034912932575;0.22091787304309307;nan;0;90.0;30.0;0.0805447502647162;0.0352018987493894
10.0;22;27;0.0056376034912932575;0.22091787304309307;nan;0;90.0;90.0;0.0915538363720714;0.0915538363720714
14.0;22;27;0.0056376034912932575;0.22091787304309307;nan;0;90.0;90.0;0.0669928669115922;0.0669928669115922
18.0;22;27;0.0056376034912932575;0.22091787304309307;nan;0;3652.0;90.0;0.0515095706017609;0.0274766933281444
