Site;Number Data Training;Number Global Data;MSE Test;R2 Test;Quality Metric;Quality Sum;P Real;P pred;H Real Preal;H Real Ppred
3.0;22;27;0.005625406942961548;0.7754014942751792;0.06230770324085481;0.062;30.0;90.0;0.0404493979934081;0.1027571012342629
11.0;22;27;0.005625406942961548;0.7754014942751792;nan;0.062;182.0;30.0;0.0809120145894057;0.020072089411818
22.0;22;27;0.005625406942961548;0.7754014942751792;nan;0.062;90.0;90.0;0.0665826349200478;0.0665826349200478
24.0;22;27;0.005625406942961548;0.7754014942751792;nan;0.062;30.0;30.0;0.0306645078478985;0.0306645078478985
27.0;22;27;0.005625406942961548;0.7754014942751792;nan;0.062;30.0;30.0;0.0493077354091983;0.0493077354091983
