Site;Number Data Training;Number Global Data;MSE Test;R2 Test;Quality Metric;Quality Sum;P Real;P pred;H Real Preal;H Real Ppred
7.0;20;25;0.014318896057949448;0.4375241234211007;nan;0.168;100.0;60.0;0.0904205207984803;0.0589905795479446
11.0;20;25;0.014318896057949448;0.4375241234211007;nan;0.168;330.0;50.0;0.0959083060330537;0.0284514783161753
19.0;20;25;0.014318896057949448;0.4375241234211007;0.0655394730059071;0.168;30.0;60.0;0.0866235149493999;0.152162987955307
20.0;20;25;0.014318896057949448;0.4375241234211007;0.1028640221111458;0.168;100.0;365.0;0.0910601462720121;0.1939241683831579
28.0;20;25;0.014318896057949448;0.4375241234211007;nan;0.168;50.0;50.0;0.0912401650277275;0.0912401650277275
