Site;Number Data Training;Number Global Data;MSE Test;R2 Test;Quality Metric;Quality Sum;P Real;P pred;H Real Preal;H Real Ppred
6.0;22;27;0.0053063726812458255;0.39534290875151445;nan;0;90.0;30.0;0.0805447502647162;0.0352018987493894
11.0;22;27;0.0053063726812458255;0.39534290875151445;nan;0;182.0;30.0;0.0809120145894057;0.020072089411818
14.0;22;27;0.0053063726812458255;0.39534290875151445;nan;0;90.0;90.0;0.0669928669115922;0.0669928669115922
20.0;22;27;0.0053063726812458255;0.39534290875151445;nan;0;90.0;30.0;0.0939738204160915;0.0363035232843364
22.0;22;27;0.0053063726812458255;0.39534290875151445;nan;0;90.0;90.0;0.0665826349200478;0.0665826349200478
