Site;Number Data Training;Number Global Data;MSE Test;R2 Test;Quality Metric;Quality Sum;P Real;P pred;H Real Preal;H Real Ppred
10.0;24;25;0.001087757386253427;0.8685455998544487;0.01827575978408201;0.018;100.0;125.0;0.0973990073949321;0.1156747671790141
