Site;Number Data Training;Number Global Data;MSE Test;R2 Test;Quality Metric;Quality Sum;P Real;P pred;H Real Preal;H Real Ppred
13.0;20;25;0.02687818749817923;0.5329933176983142;nan;0.141;3000.0;200.0;0.0998605746589843;0.0658171901360725
14.0;20;25;0.02687818749817923;0.5329933176983142;nan;0.141;150.0;100.0;0.0918619289379249;0.068680108288561
15.0;20;25;0.02687818749817923;0.5329933176983142;0.0979284482959183;0.141;30.0;75.0;0.0825331753189077;0.180461623614826
16.0;20;25;0.02687818749817923;0.5329933176983142;0.024675435802241102;0.141;100.0;125.0;0.0844783754487946;0.1091538112510357
28.0;20;25;0.02687818749817923;0.5329933176983142;0.017946219130690805;0.141;50.0;60.0;0.0912401650277275;0.1091863841584183
