Site;SubCatch;Number Data Training;Number Global Data;MSE Test;R2 Test;Quality Metric;Quality Sum;P Real;P pred;H Real Preal;H Real Ppred
38;8;24;25;0.026431356796880377;-0.042751869428428346;0.4917628739916549;0.492;30;182;0.0056645364398641;0.497427410431519
