Site;Number Data Training;Number Global Data;MSE Test;R2 Test;Quality Metric;Quality Sum;P Real;P pred;H Real Preal;H Real Ppred
3.0;20;25;0.0044647239633783435;0.6612482899962333;nan;0.025;75.0;75.0;0.0829605078650181;0.0829605078650181
7.0;20;25;0.0044647239633783435;0.6612482899962333;nan;0.025;100.0;30.0;0.0904205207984803;0.0316583333666094
14.0;20;25;0.0044647239633783435;0.6612482899962333;nan;0.025;150.0;100.0;0.0918619289379249;0.068680108288561
17.0;20;25;0.0044647239633783435;0.6612482899962333;nan;0.025;75.0;45.0;0.086416666848223;0.0588386845126401
29.0;20;25;0.0044647239633783435;0.6612482899962333;0.025343538133466403;0.025;90.0;100.0;0.098923572533551;0.1242671106670174
