Site;SubCatch;Number Data Training;Number Global Data;MSE Test;R2 Test;Quality Metric;Quality Sum;P Real;P pred;H Real Preal;H Real Ppred
19;1;9;10;0.00559146132144588;0.813440859997976;0.04352970850227761;0.044;30;50;0.085848031856365;0.1293777403586426
