Site;Number Data Training;Number Global Data;MSE Test;R2 Test;Quality Metric;Quality Sum;P Real;P pred;H Real Preal;H Real Ppred
4.0;20;25;0.0163860762989741;0.6107302144810249;0.013202385271553596;0.036;75.0;100.0;0.0982052033382978;0.1114075886098514
12.0;20;25;0.0163860762989741;0.6107302144810249;nan;0.036;150.0;100.0;0.0962223954294124;0.075515837203816
21.0;20;25;0.0163860762989741;0.6107302144810249;0.0027304464335027034;0.036;90.0;100.0;0.0986127877393275;0.1013432341728302
24.0;20;25;0.0163860762989741;0.6107302144810249;nan;0.036;75.0;30.0;0.0806796201739536;0.0306645078478985
27.0;20;25;0.0163860762989741;0.6107302144810249;0.01983004732601369;0.036;75.0;100.0;0.0972403971442618;0.1170704444702755
