Site;Number Data Training;Number Global Data;MSE Test;R2 Test;Quality Metric;Quality Sum;P Real;P pred;H Real Preal;H Real Ppred
3.0;20;25;0.013465113376931572;-0.12114056380399107;0.021789937316753702;0.025;75.0;100.0;0.0829605078650181;0.1047504451817718
8.0;20;25;0.013465113376931572;-0.12114056380399107;nan;0.025;125.0;75.0;0.0867459868794762;0.0551663282849413
16.0;20;25;0.013465113376931572;-0.12114056380399107;nan;0.025;100.0;75.0;0.0844783754487946;0.0725509104538725
21.0;20;25;0.013465113376931572;-0.12114056380399107;0.0027304464335027034;0.025;90.0;100.0;0.0986127877393275;0.1013432341728302
29.0;20;25;0.013465113376931572;-0.12114056380399107;nan;0.025;90.0;45.0;0.098923572533551;0.0733820123933489
