Site;Number Data Training;Number Global Data;MSE Test;R2 Test;Quality Metric;Quality Sum;P Real;P pred;H Real Preal;H Real Ppred
18.0;22;27;0.005370897231922371;0.7607555751770644;nan;0;3652.0;90.0;0.0515095706017609;0.0274766933281444
21.0;22;27;0.005370897231922371;0.7607555751770644;nan;0;90.0;90.0;0.0986127877393275;0.0986127877393275
22.0;22;27;0.005370897231922371;0.7607555751770644;nan;0;90.0;90.0;0.0665826349200478;0.0665826349200478
24.0;22;27;0.005370897231922371;0.7607555751770644;nan;0;30.0;30.0;0.0306645078478985;0.0306645078478985
25.0;22;27;0.005370897231922371;0.7607555751770644;nan;0;90.0;90.0;0.0734978659430122;0.0734978659430122
