Site;Number Data Training;Number Global Data;MSE Test;R2 Test;Quality Metric;Quality Sum;P Real;P pred;H Real Preal;H Real Ppred
2.0;22;27;0.012494668713763153;0.5350702343059011;nan;0.065;90.0;30.0;0.0681692089993866;0.0266639212930479
4.0;22;27;0.012494668713763153;0.5350702343059011;nan;0.065;30.0;30.0;0.0343745209691433;0.0343745209691433
16.0;22;27;0.012494668713763153;0.5350702343059011;nan;0.065;90.0;30.0;0.0895169299721877;0.0353137113675942
17.0;22;27;0.012494668713763153;0.5350702343059011;0.0653970705161301;0.065;30.0;90.0;0.0413325160789286;0.1067295865950587
18.0;22;27;0.012494668713763153;0.5350702343059011;nan;0.065;3652.0;90.0;0.0515095706017609;0.0274766933281444
