Site;Number Data Training;Number Global Data;MSE Test;R2 Test;Quality Metric;Quality Sum;P Real;P pred;H Real Preal;H Real Ppred
1.0;22;27;0.008163528337725818;0.6736104835591509;0.06287049047289771;0.244;30.0;90.0;0.0425305241829691;0.1054010146558668
7.0;22;27;0.008163528337725818;0.6736104835591509;nan;0.244;90.0;90.0;0.086542647569335;0.086542647569335
17.0;22;27;0.008163528337725818;0.6736104835591509;0.0653970705161301;0.244;30.0;90.0;0.0413325160789286;0.1067295865950587
19.0;22;27;0.008163528337725818;0.6736104835591509;0.11528048195616689;0.244;30.0;90.0;0.0866235149493999;0.2019039969055668
27.0;22;27;0.008163528337725818;0.6736104835591509;nan;0.244;30.0;30.0;0.0493077354091983;0.0493077354091983
