Site;Number Data Training;Number Global Data;MSE Test;R2 Test;Quality Metric;Quality Sum;P Real;P pred;H Real Preal;H Real Ppred
13.0;20;25;0.003179624639667343;0.6152443808587693;-0.0004905316470971005;0.102;3000.0;3652.0;0.0998605746589843;0.0993700430118872
14.0;20;25;0.003179624639667343;0.6152443808587693;nan;0.102;150.0;100.0;0.0918619289379249;0.068680108288561
20.0;20;25;0.003179624639667343;0.6152443808587693;0.1028640221111458;0.102;100.0;365.0;0.0910601462720121;0.1939241683831579
25.0;20;25;0.003179624639667343;0.6152443808587693;nan;0.102;125.0;100.0;0.0940222321495014;0.0761329268533129
29.0;20;25;0.003179624639667343;0.6152443808587693;nan;0.102;90.0;75.0;0.098923572533551;0.0850413070264584
