Site;Number Data Training;Number Global Data;MSE Test;R2 Test;Quality Metric;Quality Sum;P Real;P pred;H Real Preal;H Real Ppred
13.0;20;25;0.01830367698009898;0.6819748555970593;nan;0.328;3000.0;1000.0;0.0998605746589843;0.0883850470404615
14.0;20;25;0.01830367698009898;0.6819748555970593;nan;0.328;150.0;100.0;0.0918619289379249;0.068680108288561
15.0;20;25;0.01830367698009898;0.6819748555970593;0.0979284482959183;0.328;30.0;75.0;0.0825331753189077;0.180461623614826
16.0;20;25;0.01830367698009898;0.6819748555970593;nan;0.328;100.0;75.0;0.0844783754487946;0.0725509104538725
28.0;20;25;0.01830367698009898;0.6819748555970593;0.2299567495913453;0.328;50.0;300.0;0.0912401650277275;0.3211969146190728
