Site;Number Data Training;Number Global Data;MSE Test;R2 Test;Quality Metric;Quality Sum;P Real;P pred;H Real Preal;H Real Ppred
1.0;20;25;0.005401274769231173;0.8275725710069468;0.020309745389143305;0.02;75.0;90.0;0.0850912692667235;0.1054010146558668
4.0;20;25;0.005401274769231173;0.8275725710069468;nan;0.02;75.0;75.0;0.0982052033382978;0.0982052033382978
7.0;20;25;0.005401274769231173;0.8275725710069468;nan;0.02;100.0;30.0;0.0904205207984803;0.0316583333666094
8.0;20;25;0.005401274769231173;0.8275725710069468;nan;0.02;125.0;100.0;0.0867459868794762;0.0671801751349022
16.0;20;25;0.005401274769231173;0.8275725710069468;nan;0.02;100.0;100.0;0.0844783754487946;0.0844783754487946
