Site;Number Data Training;Number Global Data;MSE Test;R2 Test;Quality Metric;Quality Sum;P Real;P pred;H Real Preal;H Real Ppred
8.0;20;25;0.03328474338008255;-0.3352809233493137;nan;0.164;125.0;100.0;0.0867459868794762;0.0671801751349022
11.0;20;25;0.03328474338008255;-0.3352809233493137;nan;0.164;330.0;75.0;0.0959083060330537;0.0368904258739981
12.0;20;25;0.03328474338008255;-0.3352809233493137;nan;0.164;150.0;100.0;0.0962223954294124;0.075515837203816
19.0;20;25;0.03328474338008255;-0.3352809233493137;0.125902378272696;0.164;30.0;100.0;0.0866235149493999;0.2125258932220959
23.0;20;25;0.03328474338008255;-0.3352809233493137;0.037729339075152385;0.164;50.0;75.0;0.0951034486697061;0.1328327877448585
