Site;Number Data Training;Number Global Data;MSE Test;R2 Test;Quality Metric;Quality Sum;P Real;P pred;H Real Preal;H Real Ppred
1.0;20;25;0.010676015513384726;0.5198259141659769;0.022969212840433198;0.107;75.0;100.0;0.0850912692667235;0.1080604821071567
7.0;20;25;0.010676015513384726;0.5198259141659769;nan;0.107;100.0;100.0;0.0904205207984803;0.0904205207984803
13.0;20;25;0.010676015513384726;0.5198259141659769;nan;0.107;3000.0;150.0;0.0998605746589843;0.0594677090973026
19.0;20;25;0.010676015513384726;0.5198259141659769;0.08355299194062568;0.107;30.0;75.0;0.0866235149493999;0.1701765068900256
22.0;20;25;0.010676015513384726;0.5198259141659769;nan;0.107;150.0;100.0;0.0946198779296581;0.0673529852309897
