Site;Number Data Training;Number Global Data;MSE Test;R2 Test;Quality Metric;Quality Sum;P Real;P pred;H Real Preal;H Real Ppred
3.0;22;27;0.009533213060792793;0.48506837991287055;0.06230770324085481;0.243;30.0;90.0;0.0404493979934081;0.1027571012342629
6.0;22;27;0.009533213060792793;0.48506837991287055;nan;0.243;90.0;30.0;0.0805447502647162;0.0352018987493894
12.0;22;27;0.009533213060792793;0.48506837991287055;nan;0.243;90.0;90.0;0.0730083632551525;0.0730083632551525
17.0;22;27;0.009533213060792793;0.48506837991287055;0.0653970705161301;0.243;30.0;90.0;0.0413325160789286;0.1067295865950587
19.0;22;27;0.009533213060792793;0.48506837991287055;0.11528048195616689;0.243;30.0;90.0;0.0866235149493999;0.2019039969055668
