Site;Number Data Training;Number Global Data;MSE Test;R2 Test;Quality Metric;Quality Sum;P Real;P pred;H Real Preal;H Real Ppred
3.0;20;25;0.005095125159134105;0.8622771951577236;nan;0.193;30.0;30.0;0.0404493979934081;0.0404493979934081
4.0;20;25;0.005095125159134105;0.8622771951577236;0.09395454999436499;0.193;30.0;90.0;0.0343745209691433;0.1283290709635083
8.0;20;25;0.005095125159134105;0.8622771951577236;nan;0.193;90.0;90.0;0.0692507301025263;0.0692507301025263
19.0;20;25;0.005095125159134105;0.8622771951577236;nan;0.193;30.0;30.0;0.0866235149493999;0.0866235149493999
28.0;20;25;0.005095125159134105;0.8622771951577236;0.09894812544548881;0.193;30.0;90.0;0.056126814949097;0.1550749403945858
