Site;Number Data Training;Number Global Data;MSE Test;R2 Test;Quality Metric;Quality Sum;P Real;P pred;H Real Preal;H Real Ppred
1.0;24;25;0.0015157466266264913;0.9162625766218957;0.022969212840433198;0.023;75.0;100.0;0.0850912692667235;0.1080604821071567
