Site;Number Data Training;Number Global Data;MSE Test;R2 Test;Quality Metric;Quality Sum;P Real;P pred;H Real Preal;H Real Ppred
15.0;20;25;0.023797264367816442;0.5704166829449638;0.0979284482959183;0.121;30.0;75.0;0.0825331753189077;0.180461623614826
16.0;20;25;0.023797264367816442;0.5704166829449638;nan;0.121;100.0;75.0;0.0844783754487946;0.0725509104538725
17.0;20;25;0.023797264367816442;0.5704166829449638;0.023311678069818903;0.121;75.0;100.0;0.086416666848223;0.1097283449180419
18.0;20;25;0.023797264367816442;0.5704166829449638;nan;0.121;3652.0;100.0;0.0515095706017609;0.0298563797653111
22.0;20;25;0.023797264367816442;0.5704166829449638;nan;0.121;150.0;100.0;0.0946198779296581;0.0673529852309897
