Site;Number Data Training;Number Global Data;MSE Test;R2 Test;Quality Metric;Quality Sum;P Real;P pred;H Real Preal;H Real Ppred
13.0;24;25;0.0010311889804062479;0.2657421312715269;nan;0;3652.0;365.0;0.0993700430118872;0.0799346362186648
