Site;Number Data Training;Number Global Data;MSE Test;R2 Test;Quality Metric;Quality Sum;P Real;P pred;H Real Preal;H Real Ppred
17.0;24;25;0.0013644790307187431;0.9106284410236567;0.0496228714611027;0.05;75.0;125.0;0.086416666848223;0.1360395383093257
