Site;Number Data Training;Number Global Data;MSE Test;R2 Test;Quality Metric;Quality Sum;P Real;P pred;H Real Preal;H Real Ppred
1.0;20;25;0.017060076288367882;0.684645758811943;0.022969212840433198;0.121;75.0;100.0;0.0850912692667235;0.1080604821071567
7.0;20;25;0.017060076288367882;0.684645758811943;nan;0.121;100.0;75.0;0.0904205207984803;0.0675783894922642
11.0;20;25;0.017060076288367882;0.684645758811943;nan;0.121;330.0;60.0;0.0959083060330537;0.033546352924242
12.0;20;25;0.017060076288367882;0.684645758811943;nan;0.121;150.0;100.0;0.0962223954294124;0.075515837203816
15.0;20;25;0.017060076288367882;0.684645758811943;0.0979284482959183;0.121;30.0;75.0;0.0825331753189077;0.180461623614826
