Site;Number Data Training;Number Global Data;MSE Test;R2 Test;Quality Metric;Quality Sum;P Real;P pred;H Real Preal;H Real Ppred
17.0;24;25;0.0009162588808891985;0.9399862637919376;0.023311678069818917;0.023;75.0;100.0;0.08641666684822298;0.1097283449180419
