Site;Number Data Training;Number Global Data;MSE Test;R2 Test;Quality Metric;Quality Sum;P Real;P pred;H Real Preal;H Real Ppred
8.0;20;25;0.014768226401416023;0.13994373194507004;nan;0.115;90.0;30.0;0.0692507301025263;0.0261748518897128
14.0;20;25;0.014768226401416023;0.13994373194507004;nan;0.115;90.0;30.0;0.0669928669115922;0.0275341640025388
19.0;20;25;0.014768226401416023;0.13994373194507004;0.11528048195616689;0.115;30.0;90.0;0.0866235149493999;0.2019039969055668
22.0;20;25;0.014768226401416023;0.13994373194507004;nan;0.115;90.0;30.0;0.0665826349200478;0.026952018249273
25.0;20;25;0.014768226401416023;0.13994373194507004;nan;0.115;90.0;90.0;0.0734978659430122;0.0734978659430122
