Site;Number Data Training;Number Global Data;MSE Test;R2 Test;Quality Metric;Quality Sum;P Real;P pred;H Real Preal;H Real Ppred
3.0;20;25;0.006722614873556227;0.7266876954744226;0.06230770324085481;0.062;30.0;90.0;0.0404493979934081;0.1027571012342629
11.0;20;25;0.006722614873556227;0.7266876954744226;nan;0.062;182.0;30.0;0.0809120145894057;0.020072089411818
24.0;20;25;0.006722614873556227;0.7266876954744226;nan;0.062;30.0;30.0;0.0306645078478985;0.0306645078478985
27.0;20;25;0.006722614873556227;0.7266876954744226;nan;0.062;30.0;30.0;0.0493077354091983;0.0493077354091983
30.0;20;25;0.006722614873556227;0.7266876954744226;nan;0.062;365.0;90.0;0.0943415440641389;0.0470231990120249
