Site;Number Data Training;Number Global Data;MSE Test;R2 Test;Quality Metric;Quality Sum;P Real;P pred;H Real Preal;H Real Ppred
6.0;22;27;0.003906321755256216;0.5329999122836904;nan;0;90.0;30.0;0.0805447502647162;0.0352018987493894
14.0;22;27;0.003906321755256216;0.5329999122836904;nan;0;90.0;90.0;0.0669928669115922;0.0669928669115922
20.0;22;27;0.003906321755256216;0.5329999122836904;nan;0;90.0;30.0;0.0939738204160915;0.0363035232843364
29.0;22;27;0.003906321755256216;0.5329999122836904;nan;0;90.0;30.0;0.098923572533551;0.0532782227856177
30.0;22;27;0.003906321755256216;0.5329999122836904;nan;0;365.0;90.0;0.0943415440641389;0.0470231990120249
