Site;SubCatch;Number Data Training;Number Global Data;MSE Test;R2 Test;Quality Metric;Quality Sum;P Real;P pred;H Real Preal;H Real Ppred
37;3;39;40;0.023223250914158278;0.24841635008783358;0.08897745088065609;0.089;30;90;0.0438076057251904;0.1327850566058465
