Site;Number Data Training;Number Global Data;MSE Test;R2 Test;Quality Metric;Quality Sum;P Real;P pred;H Real Preal;H Real Ppred
7.0;20;25;0.002902504470389813;0.8546521348837944;nan;0.069;100.0;50.0;0.0904205207984803;0.048759907806012
14.0;20;25;0.002902504470389813;0.8546521348837944;nan;0.069;150.0;100.0;0.0918619289379249;0.068680108288561
16.0;20;25;0.002902504470389813;0.8546521348837944;0.024675435802241102;0.069;100.0;125.0;0.0844783754487946;0.1091538112510357
17.0;20;25;0.002902504470389813;0.8546521348837944;nan;0.069;75.0;60.0;0.086416666848223;0.076728299538617
19.0;20;25;0.002902504470389813;0.8546521348837944;0.04473783228398778;0.069;30.0;50.0;0.0866235149493999;0.1313613472333877
