Site;Number Data Training;Number Global Data;MSE Test;R2 Test;Quality Metric;Quality Sum;P Real;P pred;H Real Preal;H Real Ppred
7.0;20;25;0.006054460503674173;0.6932935598125456;nan;0.084;100.0;75.0;0.0904205207984803;0.0675783894922642
13.0;20;25;0.006054460503674173;0.6932935598125456;nan;0.084;3000.0;125.0;0.0998605746589843;0.0553150340899671
14.0;20;25;0.006054460503674173;0.6932935598125456;nan;0.084;150.0;75.0;0.0918619289379249;0.0546117941971823
16.0;20;25;0.006054460503674173;0.6932935598125456;nan;0.084;100.0;75.0;0.0844783754487946;0.0725509104538725
19.0;20;25;0.006054460503674173;0.6932935598125456;0.08355299194062568;0.084;30.0;75.0;0.0866235149493999;0.1701765068900256
