Site;Number Data Training;Number Global Data;MSE Test;R2 Test;Quality Metric;Quality Sum;P Real;P pred;H Real Preal;H Real Ppred
4.0;20;25;0.023173683171240748;0.4072596615281471;0.013202385271553596;0.52;75.0;100.0;0.0982052033382978;0.1114075886098514
8.0;20;25;0.023173683171240748;0.4072596615281471;nan;0.52;125.0;90.0;0.0867459868794762;0.0692507301025263
17.0;20;25;0.023173683171240748;0.4072596615281471;nan;0.52;75.0;45.0;0.086416666848223;0.0588386845126401
23.0;20;25;0.023173683171240748;0.4072596615281471;0.274860170032691;0.52;50.0;250.0;0.0951034486697061;0.3699636187023971
28.0;20;25;0.023173683171240748;0.4072596615281471;0.2317615502981504;0.52;50.0;365.0;0.0912401650277275;0.3230017153258779
