Site;Number Data Training;Number Global Data;MSE Test;R2 Test;Quality Metric;Quality Sum;P Real;P pred;H Real Preal;H Real Ppred
16.0;20;25;0.0037530619540478453;0.8508847537132447;nan;0.069;90.0;90.0;0.0895169299721877;0.0895169299721877
18.0;20;25;0.0037530619540478453;0.8508847537132447;nan;0.069;3652.0;365.0;0.0515095706017609;0.0481160170316837
22.0;20;25;0.0037530619540478453;0.8508847537132447;nan;0.069;90.0;90.0;0.0665826349200478;0.0665826349200478
24.0;20;25;0.0037530619540478453;0.8508847537132447;nan;0.069;30.0;30.0;0.0306645078478985;0.0306645078478985
27.0;20;25;0.0037530619540478453;0.8508847537132447;0.06916025460476449;0.069;30.0;90.0;0.0493077354091983;0.1184679900139628
