Site;Number Data Training;Number Global Data;MSE Test;R2 Test;Quality Metric;Quality Sum;P Real;P pred;H Real Preal;H Real Ppred
11.0;20;25;0.019301761399186195;-1.538619421823339;nan;0.112;330.0;50.0;0.0959083060330537;0.0284514783161753
13.0;20;25;0.019301761399186195;-1.538619421823339;nan;0.112;3000.0;60.0;0.0998605746589843;0.0346905965629798
16.0;20;25;0.019301761399186195;-1.538619421823339;nan;0.112;100.0;100.0;0.0844783754487946;0.0844783754487946
25.0;20;25;0.019301761399186195;-1.538619421823339;nan;0.112;125.0;125.0;0.0940222321495014;0.0940222321495014
29.0;20;25;0.019301761399186195;-1.538619421823339;0.11188058754952301;0.112;90.0;1000.0;0.098923572533551;0.210804160083074
