Site;Number Data Training;Number Global Data;MSE Test;R2 Test;Quality Metric;Quality Sum;P Real;P pred;H Real Preal;H Real Ppred
11.0;20;25;0.021670041772023835;0.5568139800362488;nan;0;182.0;30.0;0.0809120145894057;0.020072089411818
15.0;20;25;0.021670041772023835;0.5568139800362488;nan;0;30.0;30.0;0.0825331753189077;0.0825331753189077
18.0;20;25;0.021670041772023835;0.5568139800362488;nan;0;3652.0;30.0;0.0515095706017609;0.013022431319224
21.0;20;25;0.021670041772023835;0.5568139800362488;nan;0;90.0;30.0;0.0986127877393275;0.0354389533967742
25.0;20;25;0.021670041772023835;0.5568139800362488;nan;0;90.0;90.0;0.0734978659430122;0.0734978659430122
