Site;Number Data Training;Number Global Data;MSE Test;R2 Test;Quality Metric;Quality Sum;P Real;P pred;H Real Preal;H Real Ppred
3.0;20;25;0.001983696125854598;0.8510329519937714;0.06230770324085481;0.062;30.0;90.0;0.0404493979934081;0.1027571012342629
7.0;20;25;0.001983696125854598;0.8510329519937714;nan;0.062;90.0;30.0;0.086542647569335;0.0316583333666094
14.0;20;25;0.001983696125854598;0.8510329519937714;nan;0.062;90.0;30.0;0.0669928669115922;0.0275341640025388
16.0;20;25;0.001983696125854598;0.8510329519937714;nan;0.062;90.0;30.0;0.0895169299721877;0.0353137113675942
29.0;20;25;0.001983696125854598;0.8510329519937714;nan;0.062;90.0;30.0;0.098923572533551;0.0532782227856177
