Site;Number Data Training;Number Global Data;MSE Test;R2 Test;Quality Metric;Quality Sum;P Real;P pred;H Real Preal;H Real Ppred
1.0;20;25;0.00500584548198208;0.8386965593477259;nan;0.15;75.0;75.0;0.0850912692667235;0.0850912692667235
4.0;20;25;0.00500584548198208;0.8386965593477259;nan;0.15;75.0;75.0;0.0982052033382978;0.0982052033382978
12.0;20;25;0.00500584548198208;0.8386965593477259;nan;0.15;150.0;100.0;0.0962223954294124;0.075515837203816
21.0;20;25;0.00500584548198208;0.8386965593477259;0.1500261290787484;0.15;90.0;365.0;0.0986127877393275;0.2486389168180759
22.0;20;25;0.00500584548198208;0.8386965593477259;nan;0.15;150.0;125.0;0.0946198779296581;0.0860241819163684
