Site;Number Data Training;Number Global Data;MSE Test;R2 Test;Quality Metric;Quality Sum;P Real;P pred;H Real Preal;H Real Ppred
6.0;22;27;0.008348868634388903;0.35842231829685023;nan;0.065;90.0;30.0;0.0805447502647162;0.0352018987493894
7.0;22;27;0.008348868634388903;0.35842231829685023;nan;0.065;90.0;90.0;0.086542647569335;0.086542647569335
13.0;22;27;0.008348868634388903;0.35842231829685023;nan;0.065;3652.0;30.0;0.0993700430118872;0.021215598309817
17.0;22;27;0.008348868634388903;0.35842231829685023;0.0653970705161301;0.065;30.0;90.0;0.0413325160789286;0.1067295865950587
20.0;22;27;0.008348868634388903;0.35842231829685023;nan;0.065;90.0;30.0;0.0939738204160915;0.0363035232843364
