Site;Number Data Training;Number Global Data;MSE Test;R2 Test;Quality Metric;Quality Sum;P Real;P pred;H Real Preal;H Real Ppred
1.0;22;27;0.011648752285235436;0.45023293931967445;0.06287049047289771;0.178;30.0;90.0;0.0425305241829691;0.1054010146558668
7.0;22;27;0.011648752285235436;0.45023293931967445;nan;0.178;90.0;90.0;0.086542647569335;0.086542647569335
11.0;22;27;0.011648752285235436;0.45023293931967445;nan;0.178;182.0;30.0;0.0809120145894057;0.020072089411818
14.0;22;27;0.011648752285235436;0.45023293931967445;nan;0.178;90.0;90.0;0.0669928669115922;0.0669928669115922
19.0;22;27;0.011648752285235436;0.45023293931967445;0.11528048195616689;0.178;30.0;90.0;0.0866235149493999;0.2019039969055668
