Site;Number Data Training;Number Global Data;MSE Test;R2 Test;Quality Metric;Quality Sum;P Real;P pred;H Real Preal;H Real Ppred
8.0;20;25;0.02882682734276426;-0.04995153896108673;nan;0.099;90.0;30.0;0.0692507301025263;0.0261748518897128
11.0;20;25;0.02882682734276426;-0.04995153896108673;nan;0.099;182.0;90.0;0.0809120145894057;0.0435498926878454
18.0;20;25;0.02882682734276426;-0.04995153896108673;nan;0.099;3652.0;30.0;0.0515095706017609;0.013022431319224
24.0;20;25;0.02882682734276426;-0.04995153896108673;nan;0.099;30.0;30.0;0.0306645078478985;0.0306645078478985
28.0;20;25;0.02882682734276426;-0.04995153896108673;0.09894812544548881;0.099;30.0;90.0;0.056126814949097;0.1550749403945858
