Site;Number Data Training;Number Global Data;MSE Test;R2 Test;Quality Metric;Quality Sum;P Real;P pred;H Real Preal;H Real Ppred
1.0;20;25;0.007287009951383087;0.7858790330173507;nan;0;30.0;30.0;0.0425305241829691;0.0425305241829691
4.0;20;25;0.007287009951383087;0.7858790330173507;nan;0;30.0;30.0;0.0343745209691433;0.0343745209691433
18.0;20;25;0.007287009951383087;0.7858790330173507;nan;0;3652.0;365.0;0.0515095706017609;0.0481160170316837
19.0;20;25;0.007287009951383087;0.7858790330173507;nan;0;30.0;30.0;0.0866235149493999;0.0866235149493999
30.0;20;25;0.007287009951383087;0.7858790330173507;nan;0;365.0;30.0;0.0943415440641389;0.0218219316716011
