Site;Number Data Training;Number Global Data;MSE Test;R2 Test;Quality Metric;Quality Sum;P Real;P pred;H Real Preal;H Real Ppred
13.0;24;25;0.0004659926274540422;0.5593778088005585;-0.0004905316470971005;-0.0;3000.0;3652.0;0.0998605746589843;0.0993700430118872
