Site;Number Data Training;Number Global Data;MSE Test;R2 Test;Quality Metric;Quality Sum;P Real;P pred;H Real Preal;H Real Ppred
1.0;22;27;0.011534574271279715;0.42221945857622234;0.06287049047289771;0.493;30.0;90.0;0.0425305241829691;0.1054010146558668
6.0;22;27;0.011534574271279715;0.42221945857622234;nan;0.493;90.0;30.0;0.0805447502647162;0.0352018987493894
19.0;22;27;0.011534574271279715;0.42221945857622234;0.33173143751635;0.493;30.0;365.0;0.0866235149493999;0.4183549524657499
21.0;22;27;0.011534574271279715;0.42221945857622234;nan;0.493;90.0;90.0;0.0986127877393275;0.0986127877393275
29.0;22;27;0.011534574271279715;0.42221945857622234;0.0982310263839144;0.493;90.0;365.0;0.098923572533551;0.1971545989174654
