Site;Number Data Training;Number Global Data;MSE Test;R2 Test;Quality Metric;Quality Sum;P Real;P pred;H Real Preal;H Real Ppred
8.0;20;25;0.029639278031044856;0.39474025407457547;nan;0.065;90.0;30.0;0.0692507301025263;0.0261748518897128
15.0;20;25;0.029639278031044856;0.39474025407457547;nan;0.065;30.0;30.0;0.0825331753189077;0.0825331753189077
17.0;20;25;0.029639278031044856;0.39474025407457547;0.0653970705161301;0.065;30.0;90.0;0.0413325160789286;0.1067295865950587
18.0;20;25;0.029639278031044856;0.39474025407457547;nan;0.065;3652.0;30.0;0.0515095706017609;0.013022431319224
29.0;20;25;0.029639278031044856;0.39474025407457547;nan;0.065;90.0;30.0;0.098923572533551;0.0532782227856177
