Site;Number Data Training;Number Global Data;MSE Test;R2 Test;Quality Metric;Quality Sum;P Real;P pred;H Real Preal;H Real Ppred
14.0;20;25;0.007114120342542779;0.7690775292817288;nan;0.17;90.0;90.0;0.0669928669115922;0.0669928669115922
17.0;20;25;0.007114120342542779;0.7690775292817288;0.0653970705161301;0.17;30.0;90.0;0.0413325160789286;0.1067295865950587
21.0;20;25;0.007114120342542779;0.7690775292817288;0.10446468545824039;0.17;90.0;182.0;0.0986127877393275;0.2030774731975679
23.0;20;25;0.007114120342542779;0.7690775292817288;nan;0.17;30.0;30.0;0.0601751122032808;0.0601751122032808
24.0;20;25;0.007114120342542779;0.7690775292817288;nan;0.17;30.0;30.0;0.0306645078478985;0.0306645078478985
