Site;Number Data Training;Number Global Data;MSE Test;R2 Test;Quality Metric;Quality Sum;P Real;P pred;H Real Preal;H Real Ppred
1.0;20;25;0.07871338555897549;-0.059714952285093936;0.022969212840433198;0.489;75.0;100.0;0.0850912692667235;0.1080604821071567
4.0;20;25;0.07871338555897549;-0.059714952285093936;0.1133798346477225;0.489;75.0;150.0;0.0982052033382978;0.2115850379860203
15.0;20;25;0.07871338555897549;-0.059714952285093936;0.3530177579877996;0.489;30.0;200.0;0.0825331753189077;0.4355509333067073
24.0;20;25;0.07871338555897549;-0.059714952285093936;nan;0.489;75.0;75.0;0.0806796201739536;0.0806796201739536
30.0;20;25;0.07871338555897549;-0.059714952285093936;nan;0.489;365.0;75.0;0.0943415440641389;0.0397819268309972
