Site;Number Data Training;Number Global Data;MSE Test;R2 Test;Quality Metric;Quality Sum;P Real;P pred;H Real Preal;H Real Ppred
1.0;20;25;0.0012234194761160347;0.9123641583010486;nan;0;30.0;30.0;0.0425305241829691;0.0425305241829691
8.0;20;25;0.0012234194761160347;0.9123641583010486;nan;0;90.0;90.0;0.0692507301025263;0.0692507301025263
17.0;20;25;0.0012234194761160347;0.9123641583010486;nan;0;30.0;30.0;0.0413325160789286;0.0413325160789286
18.0;20;25;0.0012234194761160347;0.9123641583010486;nan;0;3652.0;365.0;0.0515095706017609;0.0481160170316837
20.0;20;25;0.0012234194761160347;0.9123641583010486;nan;0;90.0;90.0;0.0939738204160915;0.0939738204160915
