Site;Number Data Training;Number Global Data;MSE Test;R2 Test;Quality Metric;Quality Sum;P Real;P pred;H Real Preal;H Real Ppred
10.0;22;27;0.010711115656420184;0.45515606283783816;nan;0.495;90.0;90.0;0.0915538363720714;0.0915538363720714
17.0;22;27;0.010711115656420184;0.45515606283783816;0.0653970705161301;0.495;30.0;90.0;0.0413325160789286;0.1067295865950587
19.0;22;27;0.010711115656420184;0.45515606283783816;0.33173143751635;0.495;30.0;365.0;0.0866235149493999;0.4183549524657499
21.0;22;27;0.010711115656420184;0.45515606283783816;nan;0.495;90.0;90.0;0.0986127877393275;0.0986127877393275
29.0;22;27;0.010711115656420184;0.45515606283783816;0.0982310263839144;0.495;90.0;365.0;0.098923572533551;0.1971545989174654
