Site;Number Data Training;Number Global Data;MSE Test;R2 Test;Quality Metric;Quality Sum;P Real;P pred;H Real Preal;H Real Ppred
3.0;22;27;0.007732883575341898;0.7012781111479154;0.06230770324085481;0.178;30.0;90.0;0.0404493979934081;0.1027571012342629
14.0;22;27;0.007732883575341898;0.7012781111479154;nan;0.178;90.0;90.0;0.0669928669115922;0.0669928669115922
19.0;22;27;0.007732883575341898;0.7012781111479154;0.11528048195616689;0.178;30.0;90.0;0.0866235149493999;0.2019039969055668
20.0;22;27;0.007732883575341898;0.7012781111479154;nan;0.178;90.0;30.0;0.0939738204160915;0.0363035232843364
23.0;22;27;0.007732883575341898;0.7012781111479154;nan;0.178;30.0;30.0;0.0601751122032808;0.0601751122032808
