Site;Number Data Training;Number Global Data;MSE Test;R2 Test;Quality Metric;Quality Sum;P Real;P pred;H Real Preal;H Real Ppred
11.0;20;25;0.028558824931858816;0.481178546392111;nan;0.098;330.0;50.0;0.0959083060330537;0.0284514783161753
15.0;20;25;0.028558824931858816;0.481178546392111;0.0979284482959183;0.098;30.0;75.0;0.0825331753189077;0.180461623614826
18.0;20;25;0.028558824931858816;0.481178546392111;nan;0.098;3652.0;3000.0;0.0515095706017609;0.0517286126819821
21.0;20;25;0.028558824931858816;0.481178546392111;nan;0.098;90.0;60.0;0.0986127877393275;0.0677394370248157
25.0;20;25;0.028558824931858816;0.481178546392111;nan;0.098;125.0;100.0;0.0940222321495014;0.0761329268533129
