Site;Number Data Training;Number Global Data;MSE Test;R2 Test;Quality Metric;Quality Sum;P Real;P pred;H Real Preal;H Real Ppred
4.0;20;25;0.0525334671981622;0.20550187348000337;0.013202385271553596;0.47;75.0;100.0;0.0982052033382978;0.1114075886098514
15.0;20;25;0.0525334671981622;0.20550187348000337;0.154083590696306;0.47;30.0;90.0;0.0825331753189077;0.2366167660152137
19.0;20;25;0.0525334671981622;0.20550187348000337;0.08355299194062568;0.47;30.0;75.0;0.0866235149493999;0.1701765068900256
23.0;20;25;0.0525334671981622;0.20550187348000337;0.07412152634774449;0.47;50.0;100.0;0.0951034486697061;0.1692249750174506
27.0;20;25;0.0525334671981622;0.20550187348000337;0.1448420082711013;0.47;75.0;365.0;0.0972403971442618;0.2420824054153631
