Site;Number Data Training;Number Global Data;MSE Test;R2 Test;Quality Metric;Quality Sum;P Real;P pred;H Real Preal;H Real Ppred
8.0;20;25;0.006809289174783855;0.8068827125529773;nan;0.105;90.0;90.0;0.0692507301025263;0.0692507301025263
17.0;20;25;0.006809289174783855;0.8068827125529773;nan;0.105;30.0;30.0;0.0413325160789286;0.0413325160789286
19.0;20;25;0.006809289174783855;0.8068827125529773;nan;0.105;30.0;30.0;0.0866235149493999;0.0866235149493999
23.0;20;25;0.006809289174783855;0.8068827125529773;0.1053827308659946;0.105;30.0;90.0;0.0601751122032808;0.1655578430692754
24.0;20;25;0.006809289174783855;0.8068827125529773;nan;0.105;30.0;30.0;0.0306645078478985;0.0306645078478985
