Site;Number Data Training;Number Global Data;MSE Test;R2 Test;Quality Metric;Quality Sum;P Real;P pred;H Real Preal;H Real Ppred
7.0;20;25;0.018285270850735558;0.2817167113563812;0.0232595604167075;0.222;100.0;125.0;0.0904205207984803;0.1136800812151878
11.0;20;25;0.018285270850735558;0.2817167113563812;nan;0.222;330.0;75.0;0.0959083060330537;0.0368904258739981
19.0;20;25;0.018285270850735558;0.2817167113563812;0.16639439615820828;0.222;30.0;125.0;0.0866235149493999;0.2530179111076082
20.0;20;25;0.018285270850735558;0.2817167113563812;nan;0.222;100.0;75.0;0.0910601462720121;0.0760837005891203
28.0;20;25;0.018285270850735558;0.2817167113563812;0.032093643247467704;0.222;50.0;75.0;0.0912401650277275;0.1233338082751952
