Site;Number Data Training;Number Global Data;MSE Test;R2 Test;Quality Metric;Quality Sum;P Real;P pred;H Real Preal;H Real Ppred
1.0;20;25;0.0047200711840477555;0.684350021095237;nan;0.062;30.0;30.0;0.0425305241829691;0.0425305241829691
3.0;20;25;0.0047200711840477555;0.684350021095237;0.06230770324085481;0.062;30.0;90.0;0.0404493979934081;0.1027571012342629
17.0;20;25;0.0047200711840477555;0.684350021095237;nan;0.062;30.0;30.0;0.0413325160789286;0.0413325160789286
20.0;20;25;0.0047200711840477555;0.684350021095237;nan;0.062;90.0;90.0;0.0939738204160915;0.0939738204160915
22.0;20;25;0.0047200711840477555;0.684350021095237;nan;0.062;90.0;30.0;0.0665826349200478;0.026952018249273
