Site;Number Data Training;Number Global Data;MSE Test;R2 Test;Quality Metric;Quality Sum;P Real;P pred;H Real Preal;H Real Ppred
8.0;20;25;0.02815838276015369;-0.9328437518727364;nan;0.068;125.0;75.0;0.0867459868794762;0.0551663282849413
10.0;20;25;0.02815838276015369;-0.9328437518727364;0.01827575978408201;0.068;100.0;125.0;0.0973990073949321;0.1156747671790141
11.0;20;25;0.02815838276015369;-0.9328437518727364;nan;0.068;330.0;75.0;0.0959083060330537;0.0368904258739981
17.0;20;25;0.02815838276015369;-0.9328437518727364;0.0496228714611027;0.068;75.0;125.0;0.086416666848223;0.1360395383093257
27.0;20;25;0.02815838276015369;-0.9328437518727364;nan;0.068;75.0;75.0;0.0972403971442618;0.0972403971442618
