Site;Number Data Training;Number Global Data;MSE Test;R2 Test;Quality Metric;Quality Sum;P Real;P pred;H Real Preal;H Real Ppred
1.0;24;25;0.0016517721239383022;0.9087478479340495;0.022969212840433198;0.023;75.0;100.0;0.0850912692667235;0.1080604821071567
