Site;Number Data Training;Number Global Data;MSE Test;R2 Test;Quality Metric;Quality Sum;P Real;P pred;H Real Preal;H Real Ppred
4.0;20;25;0.011437447143269238;0.7002316289025201;nan;0.164;30.0;30.0;0.0343745209691433;0.0343745209691433
8.0;20;25;0.011437447143269238;0.7002316289025201;nan;0.164;90.0;30.0;0.0692507301025263;0.0261748518897128
17.0;20;25;0.011437447143269238;0.7002316289025201;0.0653970705161301;0.164;30.0;90.0;0.0413325160789286;0.1067295865950587
23.0;20;25;0.011437447143269238;0.7002316289025201;nan;0.164;30.0;30.0;0.0601751122032808;0.0601751122032808
28.0;20;25;0.011437447143269238;0.7002316289025201;0.09894812544548881;0.164;30.0;90.0;0.056126814949097;0.1550749403945858
