Site;Number Data Training;Number Global Data;MSE Test;R2 Test;Quality Metric;Quality Sum;P Real;P pred;H Real Preal;H Real Ppred
3.0;20;25;0.02010431544980884;-0.8333317724264142;0.021789937316753702;0.022;75.0;100.0;0.0829605078650181;0.1047504451817718
11.0;20;25;0.02010431544980884;-0.8333317724264142;nan;0.022;330.0;50.0;0.0959083060330537;0.0284514783161753
13.0;20;25;0.02010431544980884;-0.8333317724264142;nan;0.022;3000.0;50.0;0.0998605746589843;0.0304267922884734
14.0;20;25;0.02010431544980884;-0.8333317724264142;nan;0.022;150.0;100.0;0.0918619289379249;0.068680108288561
21.0;20;25;0.02010431544980884;-0.8333317724264142;nan;0.022;90.0;75.0;0.0986127877393275;0.0773218887357087
