Site;Number Data Training;Number Global Data;MSE Test;R2 Test;Quality Metric;Quality Sum;P Real;P pred;H Real Preal;H Real Ppred
10.0;20;25;0.013920069538617448;0.3615085090670084;0.01827575978408201;0.092;100.0;125.0;0.0973990073949321;0.1156747671790141
11.0;20;25;0.013920069538617448;0.3615085090670084;nan;0.092;330.0;60.0;0.0959083060330537;0.033546352924242
23.0;20;25;0.013920069538617448;0.3615085090670084;0.07412152634774449;0.092;50.0;100.0;0.0951034486697061;0.1692249750174506
27.0;20;25;0.013920069538617448;0.3615085090670084;nan;0.092;75.0;50.0;0.0972403971442618;0.0763259694301895
30.0;20;25;0.013920069538617448;0.3615085090670084;nan;0.092;365.0;90.0;0.0943415440641389;0.0470231990120249
