Site;Number Data Training;Number Global Data;MSE Test;R2 Test;Quality Metric;Quality Sum;P Real;P pred;H Real Preal;H Real Ppred
12.0;20;25;0.009102110549999404;0.4498274910737191;nan;0;90.0;90.0;0.0730083632551525;0.0730083632551525
19.0;20;25;0.009102110549999404;0.4498274910737191;nan;0;30.0;30.0;0.0866235149493999;0.0866235149493999
20.0;20;25;0.009102110549999404;0.4498274910737191;nan;0;90.0;30.0;0.0939738204160915;0.0363035232843364
25.0;20;25;0.009102110549999404;0.4498274910737191;nan;0;90.0;90.0;0.0734978659430122;0.0734978659430122
30.0;20;25;0.009102110549999404;0.4498274910737191;nan;0;365.0;30.0;0.0943415440641389;0.0218219316716011
