Site;Number Data Training;Number Global Data;MSE Test;R2 Test;Quality Metric;Quality Sum;P Real;P pred;H Real Preal;H Real Ppred
13.0;20;25;0.0016441037931273033;0.8043474809678268;nan;0;3652.0;365.0;0.0993700430118872;0.0799346362186648
14.0;20;25;0.0016441037931273033;0.8043474809678268;nan;0;90.0;90.0;0.0669928669115922;0.0669928669115922
20.0;20;25;0.0016441037931273033;0.8043474809678268;nan;0;90.0;90.0;0.0939738204160915;0.0939738204160915
25.0;20;25;0.0016441037931273033;0.8043474809678268;nan;0;90.0;90.0;0.0734978659430122;0.0734978659430122
29.0;20;25;0.0016441037931273033;0.8043474809678268;nan;0;90.0;90.0;0.098923572533551;0.098923572533551
