Site;Number Data Training;Number Global Data;MSE Test;R2 Test;Quality Metric;Quality Sum;P Real;P pred;H Real Preal;H Real Ppred
7.0;20;25;0.0075430308096979355;0.7051844948535915;nan;0.214;90.0;90.0;0.086542647569335;0.086542647569335
11.0;20;25;0.0075430308096979355;0.7051844948535915;nan;0.214;182.0;90.0;0.0809120145894057;0.0435498926878454
19.0;20;25;0.0075430308096979355;0.7051844948535915;0.11528048195616689;0.214;30.0;90.0;0.0866235149493999;0.2019039969055668
20.0;20;25;0.0075430308096979355;0.7051844948535915;nan;0.214;90.0;30.0;0.0939738204160915;0.0363035232843364
28.0;20;25;0.0075430308096979355;0.7051844948535915;0.09894812544548881;0.214;30.0;90.0;0.056126814949097;0.1550749403945858
