Site;Number Data Training;Number Global Data;MSE Test;R2 Test;Quality Metric;Quality Sum;P Real;P pred;H Real Preal;H Real Ppred
15.0;20;25;0.019827965449376456;0.5816322038876538;nan;0;30.0;30.0;0.0825331753189077;0.0825331753189077
18.0;20;25;0.019827965449376456;0.5816322038876538;nan;0;3652.0;365.0;0.0515095706017609;0.0481160170316837
22.0;20;25;0.019827965449376456;0.5816322038876538;nan;0;90.0;30.0;0.0665826349200478;0.026952018249273
25.0;20;25;0.019827965449376456;0.5816322038876538;nan;0;90.0;90.0;0.0734978659430122;0.0734978659430122
30.0;20;25;0.019827965449376456;0.5816322038876538;nan;0;365.0;90.0;0.0943415440641389;0.0470231990120249
