Site;Number Data Training;Number Global Data;MSE Test;R2 Test;Quality Metric;Quality Sum;P Real;P pred;H Real Preal;H Real Ppred
3.0;20;25;0.002421130395231408;0.8798584956134612;0.021789937316753702;0.078;75.0;100.0;0.0829605078650181;0.1047504451817718
10.0;20;25;0.002421130395231408;0.8798584956134612;0.01827575978408201;0.078;100.0;125.0;0.0973990073949321;0.1156747671790141
20.0;20;25;0.002421130395231408;0.8798584956134612;nan;0.078;100.0;75.0;0.0910601462720121;0.0760837005891203
21.0;20;25;0.002421130395231408;0.8798584956134612;nan;0.078;90.0;75.0;0.0986127877393275;0.0773218887357087
23.0;20;25;0.002421130395231408;0.8798584956134612;0.037729339075152385;0.078;50.0;75.0;0.0951034486697061;0.1328327877448585
