Site;Number Data Training;Number Global Data;MSE Test;R2 Test;Quality Metric;Quality Sum;P Real;P pred;H Real Preal;H Real Ppred
4.0;22;27;0.011692600830231006;0.5186541163945152;nan;0;30.0;30.0;0.0343745209691433;0.0343745209691433
10.0;22;27;0.011692600830231006;0.5186541163945152;nan;0;90.0;90.0;0.0915538363720714;0.0915538363720714
12.0;22;27;0.011692600830231006;0.5186541163945152;nan;0;90.0;90.0;0.0730083632551525;0.0730083632551525
14.0;22;27;0.011692600830231006;0.5186541163945152;nan;0;90.0;90.0;0.0669928669115922;0.0669928669115922
29.0;22;27;0.011692600830231006;0.5186541163945152;nan;0;90.0;30.0;0.098923572533551;0.0532782227856177
