Site;Number Data Training;Number Global Data;MSE Test;R2 Test;Quality Metric;Quality Sum;P Real;P pred;H Real Preal;H Real Ppred
1.0;22;27;0.0026001159434189667;0.7955597720162874;0.06287049047289771;0.128;30.0;90.0;0.0425305241829691;0.1054010146558668
10.0;22;27;0.0026001159434189667;0.7955597720162874;nan;0.128;90.0;90.0;0.0915538363720714;0.0915538363720714
17.0;22;27;0.0026001159434189667;0.7955597720162874;0.0653970705161301;0.128;30.0;90.0;0.0413325160789286;0.1067295865950587
22.0;22;27;0.0026001159434189667;0.7955597720162874;nan;0.128;90.0;90.0;0.0665826349200478;0.0665826349200478
30.0;22;27;0.0026001159434189667;0.7955597720162874;nan;0.128;365.0;90.0;0.0943415440641389;0.0470231990120249
