Site;Number Data Training;Number Global Data;MSE Test;R2 Test;Quality Metric;Quality Sum;P Real;P pred;H Real Preal;H Real Ppred
10.0;20;25;0.006842230284195686;0.7720149442928309;0.01827575978408201;0.074;100.0;125.0;0.0973990073949321;0.1156747671790141
11.0;20;25;0.006842230284195686;0.7720149442928309;nan;0.074;330.0;100.0;0.0959083060330537;0.0450395001628755
17.0;20;25;0.006842230284195686;0.7720149442928309;0.023311678069818903;0.074;75.0;100.0;0.086416666848223;0.1097283449180419
24.0;20;25;0.006842230284195686;0.7720149442928309;nan;0.074;75.0;30.0;0.0806796201739536;0.0306645078478985
28.0;20;25;0.006842230284195686;0.7720149442928309;0.032093643247467704;0.074;50.0;75.0;0.0912401650277275;0.1233338082751952
