Site;Number Data Training;Number Global Data;MSE Test;R2 Test;Quality Metric;Quality Sum;P Real;P pred;H Real Preal;H Real Ppred
8.0;20;25;0.0012228455034846;0.9514252224681206;nan;-0.0;125.0;75.0;0.0867459868794762;0.0551663282849413
13.0;20;25;0.0012228455034846;0.9514252224681206;-0.0004905316470971005;-0.0;3000.0;3652.0;0.0998605746589843;0.0993700430118872
16.0;20;25;0.0012228455034846;0.9514252224681206;nan;-0.0;100.0;75.0;0.0844783754487946;0.0725509104538725
22.0;20;25;0.0012228455034846;0.9514252224681206;nan;-0.0;150.0;75.0;0.0946198779296581;0.0720847793771322
24.0;20;25;0.0012228455034846;0.9514252224681206;nan;-0.0;75.0;75.0;0.0806796201739536;0.0806796201739536
