Site;SubCatch;Number Data Training;Number Global Data;MSE Test;R2 Test;Quality Metric;Quality Sum;P Real;P pred;H Real Preal;H Real Ppred
39;3;19;20;0.034821110737426934;-0.2730202493339009;0.08483681348228331;0.085;30;90;0.0386553909417834;0.1234922044240667
