Site;Number Data Training;Number Global Data;MSE Test;R2 Test;Quality Metric;Quality Sum;P Real;P pred;H Real Preal;H Real Ppred
1.0;20;25;0.010073522523446765;0.6761188040929464;0.022969212840433198;0.107;75.0;100.0;0.0850912692667235;0.1080604821071567
19.0;20;25;0.010073522523446765;0.6761188040929464;0.08355299194062568;0.107;30.0;75.0;0.0866235149493999;0.1701765068900256
20.0;20;25;0.010073522523446765;0.6761188040929464;nan;0.107;100.0;75.0;0.0910601462720121;0.0760837005891203
24.0;20;25;0.010073522523446765;0.6761188040929464;nan;0.107;75.0;30.0;0.0806796201739536;0.0306645078478985
30.0;20;25;0.010073522523446765;0.6761188040929464;nan;0.107;365.0;90.0;0.0943415440641389;0.0470231990120249
