Site;Number Data Training;Number Global Data;MSE Test;R2 Test;Quality Metric;Quality Sum;P Real;P pred;H Real Preal;H Real Ppred
8.0;20;25;0.011722033226784176;0.1899280114263946;nan;0.003;125.0;100.0;0.0867459868794762;0.0671801751349022
12.0;20;25;0.011722033226784176;0.1899280114263946;nan;0.003;150.0;125.0;0.0962223954294124;0.0892199128887487
13.0;20;25;0.011722033226784176;0.1899280114263946;nan;0.003;3000.0;150.0;0.0998605746589843;0.0594677090973026
21.0;20;25;0.011722033226784176;0.1899280114263946;0.0027304464335027034;0.003;90.0;100.0;0.0986127877393275;0.1013432341728302
27.0;20;25;0.011722033226784176;0.1899280114263946;nan;0.003;75.0;75.0;0.0972403971442618;0.0972403971442618
