Site;Number Data Training;Number Global Data;MSE Test;R2 Test;Quality Metric;Quality Sum;P Real;P pred;H Real Preal;H Real Ppred
8.0;20;25;0.009140475274238223;0.5760772518657213;nan;0;90.0;30.0;0.0692507301025263;0.0261748518897128
13.0;20;25;0.009140475274238223;0.5760772518657213;nan;0;3652.0;30.0;0.0993700430118872;0.021215598309817
16.0;20;25;0.009140475274238223;0.5760772518657213;nan;0;90.0;30.0;0.0895169299721877;0.0353137113675942
22.0;20;25;0.009140475274238223;0.5760772518657213;nan;0;90.0;90.0;0.0665826349200478;0.0665826349200478
24.0;20;25;0.009140475274238223;0.5760772518657213;nan;0;30.0;30.0;0.0306645078478985;0.0306645078478985
