Site;Number Data Training;Number Global Data;MSE Test;R2 Test;Quality Metric;Quality Sum;P Real;P pred;H Real Preal;H Real Ppred
1.0;20;25;0.013989157880034417;0.31676284820352396;0.022969212840433198;0.061;75.0;100.0;0.0850912692667235;0.1080604821071567
8.0;20;25;0.013989157880034417;0.31676284820352396;nan;0.061;125.0;100.0;0.0867459868794762;0.0671801751349022
14.0;20;25;0.013989157880034417;0.31676284820352396;nan;0.061;150.0;100.0;0.0918619289379249;0.068680108288561
16.0;20;25;0.013989157880034417;0.31676284820352396;nan;0.061;100.0;100.0;0.0844783754487946;0.0844783754487946
23.0;20;25;0.013989157880034417;0.31676284820352396;0.037729339075152385;0.061;50.0;75.0;0.0951034486697061;0.1328327877448585
