Site;Number Data Training;Number Global Data;MSE Test;R2 Test;Quality Metric;Quality Sum;P Real;P pred;H Real Preal;H Real Ppred
1.0;20;25;0.007000111955026566;0.5758338163375663;nan;0.094;75.0;75.0;0.0850912692667235;0.0850912692667235
18.0;20;25;0.007000111955026566;0.5758338163375663;nan;0.094;3652.0;2250.0;0.0515095706017609;0.0509764643146258
20.0;20;25;0.007000111955026566;0.5758338163375663;0.0351268072125457;0.094;100.0;150.0;0.0910601462720121;0.1261869534845578
27.0;20;25;0.007000111955026566;0.5758338163375663;0.05891033117815031;0.094;75.0;150.0;0.0972403971442618;0.1561507283224121
29.0;20;25;0.007000111955026566;0.5758338163375663;nan;0.094;90.0;75.0;0.098923572533551;0.0850413070264584
