Site;Number Data Training;Number Global Data;MSE Test;R2 Test;Quality Metric;Quality Sum;P Real;P pred;H Real Preal;H Real Ppred
3.0;20;25;0.010295688854386774;0.49417186867791174;0.021789937316753702;0.096;75.0;100.0;0.0829605078650181;0.1047504451817718
13.0;20;25;0.010295688854386774;0.49417186867791174;nan;0.096;3000.0;100.0;0.0998605746589843;0.0469526408581791
22.0;20;25;0.010295688854386774;0.49417186867791174;nan;0.096;150.0;90.0;0.0946198779296581;0.0665826349200478
23.0;20;25;0.010295688854386774;0.49417186867791174;0.07412152634774449;0.096;50.0;100.0;0.0951034486697061;0.1692249750174506
30.0;20;25;0.010295688854386774;0.49417186867791174;nan;0.096;365.0;75.0;0.0943415440641389;0.0397819268309972
