Site;Number Data Training;Number Global Data;MSE Test;R2 Test;Quality Metric;Quality Sum;P Real;P pred;H Real Preal;H Real Ppred
1.0;20;25;0.01792007086805637;0.11161205360524495;0.022969212840433198;0.149;75.0;100.0;0.0850912692667235;0.1080604821071567
8.0;20;25;0.01792007086805637;0.11161205360524495;nan;0.149;125.0;100.0;0.0867459868794762;0.0671801751349022
19.0;20;25;0.01792007086805637;0.11161205360524495;0.125902378272696;0.149;30.0;100.0;0.0866235149493999;0.2125258932220959
20.0;20;25;0.01792007086805637;0.11161205360524495;nan;0.149;100.0;75.0;0.0910601462720121;0.0760837005891203
22.0;20;25;0.01792007086805637;0.11161205360524495;nan;0.149;150.0;100.0;0.0946198779296581;0.0673529852309897
