Site;Number Data Training;Number Global Data;MSE Test;R2 Test;Quality Metric;Quality Sum;P Real;P pred;H Real Preal;H Real Ppred
11.0;22;27;0.014251900517482487;0.3627022138323821;nan;0.065;182.0;30.0;0.0809120145894057;0.020072089411818
13.0;22;27;0.014251900517482487;0.3627022138323821;nan;0.065;3652.0;30.0;0.0993700430118872;0.021215598309817
16.0;22;27;0.014251900517482487;0.3627022138323821;nan;0.065;90.0;90.0;0.0895169299721877;0.0895169299721877
17.0;22;27;0.014251900517482487;0.3627022138323821;0.0653970705161301;0.065;30.0;90.0;0.0413325160789286;0.1067295865950587
24.0;22;27;0.014251900517482487;0.3627022138323821;nan;0.065;30.0;30.0;0.0306645078478985;0.0306645078478985
