Site;Number Data Training;Number Global Data;MSE Test;R2 Test;Quality Metric;Quality Sum;P Real;P pred;H Real Preal;H Real Ppred
4.0;20;25;0.015534559260481962;0.5053050823237208;nan;0.023;75.0;75.0;0.0982052033382978;0.0982052033382978
7.0;20;25;0.015534559260481962;0.5053050823237208;nan;0.023;100.0;100.0;0.0904205207984803;0.0904205207984803
11.0;20;25;0.015534559260481962;0.5053050823237208;nan;0.023;330.0;75.0;0.0959083060330537;0.0368904258739981
17.0;20;25;0.015534559260481962;0.5053050823237208;0.023311678069818903;0.023;75.0;100.0;0.086416666848223;0.1097283449180419
20.0;20;25;0.015534559260481962;0.5053050823237208;nan;0.023;100.0;75.0;0.0910601462720121;0.0760837005891203
