Site;Number Data Training;Number Global Data;MSE Test;R2 Test;Quality Metric;Quality Sum;P Real;P pred;H Real Preal;H Real Ppred
1.0;20;25;0.0079866994492809;0.6065684723410316;0.06287049047289771;0.256;30.0;90.0;0.0425305241829691;0.1054010146558668
10.0;20;25;0.0079866994492809;0.6065684723410316;nan;0.256;90.0;90.0;0.0915538363720714;0.0915538363720714
19.0;20;25;0.0079866994492809;0.6065684723410316;0.11528048195616689;0.256;30.0;90.0;0.0866235149493999;0.2019039969055668
21.0;20;25;0.0079866994492809;0.6065684723410316;nan;0.256;90.0;30.0;0.0986127877393275;0.0354389533967742
29.0;20;25;0.0079866994492809;0.6065684723410316;0.07770002507329651;0.256;90.0;182.0;0.098923572533551;0.1766235976068475
