Site;Number Data Training;Number Global Data;MSE Test;R2 Test;Quality Metric;Quality Sum;P Real;P pred;H Real Preal;H Real Ppred
12.0;22;27;0.024805675539081876;0.52956440844466;nan;0.154;90.0;90.0;0.0730083632551525;0.0730083632551525
15.0;22;27;0.024805675539081876;0.52956440844466;0.154083590696306;0.154;30.0;90.0;0.0825331753189077;0.2366167660152137
19.0;22;27;0.024805675539081876;0.52956440844466;nan;0.154;30.0;30.0;0.0866235149493999;0.0866235149493999
22.0;22;27;0.024805675539081876;0.52956440844466;nan;0.154;90.0;30.0;0.0665826349200478;0.026952018249273
30.0;22;27;0.024805675539081876;0.52956440844466;nan;0.154;365.0;90.0;0.0943415440641389;0.0470231990120249
