Site;Number Data Training;Number Global Data;MSE Test;R2 Test;Quality Metric;Quality Sum;P Real;P pred;H Real Preal;H Real Ppred
1.0;20;25;0.007448282231619927;0.7518480250120583;0.06287049047289771;0.063;30.0;90.0;0.0425305241829691;0.1054010146558668
19.0;20;25;0.007448282231619927;0.7518480250120583;nan;0.063;30.0;30.0;0.0866235149493999;0.0866235149493999
20.0;20;25;0.007448282231619927;0.7518480250120583;nan;0.063;90.0;30.0;0.0939738204160915;0.0363035232843364
24.0;20;25;0.007448282231619927;0.7518480250120583;nan;0.063;30.0;30.0;0.0306645078478985;0.0306645078478985
30.0;20;25;0.007448282231619927;0.7518480250120583;nan;0.063;365.0;90.0;0.0943415440641389;0.0470231990120249
