Site;Number Data Training;Number Global Data;MSE Test;R2 Test;Quality Metric;Quality Sum;P Real;P pred;H Real Preal;H Real Ppred
1.0;20;25;0.038431828381455466;-1.6346338849523834;0.022969212840433198;0.046;75.0;100.0;0.0850912692667235;0.1080604821071567
8.0;20;25;0.038431828381455466;-1.6346338849523834;nan;0.046;125.0;45.0;0.0867459868794762;0.0370042592729786
17.0;20;25;0.038431828381455466;-1.6346338849523834;0.023311678069818903;0.046;75.0;100.0;0.086416666848223;0.1097283449180419
18.0;20;25;0.038431828381455466;-1.6346338849523834;nan;0.046;3652.0;75.0;0.0515095706017609;0.0236715852474286
20.0;20;25;0.038431828381455466;-1.6346338849523834;nan;0.046;100.0;100.0;0.0910601462720121;0.0910601462720121
