Site;Number Data Training;Number Global Data;MSE Test;R2 Test;Quality Metric;Quality Sum;P Real;P pred;H Real Preal;H Real Ppred
4.0;20;25;0.004412361054167874;0.8259335289234393;nan;0;30.0;30.0;0.0343745209691433;0.0343745209691433
8.0;20;25;0.004412361054167874;0.8259335289234393;nan;0;90.0;30.0;0.0692507301025263;0.0261748518897128
12.0;20;25;0.004412361054167874;0.8259335289234393;nan;0;90.0;90.0;0.0730083632551525;0.0730083632551525
14.0;20;25;0.004412361054167874;0.8259335289234393;nan;0;90.0;90.0;0.0669928669115922;0.0669928669115922
20.0;20;25;0.004412361054167874;0.8259335289234393;nan;0;90.0;90.0;0.0939738204160915;0.0939738204160915
