Site;Number Data Training;Number Global Data;MSE Test;R2 Test;Quality Metric;Quality Sum;P Real;P pred;H Real Preal;H Real Ppred
1.0;20;25;0.0027254515146401337;0.8720101928276719;nan;0;30.0;30.0;0.0425305241829691;0.0425305241829691
7.0;20;25;0.0027254515146401337;0.8720101928276719;nan;0;90.0;30.0;0.086542647569335;0.0316583333666094
13.0;20;25;0.0027254515146401337;0.8720101928276719;nan;0;3652.0;182.0;0.0993700430118872;0.0731496298288549
19.0;20;25;0.0027254515146401337;0.8720101928276719;nan;0;30.0;30.0;0.0866235149493999;0.0866235149493999
22.0;20;25;0.0027254515146401337;0.8720101928276719;nan;0;90.0;30.0;0.0665826349200478;0.026952018249273
