Site;Number Data Training;Number Global Data;MSE Test;R2 Test;Quality Metric;Quality Sum;P Real;P pred;H Real Preal;H Real Ppred
8.0;20;25;0.007524676862860302;0.6950520188530773;nan;0;90.0;90.0;0.0692507301025263;0.0692507301025263
11.0;20;25;0.007524676862860302;0.6950520188530773;nan;0;182.0;30.0;0.0809120145894057;0.020072089411818
12.0;20;25;0.007524676862860302;0.6950520188530773;nan;0;90.0;90.0;0.0730083632551525;0.0730083632551525
19.0;20;25;0.007524676862860302;0.6950520188530773;nan;0;30.0;30.0;0.0866235149493999;0.0866235149493999
23.0;20;25;0.007524676862860302;0.6950520188530773;nan;0;30.0;30.0;0.0601751122032808;0.0601751122032808
