Site;Number Data Training;Number Global Data;MSE Test;R2 Test;Quality Metric;Quality Sum;P Real;P pred;H Real Preal;H Real Ppred
15.0;24;25;0.043435585095693105;0.6574842778181298;0.0979284482959183;0.098;30.0;75.0;0.0825331753189077;0.180461623614826
