Site;Number Data Training;Number Global Data;MSE Test;R2 Test;Quality Metric;Quality Sum;P Real;P pred;H Real Preal;H Real Ppred
3.0;20;25;0.016581585244327596;0.7110836005239634;0.06230770324085481;0.062;30.0;90.0;0.0404493979934081;0.1027571012342629
15.0;20;25;0.016581585244327596;0.7110836005239634;nan;0.062;30.0;30.0;0.0825331753189077;0.0825331753189077
17.0;20;25;0.016581585244327596;0.7110836005239634;nan;0.062;30.0;30.0;0.0413325160789286;0.0413325160789286
20.0;20;25;0.016581585244327596;0.7110836005239634;nan;0.062;90.0;90.0;0.0939738204160915;0.0939738204160915
24.0;20;25;0.016581585244327596;0.7110836005239634;nan;0.062;30.0;30.0;0.0306645078478985;0.0306645078478985
