Site;Number Data Training;Number Global Data;MSE Test;R2 Test;Quality Metric;Quality Sum;P Real;P pred;H Real Preal;H Real Ppred
4.0;20;25;0.003137301834928788;0.8953522439438751;nan;0.128;75.0;75.0;0.0982052033382978;0.0982052033382978
16.0;20;25;0.003137301834928788;0.8953522439438751;0.024675435802241102;0.128;100.0;125.0;0.0844783754487946;0.1091538112510357
18.0;20;25;0.003137301834928788;0.8953522439438751;nan;0.128;3652.0;2250.0;0.0515095706017609;0.0509764643146258
20.0;20;25;0.003137301834928788;0.8953522439438751;0.1028640221111458;0.128;100.0;365.0;0.0910601462720121;0.1939241683831579
25.0;20;25;0.003137301834928788;0.8953522439438751;nan;0.128;125.0;90.0;0.0940222321495014;0.0734978659430122
