Site;Number Data Training;Number Global Data;MSE Test;R2 Test;Quality Metric;Quality Sum;P Real;P pred;H Real Preal;H Real Ppred
1.0;20;25;0.023931629189103357;-0.1688321988522845;0.020309745389143305;0.058;75.0;90.0;0.0850912692667235;0.1054010146558668
8.0;20;25;0.023931629189103357;-0.1688321988522845;nan;0.058;125.0;75.0;0.0867459868794762;0.0551663282849413
14.0;20;25;0.023931629189103357;-0.1688321988522845;nan;0.058;150.0;100.0;0.0918619289379249;0.068680108288561
16.0;20;25;0.023931629189103357;-0.1688321988522845;nan;0.058;100.0;90.0;0.0844783754487946;0.0895169299721877
23.0;20;25;0.023931629189103357;-0.1688321988522845;0.037729339075152385;0.058;50.0;75.0;0.0951034486697061;0.1328327877448585
