Site;Number Data Training;Number Global Data;MSE Test;R2 Test;Quality Metric;Quality Sum;P Real;P pred;H Real Preal;H Real Ppred
19.0;24;25;0.007163109142150125;0.7509307649903207;0.08355299194062568;0.084;30.0;75.0;0.0866235149493999;0.1701765068900256
