Site;Number Data Training;Number Global Data;MSE Test;R2 Test;Quality Metric;Quality Sum;P Real;P pred;H Real Preal;H Real Ppred
15.0;20;25;0.026597228463206304;0.5669313053549321;0.0979284482959183;0.237;30.0;75.0;0.0825331753189077;0.180461623614826
16.0;20;25;0.026597228463206304;0.5669313053549321;0.024675435802241102;0.237;100.0;125.0;0.0844783754487946;0.1091538112510357
20.0;20;25;0.026597228463206304;0.5669313053549321;0.05537024280157711;0.237;100.0;200.0;0.0910601462720121;0.1464303890735892
24.0;20;25;0.026597228463206304;0.5669313053549321;nan;0.237;75.0;75.0;0.0806796201739536;0.0806796201739536
27.0;20;25;0.026597228463206304;0.5669313053549321;0.05891033117815031;0.237;75.0;150.0;0.0972403971442618;0.1561507283224121
