Site;Number Data Training;Number Global Data;MSE Test;R2 Test;Quality Metric;Quality Sum;P Real;P pred;H Real Preal;H Real Ppred
4.0;20;25;0.05248354741415434;0.2692637021659413;0.06499270065801022;0.29;75.0;125.0;0.0982052033382978;0.163197903996308
11.0;20;25;0.05248354741415434;0.2692637021659413;nan;0.29;330.0;60.0;0.0959083060330537;0.033546352924242
15.0;20;25;0.05248354741415434;0.2692637021659413;0.15120857264273402;0.29;30.0;100.0;0.0825331753189077;0.2337417479616417
23.0;20;25;0.05248354741415434;0.2692637021659413;0.07412152634774449;0.29;50.0;100.0;0.0951034486697061;0.1692249750174506
30.0;20;25;0.05248354741415434;0.2692637021659413;nan;0.29;365.0;75.0;0.0943415440641389;0.0397819268309972
