Site;Number Data Training;Number Global Data;MSE Test;R2 Test;Quality Metric;Quality Sum;P Real;P pred;H Real Preal;H Real Ppred
1.0;20;25;0.008662657150522933;0.6747564552677109;nan;0;30.0;30.0;0.0425305241829691;0.0425305241829691
7.0;20;25;0.008662657150522933;0.6747564552677109;nan;0;90.0;30.0;0.086542647569335;0.0316583333666094
19.0;20;25;0.008662657150522933;0.6747564552677109;nan;0;30.0;30.0;0.0866235149493999;0.0866235149493999
28.0;20;25;0.008662657150522933;0.6747564552677109;nan;0;30.0;30.0;0.056126814949097;0.056126814949097
30.0;20;25;0.008662657150522933;0.6747564552677109;nan;0;365.0;30.0;0.0943415440641389;0.0218219316716011
