Site;Number Data Training;Number Global Data;MSE Test;R2 Test;Quality Metric;Quality Sum;P Real;P pred;H Real Preal;H Real Ppred
3.0;20;25;0.005954319608874405;0.5407736651390971;0.06230770324085481;0.062;30.0;90.0;0.0404493979934081;0.1027571012342629
8.0;20;25;0.005954319608874405;0.5407736651390971;nan;0.062;90.0;30.0;0.0692507301025263;0.0261748518897128
16.0;20;25;0.005954319608874405;0.5407736651390971;nan;0.062;90.0;30.0;0.0895169299721877;0.0353137113675942
21.0;20;25;0.005954319608874405;0.5407736651390971;nan;0.062;90.0;30.0;0.0986127877393275;0.0354389533967742
29.0;20;25;0.005954319608874405;0.5407736651390971;nan;0.062;90.0;30.0;0.098923572533551;0.0532782227856177
