Site;Number Data Training;Number Global Data;MSE Test;R2 Test;Quality Metric;Quality Sum;P Real;P pred;H Real Preal;H Real Ppred
8.0;20;25;0.04096195310541446;0.24033727720487896;nan;0.101;125.0;75.0;0.0867459868794762;0.0551663282849413
15.0;20;25;0.04096195310541446;0.24033727720487896;0.07753043540385009;0.101;30.0;60.0;0.0825331753189077;0.1600636107227578
17.0;20;25;0.04096195310541446;0.24033727720487896;0.023311678069818903;0.101;75.0;100.0;0.086416666848223;0.1097283449180419
18.0;20;25;0.04096195310541446;0.24033727720487896;nan;0.101;3652.0;75.0;0.0515095706017609;0.0236715852474286
29.0;20;25;0.04096195310541446;0.24033727720487896;nan;0.101;90.0;30.0;0.098923572533551;0.0532782227856177
