Site;SubCatch;Number Data Training;Number Global Data;MSE Test;R2 Test;Quality Metric;Quality Sum;P Real;P pred;H Real Preal;H Real Ppred
19;1;29;30;0.009527755239197237;0.6821063901923266;0.064112676854855;0.064;30;60;0.085848031856365;0.14996070871122
