Site;Number Data Training;Number Global Data;MSE Test;R2 Test;Quality Metric;Quality Sum;P Real;P pred;H Real Preal;H Real Ppred
3.0;20;25;0.007045851414684714;0.6068289314431113;0.06230770324085481;0.062;30.0;90.0;0.0404493979934081;0.1027571012342629
13.0;20;25;0.007045851414684714;0.6068289314431113;nan;0.062;3652.0;30.0;0.0993700430118872;0.021215598309817
22.0;20;25;0.007045851414684714;0.6068289314431113;nan;0.062;90.0;90.0;0.0665826349200478;0.0665826349200478
23.0;20;25;0.007045851414684714;0.6068289314431113;nan;0.062;30.0;30.0;0.0601751122032808;0.0601751122032808
30.0;20;25;0.007045851414684714;0.6068289314431113;nan;0.062;365.0;90.0;0.0943415440641389;0.0470231990120249
