Site;Number Data Training;Number Global Data;MSE Test;R2 Test;Quality Metric;Quality Sum;P Real;P pred;H Real Preal;H Real Ppred
1.0;22;27;0.04822228745286761;0.2949404319673624;0.06287049047289771;0.444;30.0;90.0;0.0425305241829691;0.1054010146558668
3.0;22;27;0.04822228745286761;0.2949404319673624;0.06230770324085481;0.444;30.0;90.0;0.0404493979934081;0.1027571012342629
4.0;22;27;0.04822228745286761;0.2949404319673624;0.09395454999436499;0.444;30.0;90.0;0.0343745209691433;0.1283290709635083
15.0;22;27;0.04822228745286761;0.2949404319673624;0.154083590696306;0.444;30.0;90.0;0.0825331753189077;0.2366167660152137
24.0;22;27;0.04822228745286761;0.2949404319673624;0.07035927671136251;0.444;30.0;90.0;0.0306645078478985;0.101023784559261
