Site;Number Data Training;Number Global Data;MSE Test;R2 Test;Quality Metric;Quality Sum;P Real;P pred;H Real Preal;H Real Ppred
1.0;20;25;0.006208533402115812;0.7207594118804531;nan;0.065;75.0;75.0;0.0850912692667235;0.0850912692667235
7.0;20;25;0.006208533402115812;0.7207594118804531;nan;0.065;100.0;60.0;0.0904205207984803;0.0589905795479446
13.0;20;25;0.006208533402115812;0.7207594118804531;-0.0004905316470971005;0.065;3000.0;3652.0;0.0998605746589843;0.0993700430118872
19.0;20;25;0.006208533402115812;0.7207594118804531;0.0655394730059071;0.065;30.0;60.0;0.0866235149493999;0.152162987955307
22.0;20;25;0.006208533402115812;0.7207594118804531;nan;0.065;150.0;100.0;0.0946198779296581;0.0673529852309897
