Site;Number Data Training;Number Global Data;MSE Test;R2 Test;Quality Metric;Quality Sum;P Real;P pred;H Real Preal;H Real Ppred
14.0;20;25;0.013970416693445783;0.5595307210644884;nan;0.026;150.0;100.0;0.0918619289379249;0.068680108288561
17.0;20;25;0.013970416693445783;0.5595307210644884;0.023311678069818903;0.026;75.0;100.0;0.086416666848223;0.1097283449180419
21.0;20;25;0.013970416693445783;0.5595307210644884;0.0027304464335027034;0.026;90.0;100.0;0.0986127877393275;0.1013432341728302
23.0;20;25;0.013970416693445783;0.5595307210644884;nan;0.026;50.0;50.0;0.0951034486697061;0.0951034486697061
24.0;20;25;0.013970416693445783;0.5595307210644884;nan;0.026;75.0;30.0;0.0806796201739536;0.0306645078478985
