Site;Number Data Training;Number Global Data;MSE Test;R2 Test;Quality Metric;Quality Sum;P Real;P pred;H Real Preal;H Real Ppred
7.0;20;25;0.005076203509389815;0.7414272973005107;nan;0;90.0;30.0;0.086542647569335;0.0316583333666094
13.0;20;25;0.005076203509389815;0.7414272973005107;nan;0;3652.0;90.0;0.0993700430118872;0.0459743068795799
14.0;20;25;0.005076203509389815;0.7414272973005107;nan;0;90.0;30.0;0.0669928669115922;0.0275341640025388
16.0;20;25;0.005076203509389815;0.7414272973005107;nan;0;90.0;30.0;0.0895169299721877;0.0353137113675942
19.0;20;25;0.005076203509389815;0.7414272973005107;nan;0;30.0;30.0;0.0866235149493999;0.0866235149493999
