Site;Number Data Training;Number Global Data;MSE Test;R2 Test;Quality Metric;Quality Sum;P Real;P pred;H Real Preal;H Real Ppred
1.0;20;25;0.010399850553862928;0.5510127004630702;nan;0;75.0;75.0;0.0850912692667235;0.0850912692667235
11.0;20;25;0.010399850553862928;0.5510127004630702;nan;0;330.0;50.0;0.0959083060330537;0.0284514783161753
18.0;20;25;0.010399850553862928;0.5510127004630702;nan;0;3652.0;2250.0;0.0515095706017609;0.0509764643146258
21.0;20;25;0.010399850553862928;0.5510127004630702;nan;0;90.0;50.0;0.0986127877393275;0.055579902660981
23.0;20;25;0.010399850553862928;0.5510127004630702;nan;0;50.0;50.0;0.0951034486697061;0.0951034486697061
