Site;Number Data Training;Number Global Data;MSE Test;R2 Test;Quality Metric;Quality Sum;P Real;P pred;H Real Preal;H Real Ppred
3.0;20;25;0.0034795544722970298;0.7359959905225638;0.04610139064228699;0.096;75.0;125.0;0.0829605078650181;0.1290618985073051
7.0;20;25;0.0034795544722970298;0.7359959905225638;nan;0.096;100.0;75.0;0.0904205207984803;0.0675783894922642
14.0;20;25;0.0034795544722970298;0.7359959905225638;nan;0.096;150.0;90.0;0.0918619289379249;0.0669928669115922
17.0;20;25;0.0034795544722970298;0.7359959905225638;0.0496228714611027;0.096;75.0;125.0;0.086416666848223;0.1360395383093257
29.0;20;25;0.0034795544722970298;0.7359959905225638;nan;0.096;90.0;30.0;0.098923572533551;0.0532782227856177
