Site;Number Data Training;Number Global Data;MSE Test;R2 Test;Quality Metric;Quality Sum;P Real;P pred;H Real Preal;H Real Ppred
13.0;20;25;0.01687532807607814;0.3509563845467736;-0.0004905316470971005;0.386;3000.0;3652.0;0.0998605746589843;0.0993700430118872
19.0;20;25;0.01687532807607814;0.3509563845467736;0.08355299194062568;0.386;30.0;75.0;0.0866235149493999;0.1701765068900256
21.0;20;25;0.01687532807607814;0.3509563845467736;0.0716592345613033;0.386;90.0;200.0;0.0986127877393275;0.1702720223006308
22.0;20;25;0.01687532807607814;0.3509563845467736;nan;0.386;150.0;150.0;0.0946198779296581;0.0946198779296581
28.0;20;25;0.01687532807607814;0.3509563845467736;0.2317615502981504;0.386;50.0;365.0;0.0912401650277275;0.3230017153258779
