Site;Number Data Training;Number Global Data;MSE Test;R2 Test;Quality Metric;Quality Sum;P Real;P pred;H Real Preal;H Real Ppred
1.0;22;27;0.005146908776141664;0.6195614642472623;0.06287049047289771;0.063;30.0;90.0;0.0425305241829691;0.1054010146558668
7.0;22;27;0.005146908776141664;0.6195614642472623;nan;0.063;90.0;90.0;0.086542647569335;0.086542647569335
12.0;22;27;0.005146908776141664;0.6195614642472623;nan;0.063;90.0;90.0;0.0730083632551525;0.0730083632551525
13.0;22;27;0.005146908776141664;0.6195614642472623;nan;0.063;3652.0;90.0;0.0993700430118872;0.0459743068795799
16.0;22;27;0.005146908776141664;0.6195614642472623;nan;0.063;90.0;90.0;0.0895169299721877;0.0895169299721877
