Site;Number Data Training;Number Global Data;MSE Test;R2 Test;Quality Metric;Quality Sum;P Real;P pred;H Real Preal;H Real Ppred
11.0;20;25;0.002108692902779915;0.8652417920026539;nan;0;182.0;30.0;0.0809120145894057;0.020072089411818
16.0;20;25;0.002108692902779915;0.8652417920026539;nan;0;90.0;30.0;0.0895169299721877;0.0353137113675942
20.0;20;25;0.002108692902779915;0.8652417920026539;nan;0;90.0;30.0;0.0939738204160915;0.0363035232843364
21.0;20;25;0.002108692902779915;0.8652417920026539;nan;0;90.0;30.0;0.0986127877393275;0.0354389533967742
27.0;20;25;0.002108692902779915;0.8652417920026539;nan;0;30.0;30.0;0.0493077354091983;0.0493077354091983
