Site;Number Data Training;Number Global Data;MSE Test;R2 Test;Quality Metric;Quality Sum;P Real;P pred;H Real Preal;H Real Ppred
7.0;20;25;0.009652132696212385;0.13859914488950542;nan;0;90.0;30.0;0.086542647569335;0.0316583333666094
11.0;20;25;0.009652132696212385;0.13859914488950542;nan;0;182.0;30.0;0.0809120145894057;0.020072089411818
12.0;20;25;0.009652132696212385;0.13859914488950542;nan;0;90.0;90.0;0.0730083632551525;0.0730083632551525
14.0;20;25;0.009652132696212385;0.13859914488950542;nan;0;90.0;90.0;0.0669928669115922;0.0669928669115922
16.0;20;25;0.009652132696212385;0.13859914488950542;nan;0;90.0;90.0;0.0895169299721877;0.0895169299721877
