Site;Number Data Training;Number Global Data;MSE Test;R2 Test;Quality Metric;Quality Sum;P Real;P pred;H Real Preal;H Real Ppred
1.0;20;25;0.0061517028679295505;0.7111101556500363;0.06287049047289771;0.063;30.0;90.0;0.0425305241829691;0.1054010146558668
7.0;20;25;0.0061517028679295505;0.7111101556500363;nan;0.063;90.0;30.0;0.086542647569335;0.0316583333666094
13.0;20;25;0.0061517028679295505;0.7111101556500363;nan;0.063;3652.0;90.0;0.0993700430118872;0.0459743068795799
19.0;20;25;0.0061517028679295505;0.7111101556500363;nan;0.063;30.0;30.0;0.0866235149493999;0.0866235149493999
22.0;20;25;0.0061517028679295505;0.7111101556500363;nan;0.063;90.0;90.0;0.0665826349200478;0.0665826349200478
