Site;Number Data Training;Number Global Data;MSE Test;R2 Test;Quality Metric;Quality Sum;P Real;P pred;H Real Preal;H Real Ppred
8.0;20;25;0.010708863563837238;0.43785415347165946;nan;0.065;90.0;90.0;0.0692507301025263;0.0692507301025263
14.0;20;25;0.010708863563837238;0.43785415347165946;nan;0.065;90.0;90.0;0.0669928669115922;0.0669928669115922
17.0;20;25;0.010708863563837238;0.43785415347165946;0.0653970705161301;0.065;30.0;90.0;0.0413325160789286;0.1067295865950587
23.0;20;25;0.010708863563837238;0.43785415347165946;nan;0.065;30.0;30.0;0.0601751122032808;0.0601751122032808
30.0;20;25;0.010708863563837238;0.43785415347165946;nan;0.065;365.0;30.0;0.0943415440641389;0.0218219316716011
