Site;Number Data Training;Number Global Data;MSE Test;R2 Test;Quality Metric;Quality Sum;P Real;P pred;H Real Preal;H Real Ppred
3.0;20;25;0.01707080208740482;0.37627305570442215;nan;0.042;75.0;75.0;0.0829605078650181;0.0829605078650181
11.0;20;25;0.01707080208740482;0.37627305570442215;nan;0.042;330.0;50.0;0.0959083060330537;0.0284514783161753
24.0;20;25;0.01707080208740482;0.37627305570442215;nan;0.042;75.0;75.0;0.0806796201739536;0.0806796201739536
27.0;20;25;0.01707080208740482;0.37627305570442215;0.04196334624442369;0.042;75.0;125.0;0.0972403971442618;0.1392037433886855
30.0;20;25;0.01707080208740482;0.37627305570442215;nan;0.042;365.0;100.0;0.0943415440641389;0.0491261932172611
