Site;Number Data Training;Number Global Data;MSE Test;R2 Test;Quality Metric;Quality Sum;P Real;P pred;H Real Preal;H Real Ppred
8.0;20;25;0.014043992327266167;0.02946489128985086;nan;0.003;125.0;75.0;0.0867459868794762;0.0551663282849413
12.0;20;25;0.014043992327266167;0.02946489128985086;nan;0.003;150.0;100.0;0.0962223954294124;0.075515837203816
13.0;20;25;0.014043992327266167;0.02946489128985086;nan;0.003;3000.0;75.0;0.0998605746589843;0.0387243201545047
21.0;20;25;0.014043992327266167;0.02946489128985086;0.0027304464335027034;0.003;90.0;100.0;0.0986127877393275;0.1013432341728302
27.0;20;25;0.014043992327266167;0.02946489128985086;nan;0.003;75.0;75.0;0.0972403971442618;0.0972403971442618
