Site;Number Data Training;Number Global Data;MSE Test;R2 Test;Quality Metric;Quality Sum;P Real;P pred;H Real Preal;H Real Ppred
27.0;24;25;0.014595770332799586;0.4198372842464163;0.06916025460476449;0.069;30.0;90.0;0.0493077354091983;0.1184679900139628
