Site;Number Data Training;Number Global Data;MSE Test;R2 Test;Quality Metric;Quality Sum;P Real;P pred;H Real Preal;H Real Ppred
4.0;20;25;0.024939803400948233;0.6372887382566061;0.030123867625210493;0.153;75.0;90.0;0.0982052033382978;0.1283290709635083
15.0;20;25;0.024939803400948233;0.6372887382566061;0.0979284482959183;0.153;30.0;75.0;0.0825331753189077;0.180461623614826
18.0;20;25;0.024939803400948233;0.6372887382566061;nan;0.153;3652.0;2250.0;0.0515095706017609;0.0509764643146258
22.0;20;25;0.024939803400948233;0.6372887382566061;nan;0.153;150.0;100.0;0.0946198779296581;0.0673529852309897
29.0;20;25;0.024939803400948233;0.6372887382566061;0.025343538133466403;0.153;90.0;100.0;0.098923572533551;0.1242671106670174
