Site;Number Data Training;Number Global Data;MSE Test;R2 Test;Quality Metric;Quality Sum;P Real;P pred;H Real Preal;H Real Ppred
3.0;20;25;0.0043434167623989835;0.6650143943235602;nan;0.104;30.0;30.0;0.0404493979934081;0.0404493979934081
8.0;20;25;0.0043434167623989835;0.6650143943235602;nan;0.104;90.0;30.0;0.0692507301025263;0.0261748518897128
16.0;20;25;0.0043434167623989835;0.6650143943235602;nan;0.104;90.0;30.0;0.0895169299721877;0.0353137113675942
21.0;20;25;0.0043434167623989835;0.6650143943235602;0.10446468545824039;0.104;90.0;182.0;0.0986127877393275;0.2030774731975679
29.0;20;25;0.0043434167623989835;0.6650143943235602;nan;0.104;90.0;30.0;0.098923572533551;0.0532782227856177
