Site;Number Data Training;Number Global Data;MSE Test;R2 Test;Quality Metric;Quality Sum;P Real;P pred;H Real Preal;H Real Ppred
8.0;20;25;0.013285871124240508;0.43031802705587097;nan;0;125.0;100.0;0.0867459868794762;0.0671801751349022
10.0;20;25;0.013285871124240508;0.43031802705587097;nan;0;100.0;100.0;0.0973990073949321;0.0973990073949321
14.0;20;25;0.013285871124240508;0.43031802705587097;nan;0;150.0;100.0;0.0918619289379249;0.068680108288561
16.0;20;25;0.013285871124240508;0.43031802705587097;nan;0;100.0;75.0;0.0844783754487946;0.0725509104538725
24.0;20;25;0.013285871124240508;0.43031802705587097;nan;0;75.0;30.0;0.0806796201739536;0.0306645078478985
