Site;Number Data Training;Number Global Data;MSE Test;R2 Test;Quality Metric;Quality Sum;P Real;P pred;H Real Preal;H Real Ppred
4.0;20;25;0.03571842589980502;0.4805301743030733;nan;0.154;75.0;75.0;0.0982052033382978;0.0982052033382978
15.0;20;25;0.03571842589980502;0.4805301743030733;0.154083590696306;0.154;30.0;90.0;0.0825331753189077;0.2366167660152137
18.0;20;25;0.03571842589980502;0.4805301743030733;nan;0.154;3652.0;100.0;0.0515095706017609;0.0298563797653111
22.0;20;25;0.03571842589980502;0.4805301743030733;nan;0.154;150.0;100.0;0.0946198779296581;0.0673529852309897
29.0;20;25;0.03571842589980502;0.4805301743030733;nan;0.154;90.0;30.0;0.098923572533551;0.0532782227856177
