Site;Number Data Training;Number Global Data;MSE Test;R2 Test;Quality Metric;Quality Sum;P Real;P pred;H Real Preal;H Real Ppred
3.0;20;25;0.010436072576954072;0.4391514701803396;0.021789937316753702;0.254;75.0;100.0;0.0829605078650181;0.1047504451817718
20.0;20;25;0.010436072576954072;0.4391514701803396;nan;0.254;100.0;100.0;0.0910601462720121;0.0910601462720121
22.0;20;25;0.010436072576954072;0.4391514701803396;nan;0.254;150.0;100.0;0.0946198779296581;0.0673529852309897
25.0;20;25;0.010436072576954072;0.4391514701803396;nan;0.254;125.0;125.0;0.0940222321495014;0.0940222321495014
28.0;20;25;0.010436072576954072;0.4391514701803396;0.2317615502981504;0.254;50.0;365.0;0.0912401650277275;0.3230017153258779
