Site;Number Data Training;Number Global Data;MSE Test;R2 Test;Quality Metric;Quality Sum;P Real;P pred;H Real Preal;H Real Ppred
8.0;20;25;0.03227898532887021;-0.37494936856400973;nan;0.171;125.0;75.0;0.0867459868794762;0.0551663282849413
11.0;20;25;0.03227898532887021;-0.37494936856400973;nan;0.171;330.0;90.0;0.0959083060330537;0.0435498926878454
19.0;20;25;0.03227898532887021;-0.37494936856400973;0.11528048195616689;0.171;30.0;90.0;0.0866235149493999;0.2019039969055668
25.0;20;25;0.03227898532887021;-0.37494936856400973;nan;0.171;125.0;125.0;0.0940222321495014;0.0940222321495014
28.0;20;25;0.03227898532887021;-0.37494936856400973;0.05616145497135011;0.171;50.0;100.0;0.0912401650277275;0.1474016199990776
