Site;Number Data Training;Number Global Data;MSE Test;R2 Test;Quality Metric;Quality Sum;P Real;P pred;H Real Preal;H Real Ppred
3.0;20;25;0.0077600466532045985;0.6288745519947786;nan;0.077;75.0;75.0;0.0829605078650181;0.0829605078650181
12.0;20;25;0.0077600466532045985;0.6288745519947786;nan;0.077;150.0;100.0;0.0962223954294124;0.075515837203816
17.0;20;25;0.0077600466532045985;0.6288745519947786;nan;0.077;75.0;45.0;0.086416666848223;0.0588386845126401
27.0;20;25;0.0077600466532045985;0.6288745519947786;0.05891033117815031;0.077;75.0;150.0;0.0972403971442618;0.1561507283224121
28.0;20;25;0.0077600466532045985;0.6288745519947786;0.017946219130690805;0.077;50.0;60.0;0.0912401650277275;0.1091863841584183
