Site;Number Data Training;Number Global Data;MSE Test;R2 Test;Quality Metric;Quality Sum;P Real;P pred;H Real Preal;H Real Ppred
7.0;24;25;0.0014846846550194827;0.9264634511856035;0.0232595604167075;0.023;100.0;125.0;0.0904205207984803;0.1136800812151878
