Site;Number Data Training;Number Global Data;MSE Test;R2 Test;Quality Metric;Quality Sum;P Real;P pred;H Real Preal;H Real Ppred
2.0;22;27;0.006312340877590853;0.3387463569738629;0.055857930820572804;0.118;90.0;182.0;0.0681692089993866;0.1240271398199594
3.0;22;27;0.006312340877590853;0.3387463569738629;0.06230770324085481;0.118;30.0;90.0;0.0404493979934081;0.1027571012342629
8.0;22;27;0.006312340877590853;0.3387463569738629;nan;0.118;90.0;90.0;0.0692507301025263;0.0692507301025263
12.0;22;27;0.006312340877590853;0.3387463569738629;nan;0.118;90.0;90.0;0.0730083632551525;0.0730083632551525
29.0;22;27;0.006312340877590853;0.3387463569738629;nan;0.118;90.0;30.0;0.098923572533551;0.0532782227856177
