Site;Number Data Training;Number Global Data;MSE Test;R2 Test;Quality Metric;Quality Sum;P Real;P pred;H Real Preal;H Real Ppred
<<<<<<< HEAD
14.0;24;25;0.0008606165625024282;0.8926373006766506;nan;0;90.0;90.0;0.0669928669115922;0.0669928669115922
=======
4.0;24;25;0.04602046562400476;0.365054174356106;nan;0.0;30.0;30.0;0.0343745209691433;0.0343745209691433
>>>>>>> 0fe9d831d6d0086ef7b044560afa29e87e8ce4ed
