Site;Number Data Training;Number Global Data;MSE Test;R2 Test;Quality Metric;Quality Sum;P Real;P pred;H Real Preal;H Real Ppred
8.0;20;25;0.011386480222745337;0.6708791136178488;nan;0.158;125.0;100.0;0.0867459868794762;0.0671801751349022
17.0;20;25;0.011386480222745337;0.6708791136178488;nan;0.158;75.0;75.0;0.086416666848223;0.086416666848223
19.0;20;25;0.011386480222745337;0.6708791136178488;0.08355299194062568;0.158;30.0;75.0;0.0866235149493999;0.1701765068900256
23.0;20;25;0.011386480222745337;0.6708791136178488;0.07412152634774449;0.158;50.0;100.0;0.0951034486697061;0.1692249750174506
24.0;20;25;0.011386480222745337;0.6708791136178488;nan;0.158;75.0;75.0;0.0806796201739536;0.0806796201739536
