Site;Number Data Training;Number Global Data;MSE Test;R2 Test;Quality Metric;Quality Sum;P Real;P pred;H Real Preal;H Real Ppred
1.0;22;27;0.00744171827609191;0.6153880088354788;0.06287049047289771;0.178;30.0;90.0;0.0425305241829691;0.1054010146558668
2.0;22;27;0.00744171827609191;0.6153880088354788;nan;0.178;90.0;90.0;0.0681692089993866;0.0681692089993866
19.0;22;27;0.00744171827609191;0.6153880088354788;0.11528048195616689;0.178;30.0;90.0;0.0866235149493999;0.2019039969055668
20.0;22;27;0.00744171827609191;0.6153880088354788;nan;0.178;90.0;90.0;0.0939738204160915;0.0939738204160915
25.0;22;27;0.00744171827609191;0.6153880088354788;nan;0.178;90.0;90.0;0.0734978659430122;0.0734978659430122
