Site;Number Data Training;Number Global Data;MSE Test;R2 Test;Quality Metric;Quality Sum;P Real;P pred;H Real Preal;H Real Ppred
1.0;20;25;0.010828002827825702;0.47115517065637547;nan;0.019;75.0;75.0;0.0850912692667235;0.0850912692667235
8.0;20;25;0.010828002827825702;0.47115517065637547;nan;0.019;125.0;100.0;0.0867459868794762;0.0671801751349022
14.0;20;25;0.010828002827825702;0.47115517065637547;nan;0.019;150.0;125.0;0.0918619289379249;0.0833140874338638
16.0;20;25;0.010828002827825702;0.47115517065637547;nan;0.019;100.0;100.0;0.0844783754487946;0.0844783754487946
23.0;20;25;0.010828002827825702;0.47115517065637547;0.019244970556029098;0.019;50.0;60.0;0.0951034486697061;0.1143484192257352
