Site;Number Data Training;Number Global Data;MSE Test;R2 Test;Quality Metric;Quality Sum;P Real;P pred;H Real Preal;H Real Ppred
10.0;22;27;0.0035988992747208776;0.7980270819152804;nan;0;90.0;90.0;0.0915538363720714;0.0915538363720714
11.0;22;27;0.0035988992747208776;0.7980270819152804;nan;0;182.0;30.0;0.0809120145894057;0.020072089411818
12.0;22;27;0.0035988992747208776;0.7980270819152804;nan;0;90.0;90.0;0.0730083632551525;0.0730083632551525
16.0;22;27;0.0035988992747208776;0.7980270819152804;nan;0;90.0;90.0;0.0895169299721877;0.0895169299721877
23.0;22;27;0.0035988992747208776;0.7980270819152804;nan;0;30.0;30.0;0.0601751122032808;0.0601751122032808
