Site;SubCatch;Number Data Training;Number Global Data;MSE Test;R2 Test;Quality Metric;Quality Sum;P Real;P pred;H Real Preal;H Real Ppred
35;12;19;20;0.12291825707998554;0.11017302637776116;0.1935496744524193;0.194;60;100;0.0030016882065456;0.1965513626589649
