Site;Number Data Training;Number Global Data;MSE Test;R2 Test;Quality Metric;Quality Sum;P Real;P pred;H Real Preal;H Real Ppred
16.0;20;25;0.00620214706210404;0.789654923972723;0.024675435802241102;0.151;100.0;125.0;0.0844783754487946;0.1091538112510357
18.0;20;25;0.00620214706210404;0.789654923972723;nan;0.151;3652.0;2250.0;0.0515095706017609;0.0509764643146258
22.0;20;25;0.00620214706210404;0.789654923972723;nan;0.151;150.0;100.0;0.0946198779296581;0.0673529852309897
24.0;20;25;0.00620214706210404;0.789654923972723;nan;0.151;75.0;75.0;0.0806796201739536;0.0806796201739536
27.0;20;25;0.00620214706210404;0.789654923972723;0.1267382681995349;0.151;75.0;250.0;0.0972403971442618;0.2239786653437967
