Site;Number Data Training;Number Global Data;MSE Test;R2 Test;Quality Metric;Quality Sum;P Real;P pred;H Real Preal;H Real Ppred
13.0;20;25;0.0099938757734475;0.4618066228753256;nan;0.084;3000.0;150.0;0.0998605746589843;0.0594677090973026
16.0;20;25;0.0099938757734475;0.4618066228753256;nan;0.084;100.0;75.0;0.0844783754487946;0.0725509104538725
19.0;20;25;0.0099938757734475;0.4618066228753256;0.08355299194062568;0.084;30.0;75.0;0.0866235149493999;0.1701765068900256
22.0;20;25;0.0099938757734475;0.4618066228753256;nan;0.084;150.0;75.0;0.0946198779296581;0.0720847793771322
30.0;20;25;0.0099938757734475;0.4618066228753256;nan;0.084;365.0;75.0;0.0943415440641389;0.0397819268309972
