Site;Number Data Training;Number Global Data;MSE Test;R2 Test;Quality Metric;Quality Sum;P Real;P pred;H Real Preal;H Real Ppred
1.0;20;25;0.001082862502628859;0.927584667098508;0.06287049047289771;0.191;30.0;90.0;0.0425305241829691;0.1054010146558668
3.0;20;25;0.001082862502628859;0.927584667098508;0.06230770324085481;0.191;30.0;90.0;0.0404493979934081;0.1027571012342629
17.0;20;25;0.001082862502628859;0.927584667098508;0.0653970705161301;0.191;30.0;90.0;0.0413325160789286;0.1067295865950587
20.0;20;25;0.001082862502628859;0.927584667098508;nan;0.191;90.0;30.0;0.0939738204160915;0.0363035232843364
22.0;20;25;0.001082862502628859;0.927584667098508;nan;0.191;90.0;90.0;0.0665826349200478;0.0665826349200478
