Site;Number Data Training;Number Global Data;MSE Test;R2 Test;Quality Metric;Quality Sum;P Real;P pred;H Real Preal;H Real Ppred
1.0;22;27;0.004090137781461467;0.7882918203821723;0.06287049047289771;0.162;30.0;90.0;0.0425305241829691;0.1054010146558668
10.0;22;27;0.004090137781461467;0.7882918203821723;nan;0.162;90.0;90.0;0.0915538363720714;0.0915538363720714
21.0;22;27;0.004090137781461467;0.7882918203821723;nan;0.162;90.0;90.0;0.0986127877393275;0.0986127877393275
25.0;22;27;0.004090137781461467;0.7882918203821723;nan;0.162;90.0;90.0;0.0734978659430122;0.0734978659430122
28.0;22;27;0.004090137781461467;0.7882918203821723;0.09894812544548881;0.162;30.0;90.0;0.056126814949097;0.1550749403945858
