Site;Number Data Training;Number Global Data;MSE Test;R2 Test;Quality Metric;Quality Sum;P Real;P pred;H Real Preal;H Real Ppred
3.0;20;25;0.0069676741312764915;0.6173246230867502;0.0602517744568109;0.175;75.0;150.0;0.0829605078650181;0.143212282321829
10.0;20;25;0.0069676741312764915;0.6173246230867502;0.01827575978408201;0.175;100.0;125.0;0.0973990073949321;0.1156747671790141
17.0;20;25;0.0069676741312764915;0.6173246230867502;nan;0.175;75.0;75.0;0.086416666848223;0.086416666848223
28.0;20;25;0.0069676741312764915;0.6173246230867502;0.0967760332742815;0.175;50.0;125.0;0.0912401650277275;0.188016198302009
30.0;20;25;0.0069676741312764915;0.6173246230867502;nan;0.175;365.0;100.0;0.0943415440641389;0.0491261932172611
