Site;Number Data Training;Number Global Data;MSE Test;R2 Test;Quality Metric;Quality Sum;P Real;P pred;H Real Preal;H Real Ppred
7.0;20;25;0.011275331401156009;0.5019481128683109;nan;0.276;100.0;100.0;0.0904205207984803;0.0904205207984803
13.0;20;25;0.011275331401156009;0.5019481128683109;nan;0.276;3000.0;250.0;0.0998605746589843;0.0779261402350436
14.0;20;25;0.011275331401156009;0.5019481128683109;nan;0.276;150.0;100.0;0.0918619289379249;0.068680108288561
27.0;20;25;0.011275331401156009;0.5019481128683109;0.04196334624442369;0.276;75.0;125.0;0.0972403971442618;0.1392037433886855
28.0;20;25;0.011275331401156009;0.5019481128683109;0.23377267004787047;0.276;50.0;250.0;0.0912401650277275;0.325012835075598
