Site;Number Data Training;Number Global Data;MSE Test;R2 Test;Quality Metric;Quality Sum;P Real;P pred;H Real Preal;H Real Ppred
18.0;20;25;0.021077032339739787;-0.08124882376245646;nan;0.168;3652.0;30.0;0.0515095706017609;0.013022431319224
20.0;20;25;0.021077032339739787;-0.08124882376245646;nan;0.168;90.0;90.0;0.0939738204160915;0.0939738204160915
27.0;20;25;0.021077032339739787;-0.08124882376245646;0.06916025460476449;0.168;30.0;90.0;0.0493077354091983;0.1184679900139628
28.0;20;25;0.021077032339739787;-0.08124882376245646;0.09894812544548881;0.168;30.0;90.0;0.056126814949097;0.1550749403945858
30.0;20;25;0.021077032339739787;-0.08124882376245646;nan;0.168;365.0;90.0;0.0943415440641389;0.0470231990120249
