Site;Number Data Training;Number Global Data;MSE Test;R2 Test;Quality Metric;Quality Sum;P Real;P pred;H Real Preal;H Real Ppred
8.0;20;25;0.01142307560173455;0.639529655602489;nan;0.018;125.0;100.0;0.0867459868794762;0.0671801751349022
11.0;20;25;0.01142307560173455;0.639529655602489;nan;0.018;330.0;50.0;0.0959083060330537;0.0284514783161753
18.0;20;25;0.01142307560173455;0.639529655602489;nan;0.018;3652.0;2250.0;0.0515095706017609;0.0509764643146258
24.0;20;25;0.01142307560173455;0.639529655602489;nan;0.018;75.0;75.0;0.0806796201739536;0.0806796201739536
28.0;20;25;0.01142307560173455;0.639529655602489;0.017946219130690805;0.018;50.0;60.0;0.0912401650277275;0.1091863841584183
