Site;Number Data Training;Number Global Data;MSE Test;R2 Test;Quality Metric;Quality Sum;P Real;P pred;H Real Preal;H Real Ppred
1.0;20;25;0.0184099010697657;-0.11553322697334467;0.022969212840433198;0.043;75.0;100.0;0.0850912692667235;0.1080604821071567
18.0;20;25;0.0184099010697657;-0.11553322697334467;nan;0.043;3652.0;75.0;0.0515095706017609;0.0236715852474286
20.0;20;25;0.0184099010697657;-0.11553322697334467;nan;0.043;100.0;100.0;0.0910601462720121;0.0910601462720121
27.0;20;25;0.0184099010697657;-0.11553322697334467;0.01983004732601369;0.043;75.0;100.0;0.0972403971442618;0.1170704444702755
29.0;20;25;0.0184099010697657;-0.11553322697334467;nan;0.043;90.0;60.0;0.098923572533551;0.0898624533026975
