Site;Number Data Training;Number Global Data;MSE Test;R2 Test;Quality Metric;Quality Sum;P Real;P pred;H Real Preal;H Real Ppred
7.0;20;25;0.008960574223809565;0.6041951457414041;nan;0.158;100.0;30.0;0.0904205207984803;0.0316583333666094
13.0;20;25;0.008960574223809565;0.6041951457414041;-0.0004905316470971005;0.158;3000.0;3652.0;0.0998605746589843;0.0993700430118872
14.0;20;25;0.008960574223809565;0.6041951457414041;nan;0.158;150.0;100.0;0.0918619289379249;0.068680108288561
27.0;20;25;0.008960574223809565;0.6041951457414041;0.1267382681995349;0.158;75.0;250.0;0.0972403971442618;0.2239786653437967
28.0;20;25;0.008960574223809565;0.6041951457414041;0.032093643247467704;0.158;50.0;75.0;0.0912401650277275;0.1233338082751952
