Site;Number Data Training;Number Global Data;MSE Test;R2 Test;Quality Metric;Quality Sum;P Real;P pred;H Real Preal;H Real Ppred
12.0;22;27;0.014771889130699122;0.7198535314774359;nan;0.269;90.0;90.0;0.0730083632551525;0.0730083632551525
15.0;22;27;0.014771889130699122;0.7198535314774359;0.154083590696306;0.269;30.0;90.0;0.0825331753189077;0.2366167660152137
19.0;22;27;0.014771889130699122;0.7198535314774359;0.11528048195616689;0.269;30.0;90.0;0.0866235149493999;0.2019039969055668
22.0;22;27;0.014771889130699122;0.7198535314774359;nan;0.269;90.0;90.0;0.0665826349200478;0.0665826349200478
30.0;22;27;0.014771889130699122;0.7198535314774359;nan;0.269;365.0;90.0;0.0943415440641389;0.0470231990120249
