Site;Number Data Training;Number Global Data;MSE Test;R2 Test;Quality Metric;Quality Sum;P Real;P pred;H Real Preal;H Real Ppred
13.0;20;25;0.007062389243314836;0.14540417380453574;nan;0;3000.0;100.0;0.0998605746589843;0.0469526408581791
14.0;20;25;0.007062389243314836;0.14540417380453574;nan;0;150.0;100.0;0.0918619289379249;0.068680108288561
20.0;20;25;0.007062389243314836;0.14540417380453574;nan;0;100.0;75.0;0.0910601462720121;0.0760837005891203
25.0;20;25;0.007062389243314836;0.14540417380453574;nan;0;125.0;100.0;0.0940222321495014;0.0761329268533129
29.0;20;25;0.007062389243314836;0.14540417380453574;nan;0;90.0;50.0;0.098923572533551;0.0682501634306618
