Site;Number Data Training;Number Global Data;MSE Test;R2 Test;Quality Metric;Quality Sum;P Real;P pred;H Real Preal;H Real Ppred
3.0;20;25;0.008789673672569207;0.5276311542963784;nan;0.121;75.0;75.0;0.0829605078650181;0.0829605078650181
20.0;20;25;0.008789673672569207;0.5276311542963784;0.1028640221111458;0.121;100.0;365.0;0.0910601462720121;0.1939241683831579
22.0;20;25;0.008789673672569207;0.5276311542963784;nan;0.121;150.0;100.0;0.0946198779296581;0.0673529852309897
25.0;20;25;0.008789673672569207;0.5276311542963784;nan;0.121;125.0;100.0;0.0940222321495014;0.0761329268533129
28.0;20;25;0.008789673672569207;0.5276311542963784;0.017946219130690805;0.121;50.0;60.0;0.0912401650277275;0.1091863841584183
