Site;Number Data Training;Number Global Data;MSE Test;R2 Test;Quality Metric;Quality Sum;P Real;P pred;H Real Preal;H Real Ppred
1.0;20;25;0.026203262442061323;0.3976244484040896;0.022969212840433198;0.136;75.0;100.0;0.0850912692667235;0.1080604821071567
4.0;20;25;0.026203262442061323;0.3976244484040896;0.1133798346477225;0.136;75.0;150.0;0.0982052033382978;0.2115850379860203
24.0;20;25;0.026203262442061323;0.3976244484040896;nan;0.136;75.0;30.0;0.0806796201739536;0.0306645078478985
27.0;20;25;0.026203262442061323;0.3976244484040896;nan;0.136;75.0;75.0;0.0972403971442618;0.0972403971442618
30.0;20;25;0.026203262442061323;0.3976244484040896;nan;0.136;365.0;60.0;0.0943415440641389;0.0359401235490258
