Site;Number Data Training;Number Global Data;MSE Test;R2 Test;Quality Metric;Quality Sum;P Real;P pred;H Real Preal;H Real Ppred
3.0;20;25;0.008656089956765024;0.574725511880561;0.021789937316753702;0.092;75.0;100.0;0.0829605078650181;0.1047504451817718
13.0;20;25;0.008656089956765024;0.574725511880561;nan;0.092;3000.0;100.0;0.0998605746589843;0.0469526408581791
22.0;20;25;0.008656089956765024;0.574725511880561;nan;0.092;150.0;100.0;0.0946198779296581;0.0673529852309897
23.0;20;25;0.008656089956765024;0.574725511880561;0.0704543943995693;0.092;50.0;90.0;0.0951034486697061;0.1655578430692754
30.0;20;25;0.008656089956765024;0.574725511880561;nan;0.092;365.0;90.0;0.0943415440641389;0.0470231990120249
