Site;Number Data Training;Number Global Data;MSE Test;R2 Test;Quality Metric;Quality Sum;P Real;P pred;H Real Preal;H Real Ppred
1.0;20;25;0.01565208265911321;0.4040600528949221;0.022969212840433198;0.336;75.0;100.0;0.0850912692667235;0.1080604821071567
7.0;20;25;0.01565208265911321;0.4040600528949221;nan;0.336;100.0;100.0;0.0904205207984803;0.0904205207984803
19.0;20;25;0.01565208265911321;0.4040600528949221;0.08355299194062568;0.336;30.0;75.0;0.0866235149493999;0.1701765068900256
28.0;20;25;0.01565208265911321;0.4040600528949221;0.2299567495913453;0.336;50.0;300.0;0.0912401650277275;0.3211969146190728
30.0;20;25;0.01565208265911321;0.4040600528949221;nan;0.336;365.0;100.0;0.0943415440641389;0.0491261932172611
