Site;SubCatch;Number Data Training;Number Global Data;MSE Test;R2 Test;Quality Metric;Quality Sum;P Real;P pred;H Real Preal;H Real Ppred
33;2;19;20;0.05451503817524242;-0.37974991976918293;0.0730508502190921;0.073;30;60;0.0843838997550839;0.157434749974176
