Site;Number Data Training;Number Global Data;MSE Test;R2 Test;Quality Metric;Quality Sum;P Real;P pred;H Real Preal;H Real Ppred
1.0;20;25;0.013553888097918113;0.4839470547110505;0.022969212840433198;0.194;75.0;100.0;0.0850912692667235;0.1080604821071567
7.0;20;25;0.013553888097918113;0.4839470547110505;nan;0.194;100.0;100.0;0.0904205207984803;0.0904205207984803
19.0;20;25;0.013553888097918113;0.4839470547110505;0.11528048195616689;0.194;30.0;90.0;0.0866235149493999;0.2019039969055668
28.0;20;25;0.013553888097918113;0.4839470547110505;0.05616145497135011;0.194;50.0;100.0;0.0912401650277275;0.1474016199990776
30.0;20;25;0.013553888097918113;0.4839470547110505;nan;0.194;365.0;100.0;0.0943415440641389;0.0491261932172611
