Site;Number Data Training;Number Global Data;MSE Test;R2 Test;Quality Metric;Quality Sum;P Real;P pred;H Real Preal;H Real Ppred
7.0;20;25;0.008409152356753363;0.44592067677162395;nan;0.097;100.0;100.0;0.0904205207984803;0.0904205207984803
17.0;20;25;0.008409152356753363;0.44592067677162395;0.06658854902351621;0.097;75.0;150.0;0.086416666848223;0.1530052158717392
21.0;20;25;0.008409152356753363;0.44592067677162395;0.029952452586890915;0.097;90.0;125.0;0.0986127877393275;0.1285652403262184
22.0;20;25;0.008409152356753363;0.44592067677162395;nan;0.097;150.0;150.0;0.0946198779296581;0.0946198779296581
29.0;20;25;0.008409152356753363;0.44592067677162395;nan;0.097;90.0;30.0;0.098923572533551;0.0532782227856177
