Site;Number Data Training;Number Global Data;MSE Test;R2 Test;Quality Metric;Quality Sum;P Real;P pred;H Real Preal;H Real Ppred
4.0;20;25;0.008153621594254515;0.7402185490682126;nan;0.15;75.0;75.0;0.0982052033382978;0.0982052033382978
7.0;20;25;0.008153621594254515;0.7402185490682126;nan;0.15;100.0;30.0;0.0904205207984803;0.0316583333666094
12.0;20;25;0.008153621594254515;0.7402185490682126;nan;0.15;150.0;100.0;0.0962223954294124;0.075515837203816
13.0;20;25;0.008153621594254515;0.7402185490682126;-0.0004905316470971005;0.15;3000.0;3652.0;0.0998605746589843;0.0993700430118872
21.0;20;25;0.008153621594254515;0.7402185490682126;0.1500261290787484;0.15;90.0;365.0;0.0986127877393275;0.2486389168180759
