Site;Number Data Training;Number Global Data;MSE Test;R2 Test;Quality Metric;Quality Sum;P Real;P pred;H Real Preal;H Real Ppred
13.0;20;25;0.010760706940637431;0.4205109869368734;nan;0.066;3000.0;250.0;0.0998605746589843;0.0779261402350436
16.0;20;25;0.010760706940637431;0.4205109869368734;nan;0.066;100.0;75.0;0.0844783754487946;0.0725509104538725
19.0;20;25;0.010760706940637431;0.4205109869368734;0.0655394730059071;0.066;30.0;60.0;0.0866235149493999;0.152162987955307
22.0;20;25;0.010760706940637431;0.4205109869368734;nan;0.066;150.0;75.0;0.0946198779296581;0.0720847793771322
30.0;20;25;0.010760706940637431;0.4205109869368734;nan;0.066;365.0;75.0;0.0943415440641389;0.0397819268309972
