Site;Number Data Training;Number Global Data;MSE Test;R2 Test;Quality Metric;Quality Sum;P Real;P pred;H Real Preal;H Real Ppred
3.0;20;25;0.009323384551070915;0.6593454644511012;0.019796593369244803;0.02;75.0;90.0;0.0829605078650181;0.1027571012342629
11.0;20;25;0.009323384551070915;0.6593454644511012;nan;0.02;330.0;90.0;0.0959083060330537;0.0435498926878454
24.0;20;25;0.009323384551070915;0.6593454644511012;nan;0.02;75.0;30.0;0.0806796201739536;0.0306645078478985
27.0;20;25;0.009323384551070915;0.6593454644511012;nan;0.02;75.0;60.0;0.0972403971442618;0.089410937081037
30.0;20;25;0.009323384551070915;0.6593454644511012;nan;0.02;365.0;75.0;0.0943415440641389;0.0397819268309972
