Site;Number Data Training;Number Global Data;MSE Test;R2 Test;Quality Metric;Quality Sum;P Real;P pred;H Real Preal;H Real Ppred
16.0;20;25;0.01845341061830627;0.28906104620925277;nan;0.013;100.0;75.0;0.0844783754487946;0.0725509104538725
18.0;20;25;0.01845341061830627;0.28906104620925277;nan;0.013;3652.0;75.0;0.0515095706017609;0.0236715852474286
21.0;20;25;0.01845341061830627;0.28906104620925277;0.0027304464335027034;0.013;90.0;100.0;0.0986127877393275;0.1013432341728302
24.0;20;25;0.01845341061830627;0.28906104620925277;nan;0.013;75.0;30.0;0.0806796201739536;0.0306645078478985
25.0;20;25;0.01845341061830627;0.28906104620925277;0.0099181142790995;0.013;125.0;150.0;0.0940222321495014;0.1039403464286009
