Site;Number Data Training;Number Global Data;MSE Test;R2 Test;Quality Metric;Quality Sum;P Real;P pred;H Real Preal;H Real Ppred
6.0;22;27;0.010218546144032661;0.6205291074370229;nan;0.115;90.0;30.0;0.0805447502647162;0.0352018987493894
19.0;22;27;0.010218546144032661;0.6205291074370229;0.11528048195616689;0.115;30.0;90.0;0.0866235149493999;0.2019039969055668
23.0;22;27;0.010218546144032661;0.6205291074370229;nan;0.115;30.0;30.0;0.0601751122032808;0.0601751122032808
25.0;22;27;0.010218546144032661;0.6205291074370229;nan;0.115;90.0;90.0;0.0734978659430122;0.0734978659430122
27.0;22;27;0.010218546144032661;0.6205291074370229;nan;0.115;30.0;30.0;0.0493077354091983;0.0493077354091983
