Site;Number Data Training;Number Global Data;MSE Test;R2 Test;Quality Metric;Quality Sum;P Real;P pred;H Real Preal;H Real Ppred
11.0;20;25;0.0222545589666651;-0.12142851648679076;nan;0.038;330.0;60.0;0.0959083060330537;0.033546352924242
12.0;20;25;0.0222545589666651;-0.12142851648679076;nan;0.038;150.0;100.0;0.0962223954294124;0.075515837203816
16.0;20;25;0.0222545589666651;-0.12142851648679076;nan;0.038;100.0;75.0;0.0844783754487946;0.0725509104538725
21.0;20;25;0.0222545589666651;-0.12142851648679076;nan;0.038;90.0;75.0;0.0986127877393275;0.0773218887357087
23.0;20;25;0.0222545589666651;-0.12142851648679076;0.037729339075152385;0.038;50.0;75.0;0.0951034486697061;0.1328327877448585
