Site;Number Data Training;Number Global Data;MSE Test;R2 Test;Quality Metric;Quality Sum;P Real;P pred;H Real Preal;H Real Ppred
11.0;20;25;0.010248690394083713;0.3580791008190026;nan;0.003;330.0;60.0;0.0959083060330537;0.033546352924242
16.0;20;25;0.010248690394083713;0.3580791008190026;nan;0.003;100.0;75.0;0.0844783754487946;0.0725509104538725
20.0;20;25;0.010248690394083713;0.3580791008190026;nan;0.003;100.0;60.0;0.0910601462720121;0.0690811583444499
21.0;20;25;0.010248690394083713;0.3580791008190026;0.0027304464335027034;0.003;90.0;100.0;0.0986127877393275;0.1013432341728302
27.0;20;25;0.010248690394083713;0.3580791008190026;nan;0.003;75.0;60.0;0.0972403971442618;0.089410937081037
