Site;Number Data Training;Number Global Data;MSE Test;R2 Test;Quality Metric;Quality Sum;P Real;P pred;H Real Preal;H Real Ppred
11.0;20;25;0.025029508663846945;0.5452948047038884;nan;0.101;330.0;60.0;0.0959083060330537;0.033546352924242
15.0;20;25;0.025029508663846945;0.5452948047038884;0.0979284482959183;0.101;30.0;75.0;0.0825331753189077;0.180461623614826
18.0;20;25;0.025029508663846945;0.5452948047038884;nan;0.101;3652.0;100.0;0.0515095706017609;0.0298563797653111
21.0;20;25;0.025029508663846945;0.5452948047038884;0.0027304464335027034;0.101;90.0;100.0;0.0986127877393275;0.1013432341728302
25.0;20;25;0.025029508663846945;0.5452948047038884;nan;0.101;125.0;125.0;0.0940222321495014;0.0940222321495014
