Site;Number Data Training;Number Global Data;MSE Test;R2 Test;Quality Metric;Quality Sum;P Real;P pred;H Real Preal;H Real Ppred
3.0;20;25;0.010710472376169062;0.4877699791518908;0.0602517744568109;0.359;75.0;150.0;0.0829605078650181;0.143212282321829
12.0;20;25;0.010710472376169062;0.4877699791518908;nan;0.359;150.0;100.0;0.0962223954294124;0.075515837203816
17.0;20;25;0.010710472376169062;0.4877699791518908;0.023311678069818903;0.359;75.0;100.0;0.086416666848223;0.1097283449180419
27.0;20;25;0.010710472376169062;0.4877699791518908;0.04196334624442369;0.359;75.0;125.0;0.0972403971442618;0.1392037433886855
28.0;20;25;0.010710472376169062;0.4877699791518908;0.23377267004787047;0.359;50.0;250.0;0.0912401650277275;0.325012835075598
