Site;Number Data Training;Number Global Data;MSE Test;R2 Test;Quality Metric;Quality Sum;P Real;P pred;H Real Preal;H Real Ppred
4.0;20;25;0.07721919046395714;-0.07513436384365435;0.1133798346477225;0.483;75.0;150.0;0.0982052033382978;0.2115850379860203
11.0;20;25;0.07721919046395714;-0.07513436384365435;nan;0.483;330.0;75.0;0.0959083060330537;0.0368904258739981
15.0;20;25;0.07721919046395714;-0.07513436384365435;0.2472637433923069;0.483;30.0;125.0;0.0825331753189077;0.3297969187112146
23.0;20;25;0.07721919046395714;-0.07513436384365435;0.12196524325043201;0.483;50.0;125.0;0.0951034486697061;0.2170686919201381
30.0;20;25;0.07721919046395714;-0.07513436384365435;nan;0.483;365.0;75.0;0.0943415440641389;0.0397819268309972
