Site;Number Data Training;Number Global Data;MSE Test;R2 Test;Quality Metric;Quality Sum;P Real;P pred;H Real Preal;H Real Ppred
19.0;14;15;0.00994845289839705;0.6540812789863746;0.08355299194062568;0.084;30.0;75.0;0.0866235149493999;0.1701765068900256
