Site;Number Data Training;Number Global Data;MSE Test;R2 Test;Quality Metric;Quality Sum;P Real;P pred;H Real Preal;H Real Ppred
4.0;20;25;0.013715644519229282;0.6350363736829563;nan;0;30.0;30.0;0.0343745209691433;0.0343745209691433
11.0;20;25;0.013715644519229282;0.6350363736829563;nan;0;182.0;30.0;0.0809120145894057;0.020072089411818
18.0;20;25;0.013715644519229282;0.6350363736829563;nan;0;3652.0;365.0;0.0515095706017609;0.0481160170316837
21.0;20;25;0.013715644519229282;0.6350363736829563;nan;0;90.0;30.0;0.0986127877393275;0.0354389533967742
24.0;20;25;0.013715644519229282;0.6350363736829563;nan;0;30.0;30.0;0.0306645078478985;0.0306645078478985
