Site;Number Data Training;Number Global Data;MSE Test;R2 Test;Quality Metric;Quality Sum;P Real;P pred;H Real Preal;H Real Ppred
4.0;20;25;0.012133533189010382;0.6134151161747275;0.013202385271553596;0.053;75.0;100.0;0.0982052033382978;0.1114075886098514
7.0;20;25;0.012133533189010382;0.6134151161747275;nan;0.053;100.0;75.0;0.0904205207984803;0.0675783894922642
12.0;20;25;0.012133533189010382;0.6134151161747275;nan;0.053;150.0;100.0;0.0962223954294124;0.075515837203816
13.0;20;25;0.012133533189010382;0.6134151161747275;nan;0.053;3000.0;200.0;0.0998605746589843;0.0658171901360725
21.0;20;25;0.012133533189010382;0.6134151161747275;0.04028390927569819;0.053;90.0;150.0;0.0986127877393275;0.1388966970150257
