Site;Number Data Training;Number Global Data;MSE Test;R2 Test;Quality Metric;Quality Sum;P Real;P pred;H Real Preal;H Real Ppred
3.0;20;25;0.007662540529330908;0.6197688697685146;0.04610139064228699;0.22;75.0;125.0;0.0829605078650181;0.1290618985073051
10.0;20;25;0.007662540529330908;0.6197688697685146;0.01827575978408201;0.22;100.0;125.0;0.0973990073949321;0.1156747671790141
20.0;20;25;0.007662540529330908;0.6197688697685146;nan;0.22;100.0;60.0;0.0910601462720121;0.0690811583444499
21.0;20;25;0.007662540529330908;0.6197688697685146;0.11822622052124279;0.22;90.0;250.0;0.0986127877393275;0.2168390082605703
23.0;20;25;0.007662540529330908;0.6197688697685146;0.037729339075152385;0.22;50.0;75.0;0.0951034486697061;0.1328327877448585
