Site;Number Data Training;Number Global Data;MSE Test;R2 Test;Quality Metric;Quality Sum;P Real;P pred;H Real Preal;H Real Ppred
1.0;22;27;0.0015604652842412027;0.8823506200283461;0.06287049047289771;0.063;30.0;90.0;0.0425305241829691;0.1054010146558668
2.0;22;27;0.0015604652842412027;0.8823506200283461;nan;0.063;90.0;90.0;0.0681692089993866;0.0681692089993866
6.0;22;27;0.0015604652842412027;0.8823506200283461;nan;0.063;90.0;30.0;0.0805447502647162;0.0352018987493894
16.0;22;27;0.0015604652842412027;0.8823506200283461;nan;0.063;90.0;30.0;0.0895169299721877;0.0353137113675942
21.0;22;27;0.0015604652842412027;0.8823506200283461;nan;0.063;90.0;30.0;0.0986127877393275;0.0354389533967742
