Site;Number Data Training;Number Global Data;MSE Test;R2 Test;Quality Metric;Quality Sum;P Real;P pred;H Real Preal;H Real Ppred
1.0;20;25;0.0016453714829676213;0.8806737037737942;0.022969212840433198;0.046;75.0;100.0;0.0850912692667235;0.1080604821071567
12.0;20;25;0.0016453714829676213;0.8806737037737942;nan;0.046;150.0;100.0;0.0962223954294124;0.075515837203816
16.0;20;25;0.0016453714829676213;0.8806737037737942;nan;0.046;100.0;75.0;0.0844783754487946;0.0725509104538725
17.0;20;25;0.0016453714829676213;0.8806737037737942;0.023311678069818903;0.046;75.0;100.0;0.086416666848223;0.1097283449180419
22.0;20;25;0.0016453714829676213;0.8806737037737942;nan;0.046;150.0;100.0;0.0946198779296581;0.0673529852309897
