Site;Number Data Training;Number Global Data;MSE Test;R2 Test;Quality Metric;Quality Sum;P Real;P pred;H Real Preal;H Real Ppred
1.0;20;25;0.0009822069484866566;0.9264068066957009;nan;0;30.0;30.0;0.0425305241829691;0.0425305241829691
12.0;20;25;0.0009822069484866566;0.9264068066957009;nan;0;90.0;90.0;0.0730083632551525;0.0730083632551525
16.0;20;25;0.0009822069484866566;0.9264068066957009;nan;0;90.0;90.0;0.0895169299721877;0.0895169299721877
17.0;20;25;0.0009822069484866566;0.9264068066957009;nan;0;30.0;30.0;0.0413325160789286;0.0413325160789286
22.0;20;25;0.0009822069484866566;0.9264068066957009;nan;0;90.0;30.0;0.0665826349200478;0.026952018249273
