Site;Number Data Training;Number Global Data;MSE Test;R2 Test;Quality Metric;Quality Sum;P Real;P pred;H Real Preal;H Real Ppred
1.0;22;27;0.006690713734840267;0.408611381738628;0.06287049047289771;0.063;30.0;90.0;0.0425305241829691;0.1054010146558668
6.0;22;27;0.006690713734840267;0.408611381738628;nan;0.063;90.0;30.0;0.0805447502647162;0.0352018987493894
8.0;22;27;0.006690713734840267;0.408611381738628;nan;0.063;90.0;90.0;0.0692507301025263;0.0692507301025263
14.0;22;27;0.006690713734840267;0.408611381738628;nan;0.063;90.0;90.0;0.0669928669115922;0.0669928669115922
22.0;22;27;0.006690713734840267;0.408611381738628;nan;0.063;90.0;90.0;0.0665826349200478;0.0665826349200478
