Site;Number Data Training;Number Global Data;MSE Test;R2 Test;Quality Metric;Quality Sum;P Real;P pred;H Real Preal;H Real Ppred
8.0;20;25;0.012021584148608275;-0.2275234591473132;nan;0;90.0;30.0;0.0692507301025263;0.0261748518897128
11.0;20;25;0.012021584148608275;-0.2275234591473132;nan;0;182.0;30.0;0.0809120145894057;0.020072089411818
12.0;20;25;0.012021584148608275;-0.2275234591473132;nan;0;90.0;90.0;0.0730083632551525;0.0730083632551525
21.0;20;25;0.012021584148608275;-0.2275234591473132;nan;0;90.0;90.0;0.0986127877393275;0.0986127877393275
25.0;20;25;0.012021584148608275;-0.2275234591473132;nan;0;90.0;90.0;0.0734978659430122;0.0734978659430122
