Site;Number Data Training;Number Global Data;MSE Test;R2 Test;Quality Metric;Quality Sum;P Real;P pred;H Real Preal;H Real Ppred
4.0;20;25;0.018153859356331098;0.4218939971710316;0.013202385271553596;0.11;75.0;100.0;0.0982052033382978;0.1114075886098514
7.0;20;25;0.018153859356331098;0.4218939971710316;nan;0.11;100.0;30.0;0.0904205207984803;0.0316583333666094
11.0;20;25;0.018153859356331098;0.4218939971710316;nan;0.11;330.0;50.0;0.0959083060330537;0.0284514783161753
17.0;20;25;0.018153859356331098;0.4218939971710316;nan;0.11;75.0;75.0;0.086416666848223;0.086416666848223
20.0;20;25;0.018153859356331098;0.4218939971710316;0.0969873000114521;0.11;100.0;250.0;0.0910601462720121;0.1880474462834642
