Site;Number Data Training;Number Global Data;MSE Test;R2 Test;Quality Metric;Quality Sum;P Real;P pred;H Real Preal;H Real Ppred
4.0;20;25;0.014640094376681692;0.652207990857138;0.030123867625210493;0.18;75.0;90.0;0.0982052033382978;0.1283290709635083
12.0;20;25;0.014640094376681692;0.652207990857138;nan;0.18;150.0;100.0;0.0962223954294124;0.075515837203816
21.0;20;25;0.014640094376681692;0.652207990857138;0.1500261290787484;0.18;90.0;365.0;0.0986127877393275;0.2486389168180759
24.0;20;25;0.014640094376681692;0.652207990857138;nan;0.18;75.0;30.0;0.0806796201739536;0.0306645078478985
27.0;20;25;0.014640094376681692;0.652207990857138;nan;0.18;75.0;75.0;0.0972403971442618;0.0972403971442618
