Site;Number Data Training;Number Global Data;MSE Test;R2 Test;Quality Metric;Quality Sum;P Real;P pred;H Real Preal;H Real Ppred
7.0;20;25;0.0055852370607543415;0.7203097217488428;nan;0.107;100.0;75.0;0.0904205207984803;0.0675783894922642
14.0;20;25;0.0055852370607543415;0.7203097217488428;nan;0.107;150.0;100.0;0.0918619289379249;0.068680108288561
16.0;20;25;0.0055852370607543415;0.7203097217488428;nan;0.107;100.0;75.0;0.0844783754487946;0.0725509104538725
17.0;20;25;0.0055852370607543415;0.7203097217488428;0.023311678069818903;0.107;75.0;100.0;0.086416666848223;0.1097283449180419
19.0;20;25;0.0055852370607543415;0.7203097217488428;0.08355299194062568;0.107;30.0;75.0;0.0866235149493999;0.1701765068900256
