Site;Number Data Training;Number Global Data;MSE Test;R2 Test;Quality Metric;Quality Sum;P Real;P pred;H Real Preal;H Real Ppred
1.0;24;25;0.0019812755509138204;0.9001332068654836;0.06287049047289771;0.063;30.0;90.0;0.0425305241829691;0.1054010146558668
