Site;Number Data Training;Number Global Data;MSE Test;R2 Test;Quality Metric;Quality Sum;P Real;P pred;H Real Preal;H Real Ppred
11.0;22;27;0.0057088205050020695;0.7192228892306758;nan;0;182.0;30.0;0.0809120145894057;0.020072089411818
18.0;22;27;0.0057088205050020695;0.7192228892306758;nan;0;3652.0;90.0;0.0515095706017609;0.0274766933281444
23.0;22;27;0.0057088205050020695;0.7192228892306758;nan;0;30.0;30.0;0.0601751122032808;0.0601751122032808
27.0;22;27;0.0057088205050020695;0.7192228892306758;nan;0;30.0;30.0;0.0493077354091983;0.0493077354091983
30.0;22;27;0.0057088205050020695;0.7192228892306758;nan;0;365.0;90.0;0.0943415440641389;0.0470231990120249
