Site;Number Data Training;Number Global Data;MSE Test;R2 Test;Quality Metric;Quality Sum;P Real;P pred;H Real Preal;H Real Ppred
11.0;20;25;0.017198929213868733;0.7037507767087252;nan;0.172;330.0;60.0;0.0959083060330537;0.033546352924242
15.0;20;25;0.017198929213868733;0.7037507767087252;0.0979284482959183;0.172;30.0;75.0;0.0825331753189077;0.180461623614826
17.0;20;25;0.017198929213868733;0.7037507767087252;nan;0.172;75.0;75.0;0.086416666848223;0.086416666848223
22.0;20;25;0.017198929213868733;0.7037507767087252;nan;0.172;150.0;75.0;0.0946198779296581;0.0720847793771322
23.0;20;25;0.017198929213868733;0.7037507767087252;0.07412152634774449;0.172;50.0;100.0;0.0951034486697061;0.1692249750174506
