Site;Number Data Training;Number Global Data;MSE Test;R2 Test;Quality Metric;Quality Sum;P Real;P pred;H Real Preal;H Real Ppred
1.0;20;25;0.003457252079953707;0.7492717662292556;nan;0.05;75.0;75.0;0.0850912692667235;0.0850912692667235
12.0;20;25;0.003457252079953707;0.7492717662292556;nan;0.05;150.0;75.0;0.0962223954294124;0.0617143037051616
16.0;20;25;0.003457252079953707;0.7492717662292556;nan;0.05;100.0;75.0;0.0844783754487946;0.0725509104538725
17.0;20;25;0.003457252079953707;0.7492717662292556;0.0496228714611027;0.05;75.0;125.0;0.086416666848223;0.1360395383093257
22.0;20;25;0.003457252079953707;0.7492717662292556;nan;0.05;150.0;125.0;0.0946198779296581;0.0860241819163684
