Site;Number Data Training;Number Global Data;MSE Test;R2 Test;Quality Metric;Quality Sum;P Real;P pred;H Real Preal;H Real Ppred
4.0;20;25;0.016514157399897034;0.3679842638991686;nan;0;30.0;30.0;0.0343745209691433;0.0343745209691433
16.0;20;25;0.016514157399897034;0.3679842638991686;nan;0;90.0;30.0;0.0895169299721877;0.0353137113675942
18.0;20;25;0.016514157399897034;0.3679842638991686;nan;0;3652.0;30.0;0.0515095706017609;0.013022431319224
20.0;20;25;0.016514157399897034;0.3679842638991686;nan;0;90.0;90.0;0.0939738204160915;0.0939738204160915
25.0;20;25;0.016514157399897034;0.3679842638991686;nan;0;90.0;90.0;0.0734978659430122;0.0734978659430122
