Site;Number Data Training;Number Global Data;MSE Test;R2 Test;Quality Metric;Quality Sum;P Real;P pred;H Real Preal;H Real Ppred
15.0;20;25;0.018480491220062904;0.6217984921833767;nan;0;30.0;30.0;0.0825331753189077;0.0825331753189077
16.0;20;25;0.018480491220062904;0.6217984921833767;nan;0;90.0;90.0;0.0895169299721877;0.0895169299721877
17.0;20;25;0.018480491220062904;0.6217984921833767;nan;0;30.0;30.0;0.0413325160789286;0.0413325160789286
20.0;20;25;0.018480491220062904;0.6217984921833767;nan;0;90.0;90.0;0.0939738204160915;0.0939738204160915
30.0;20;25;0.018480491220062904;0.6217984921833767;nan;0;365.0;90.0;0.0943415440641389;0.0470231990120249
