Site;Number Data Training;Number Global Data;MSE Test;R2 Test;Quality Metric;Quality Sum;P Real;P pred;H Real Preal;H Real Ppred
1.0;20;25;0.030601814427027543;0.5596899309271686;0.06287049047289771;0.063;30.0;90.0;0.0425305241829691;0.1054010146558668
4.0;20;25;0.030601814427027543;0.5596899309271686;nan;0.063;30.0;30.0;0.0343745209691433;0.0343745209691433
15.0;20;25;0.030601814427027543;0.5596899309271686;nan;0.063;30.0;30.0;0.0825331753189077;0.0825331753189077
24.0;20;25;0.030601814427027543;0.5596899309271686;nan;0.063;30.0;30.0;0.0306645078478985;0.0306645078478985
30.0;20;25;0.030601814427027543;0.5596899309271686;nan;0.063;365.0;90.0;0.0943415440641389;0.0470231990120249
