Site;Number Data Training;Number Global Data;MSE Test;R2 Test;Quality Metric;Quality Sum;P Real;P pred;H Real Preal;H Real Ppred
3.0;20;25;0.025121498400337092;0.5333519603077339;0.06230770324085481;0.161;30.0;90.0;0.0404493979934081;0.1027571012342629
15.0;20;25;0.025121498400337092;0.5333519603077339;nan;0.161;30.0;30.0;0.0825331753189077;0.0825331753189077
18.0;20;25;0.025121498400337092;0.5333519603077339;nan;0.161;3652.0;90.0;0.0515095706017609;0.0274766933281444
28.0;20;25;0.025121498400337092;0.5333519603077339;0.09894812544548881;0.161;30.0;90.0;0.056126814949097;0.1550749403945858
30.0;20;25;0.025121498400337092;0.5333519603077339;nan;0.161;365.0;90.0;0.0943415440641389;0.0470231990120249
