Site;Number Data Training;Number Global Data;MSE Test;R2 Test;Quality Metric;Quality Sum;P Real;P pred;H Real Preal;H Real Ppred
8.0;20;25;0.03411989339735315;0.013780436225631743;nan;0.133;125.0;75.0;0.0867459868794762;0.0551663282849413
17.0;20;25;0.03411989339735315;0.013780436225631743;0.0496228714611027;0.133;75.0;125.0;0.086416666848223;0.1360395383093257
19.0;20;25;0.03411989339735315;0.013780436225631743;0.08355299194062568;0.133;30.0;75.0;0.0866235149493999;0.1701765068900256
23.0;20;25;0.03411989339735315;0.013780436225631743;nan;0.133;50.0;50.0;0.0951034486697061;0.0951034486697061
24.0;20;25;0.03411989339735315;0.013780436225631743;nan;0.133;75.0;30.0;0.0806796201739536;0.0306645078478985
