Site;Number Data Training;Number Global Data;MSE Test;R2 Test;Quality Metric;Quality Sum;P Real;P pred;H Real Preal;H Real Ppred
1.0;20;25;0.014408601160695835;0.28552053266017885;nan;0;30.0;30.0;0.0425305241829691;0.0425305241829691
8.0;20;25;0.014408601160695835;0.28552053266017885;nan;0;90.0;30.0;0.0692507301025263;0.0261748518897128
19.0;20;25;0.014408601160695835;0.28552053266017885;nan;0;30.0;30.0;0.0866235149493999;0.0866235149493999
20.0;20;25;0.014408601160695835;0.28552053266017885;nan;0;90.0;30.0;0.0939738204160915;0.0363035232843364
22.0;20;25;0.014408601160695835;0.28552053266017885;nan;0;90.0;90.0;0.0665826349200478;0.0665826349200478
