Site;Number Data Training;Number Global Data;MSE Test;R2 Test;Quality Metric;Quality Sum;P Real;P pred;H Real Preal;H Real Ppred
3.0;22;27;0.0016024646986416305;0.8217038769999981;0.06230770324085481;0.062;30.0;90.0;0.0404493979934081;0.1027571012342629
6.0;22;27;0.0016024646986416305;0.8217038769999981;nan;0.062;90.0;30.0;0.0805447502647162;0.0352018987493894
10.0;22;27;0.0016024646986416305;0.8217038769999981;nan;0.062;90.0;90.0;0.0915538363720714;0.0915538363720714
12.0;22;27;0.0016024646986416305;0.8217038769999981;nan;0.062;90.0;90.0;0.0730083632551525;0.0730083632551525
25.0;22;27;0.0016024646986416305;0.8217038769999981;nan;0.062;90.0;90.0;0.0734978659430122;0.0734978659430122
