Site;Number Data Training;Number Global Data;MSE Test;R2 Test;Quality Metric;Quality Sum;P Real;P pred;H Real Preal;H Real Ppred
10.0;22;27;0.0052813283463161685;0.7761590132542197;nan;0.099;90.0;90.0;0.0915538363720714;0.0915538363720714
14.0;22;27;0.0052813283463161685;0.7761590132542197;nan;0.099;90.0;90.0;0.0669928669115922;0.0669928669115922
23.0;22;27;0.0052813283463161685;0.7761590132542197;nan;0.099;30.0;30.0;0.0601751122032808;0.0601751122032808
28.0;22;27;0.0052813283463161685;0.7761590132542197;0.09894812544548881;0.099;30.0;90.0;0.056126814949097;0.1550749403945858
30.0;22;27;0.0052813283463161685;0.7761590132542197;nan;0.099;365.0;90.0;0.0943415440641389;0.0470231990120249
