Site;Number Data Training;Number Global Data;MSE Test;R2 Test;Quality Metric;Quality Sum;P Real;P pred;H Real Preal;H Real Ppred
7.0;22;27;0.0031689250321671717;0.7791723275103766;nan;0;90.0;90.0;0.086542647569335;0.086542647569335
25.0;22;27;0.0031689250321671717;0.7791723275103766;nan;0;90.0;90.0;0.0734978659430122;0.0734978659430122
27.0;22;27;0.0031689250321671717;0.7791723275103766;nan;0;30.0;30.0;0.0493077354091983;0.0493077354091983
29.0;22;27;0.0031689250321671717;0.7791723275103766;nan;0;90.0;30.0;0.098923572533551;0.0532782227856177
30.0;22;27;0.0031689250321671717;0.7791723275103766;nan;0;365.0;90.0;0.0943415440641389;0.0470231990120249
