Site;Number Data Training;Number Global Data;MSE Test;R2 Test;Quality Metric;Quality Sum;P Real;P pred;H Real Preal;H Real Ppred
1.0;20;25;0.01611014832794303;-0.06523508941738365;0.022969212840433198;0.148;75.0;100.0;0.0850912692667235;0.1080604821071567
3.0;20;25;0.01611014832794303;-0.06523508941738365;0.021789937316753702;0.148;75.0;100.0;0.0829605078650181;0.1047504451817718
17.0;20;25;0.01611014832794303;-0.06523508941738365;nan;0.148;75.0;30.0;0.086416666848223;0.0413325160789286
20.0;20;25;0.01611014832794303;-0.06523508941738365;0.1028640221111458;0.148;100.0;365.0;0.0910601462720121;0.1939241683831579
22.0;20;25;0.01611014832794303;-0.06523508941738365;nan;0.148;150.0;125.0;0.0946198779296581;0.0860241819163684
