Site;Number Data Training;Number Global Data;MSE Test;R2 Test;Quality Metric;Quality Sum;P Real;P pred;H Real Preal;H Real Ppred
1.0;20;25;0.017226114434821152;0.45008266558542;0.022969212840433198;0.046;75.0;100.0;0.0850912692667235;0.1080604821071567
4.0;20;25;0.017226114434821152;0.45008266558542;nan;0.046;75.0;45.0;0.0982052033382978;0.0552578951093874
7.0;20;25;0.017226114434821152;0.45008266558542;0.0232595604167075;0.046;100.0;125.0;0.0904205207984803;0.1136800812151878
8.0;20;25;0.017226114434821152;0.45008266558542;nan;0.046;125.0;50.0;0.0867459868794762;0.0411498392865107
16.0;20;25;0.017226114434821152;0.45008266558542;nan;0.046;100.0;75.0;0.0844783754487946;0.0725509104538725
