Site;Number Data Training;Number Global Data;MSE Test;R2 Test;Quality Metric;Quality Sum;P Real;P pred;H Real Preal;H Real Ppred
4.0;20;25;0.021093719877728283;0.518015625097316;0.013202385271553596;0.016;75.0;100.0;0.0982052033382978;0.1114075886098514
11.0;20;25;0.021093719877728283;0.518015625097316;nan;0.016;330.0;75.0;0.0959083060330537;0.0368904258739981
18.0;20;25;0.021093719877728283;0.518015625097316;nan;0.016;3652.0;125.0;0.0515095706017609;0.0342707370975021
21.0;20;25;0.021093719877728283;0.518015625097316;0.0027304464335027034;0.016;90.0;100.0;0.0986127877393275;0.1013432341728302
24.0;20;25;0.021093719877728283;0.518015625097316;nan;0.016;75.0;45.0;0.0806796201739536;0.049342016507786
