Site;Number Data Training;Number Global Data;MSE Test;R2 Test;Quality Metric;Quality Sum;P Real;P pred;H Real Preal;H Real Ppred
12.0;20;25;0.006612146650310104;0.60221501455896;nan;0.084;150.0;100.0;0.0962223954294124;0.075515837203816
19.0;20;25;0.006612146650310104;0.60221501455896;0.08355299194062568;0.084;30.0;75.0;0.0866235149493999;0.1701765068900256
20.0;20;25;0.006612146650310104;0.60221501455896;nan;0.084;100.0;75.0;0.0910601462720121;0.0760837005891203
25.0;20;25;0.006612146650310104;0.60221501455896;nan;0.084;125.0;125.0;0.0940222321495014;0.0940222321495014
30.0;20;25;0.006612146650310104;0.60221501455896;nan;0.084;365.0;90.0;0.0943415440641389;0.0470231990120249
