Site;Number Data Training;Number Global Data;MSE Test;R2 Test;Quality Metric;Quality Sum;P Real;P pred;H Real Preal;H Real Ppred
19.0;24;25;0.0651579810553056;-1.2656151364111117;0.125902378272696;0.126;30.0;100.0;0.0866235149493999;0.2125258932220959
