Site;Number Data Training;Number Global Data;MSE Test;R2 Test;Quality Metric;Quality Sum;P Real;P pred;H Real Preal;H Real Ppred
3.0;20;25;0.006428717482269649;0.692545578354087;0.0602517744568109;0.186;75.0;150.0;0.0829605078650181;0.143212282321829
12.0;20;25;0.006428717482269649;0.692545578354087;nan;0.186;150.0;100.0;0.0962223954294124;0.075515837203816
17.0;20;25;0.006428717482269649;0.692545578354087;0.0496228714611027;0.186;75.0;125.0;0.086416666848223;0.1360395383093257
27.0;20;25;0.006428717482269649;0.692545578354087;0.01983004732601369;0.186;75.0;100.0;0.0972403971442618;0.1170704444702755
28.0;20;25;0.006428717482269649;0.692545578354087;0.05616145497135011;0.186;50.0;100.0;0.0912401650277275;0.1474016199990776
