Site;Number Data Training;Number Global Data;MSE Test;R2 Test;Quality Metric;Quality Sum;P Real;P pred;H Real Preal;H Real Ppred
4.0;22;27;0.0129323256529983;0.6352526755893669;nan;0;30.0;30.0;0.0343745209691433;0.0343745209691433
10.0;22;27;0.0129323256529983;0.6352526755893669;nan;0;90.0;90.0;0.0915538363720714;0.0915538363720714
22.0;22;27;0.0129323256529983;0.6352526755893669;nan;0;90.0;90.0;0.0665826349200478;0.0665826349200478
24.0;22;27;0.0129323256529983;0.6352526755893669;nan;0;30.0;30.0;0.0306645078478985;0.0306645078478985
25.0;22;27;0.0129323256529983;0.6352526755893669;nan;0;90.0;90.0;0.0734978659430122;0.0734978659430122
