Site;Number Data Training;Number Global Data;MSE Test;R2 Test;Quality Metric;Quality Sum;P Real;P pred;H Real Preal;H Real Ppred
4.0;20;25;0.018332129705411773;0.4162170137314737;0.030123867625210493;0.053;75.0;90.0;0.0982052033382978;0.1283290709635083
7.0;20;25;0.018332129705411773;0.4162170137314737;0.0232595604167075;0.053;100.0;125.0;0.0904205207984803;0.1136800812151878
11.0;20;25;0.018332129705411773;0.4162170137314737;nan;0.053;330.0;60.0;0.0959083060330537;0.033546352924242
17.0;20;25;0.018332129705411773;0.4162170137314737;nan;0.053;75.0;75.0;0.086416666848223;0.086416666848223
20.0;20;25;0.018332129705411773;0.4162170137314737;nan;0.053;100.0;50.0;0.0910601462720121;0.0583231261672882
