Site;Number Data Training;Number Global Data;MSE Test;R2 Test;Quality Metric;Quality Sum;P Real;P pred;H Real Preal;H Real Ppred
1.0;20;25;0.006590861562786693;0.7880923857523882;nan;0.084;75.0;75.0;0.0850912692667235;0.0850912692667235
19.0;20;25;0.006590861562786693;0.7880923857523882;0.08355299194062568;0.084;30.0;75.0;0.0866235149493999;0.1701765068900256
20.0;20;25;0.006590861562786693;0.7880923857523882;nan;0.084;100.0;75.0;0.0910601462720121;0.0760837005891203
24.0;20;25;0.006590861562786693;0.7880923857523882;nan;0.084;75.0;45.0;0.0806796201739536;0.049342016507786
30.0;20;25;0.006590861562786693;0.7880923857523882;nan;0.084;365.0;75.0;0.0943415440641389;0.0397819268309972
