Site;Number Data Training;Number Global Data;MSE Test;R2 Test;Quality Metric;Quality Sum;P Real;P pred;H Real Preal;H Real Ppred
19.0;26;27;0.032781612896899834;0.1104981454293078;0.11528048195616689;0.115;30.0;90.0;0.0866235149493999;0.2019039969055668
