Site;Number Data Training;Number Global Data;MSE Test;R2 Test;Quality Metric;Quality Sum;P Real;P pred;H Real Preal;H Real Ppred
15.0;20;25;0.02312570483713478;0.5606879199644619;0.0979284482959183;0.123;30.0;75.0;0.0825331753189077;0.180461623614826
16.0;20;25;0.02312570483713478;0.5606879199644619;0.024675435802241102;0.123;100.0;125.0;0.0844783754487946;0.1091538112510357
17.0;20;25;0.02312570483713478;0.5606879199644619;nan;0.123;75.0;30.0;0.086416666848223;0.0413325160789286
20.0;20;25;0.02312570483713478;0.5606879199644619;nan;0.123;100.0;75.0;0.0910601462720121;0.0760837005891203
30.0;20;25;0.02312570483713478;0.5606879199644619;nan;0.123;365.0;75.0;0.0943415440641389;0.0397819268309972
