Site;Number Data Training;Number Global Data;MSE Test;R2 Test;Quality Metric;Quality Sum;P Real;P pred;H Real Preal;H Real Ppred
1.0;20;25;0.01242761925209066;0.7528329095035604;0.06287049047289771;0.063;30.0;90.0;0.0425305241829691;0.1054010146558668
7.0;20;25;0.01242761925209066;0.7528329095035604;nan;0.063;90.0;90.0;0.086542647569335;0.086542647569335
11.0;20;25;0.01242761925209066;0.7528329095035604;nan;0.063;182.0;30.0;0.0809120145894057;0.020072089411818
12.0;20;25;0.01242761925209066;0.7528329095035604;nan;0.063;90.0;90.0;0.0730083632551525;0.0730083632551525
15.0;20;25;0.01242761925209066;0.7528329095035604;nan;0.063;30.0;30.0;0.0825331753189077;0.0825331753189077
