Site;Number Data Training;Number Global Data;MSE Test;R2 Test;Quality Metric;Quality Sum;P Real;P pred;H Real Preal;H Real Ppred
1.0;20;25;0.01899501378453851;0.44185190544138475;nan;0;30.0;30.0;0.0425305241829691;0.0425305241829691
4.0;20;25;0.01899501378453851;0.44185190544138475;nan;0;30.0;30.0;0.0343745209691433;0.0343745209691433
18.0;20;25;0.01899501378453851;0.44185190544138475;nan;0;3652.0;30.0;0.0515095706017609;0.013022431319224
19.0;20;25;0.01899501378453851;0.44185190544138475;nan;0;30.0;30.0;0.0866235149493999;0.0866235149493999
30.0;20;25;0.01899501378453851;0.44185190544138475;nan;0;365.0;30.0;0.0943415440641389;0.0218219316716011
