Site;Number Data Training;Number Global Data;MSE Test;R2 Test;Quality Metric;Quality Sum;P Real;P pred;H Real Preal;H Real Ppred
4.0;20;25;0.034711562725853955;0.49832818059287576;nan;0.098;75.0;75.0;0.0982052033382978;0.0982052033382978
11.0;20;25;0.034711562725853955;0.49832818059287576;nan;0.098;330.0;75.0;0.0959083060330537;0.0368904258739981
15.0;20;25;0.034711562725853955;0.49832818059287576;0.0979284482959183;0.098;30.0;75.0;0.0825331753189077;0.180461623614826
18.0;20;25;0.034711562725853955;0.49832818059287576;nan;0.098;3652.0;100.0;0.0515095706017609;0.0298563797653111
29.0;20;25;0.034711562725853955;0.49832818059287576;nan;0.098;90.0;30.0;0.098923572533551;0.0532782227856177
