Site;Number Data Training;Number Global Data;MSE Test;R2 Test;Quality Metric;Quality Sum;P Real;P pred;H Real Preal;H Real Ppred
4.0;20;25;0.015736727036421948;0.49886709012848396;0.013202385271553596;0.037;75.0;100.0;0.0982052033382978;0.1114075886098514
7.0;20;25;0.015736727036421948;0.49886709012848396;nan;0.037;100.0;75.0;0.0904205207984803;0.0675783894922642
11.0;20;25;0.015736727036421948;0.49886709012848396;nan;0.037;330.0;75.0;0.0959083060330537;0.0368904258739981
17.0;20;25;0.015736727036421948;0.49886709012848396;0.023311678069818903;0.037;75.0;100.0;0.086416666848223;0.1097283449180419
20.0;20;25;0.015736727036421948;0.49886709012848396;nan;0.037;100.0;75.0;0.0910601462720121;0.0760837005891203
