Site;Number Data Training;Number Global Data;MSE Test;R2 Test;Quality Metric;Quality Sum;P Real;P pred;H Real Preal;H Real Ppred
4.0;20;25;0.027607693343394128;0.5832506728627824;0.09395454999436499;0.094;30.0;90.0;0.0343745209691433;0.1283290709635083
11.0;20;25;0.027607693343394128;0.5832506728627824;nan;0.094;182.0;30.0;0.0809120145894057;0.020072089411818
15.0;20;25;0.027607693343394128;0.5832506728627824;nan;0.094;30.0;30.0;0.0825331753189077;0.0825331753189077
23.0;20;25;0.027607693343394128;0.5832506728627824;nan;0.094;30.0;30.0;0.0601751122032808;0.0601751122032808
30.0;20;25;0.027607693343394128;0.5832506728627824;nan;0.094;365.0;90.0;0.0943415440641389;0.0470231990120249
