Site;Number Data Training;Number Global Data;MSE Test;R2 Test;Quality Metric;Quality Sum;P Real;P pred;H Real Preal;H Real Ppred
13.0;20;25;0.012047580722358881;0.5366368396363854;nan;0.24;3000.0;200.0;0.0998605746589843;0.0658171901360725
19.0;20;25;0.012047580722358881;0.5366368396363854;0.1814713856607949;0.24;30.0;150.0;0.0866235149493999;0.2680949006101948
21.0;20;25;0.012047580722358881;0.5366368396363854;0.0027304464335027034;0.24;90.0;100.0;0.0986127877393275;0.1013432341728302
22.0;20;25;0.012047580722358881;0.5366368396363854;nan;0.24;150.0;90.0;0.0946198779296581;0.0665826349200478
28.0;20;25;0.012047580722358881;0.5366368396363854;0.05616145497135011;0.24;50.0;100.0;0.0912401650277275;0.1474016199990776
