Site;Number Data Training;Number Global Data;MSE Test;R2 Test;Quality Metric;Quality Sum;P Real;P pred;H Real Preal;H Real Ppred
1.0;20;25;0.011949524581843776;0.4431864311255649;0.06287049047289771;0.063;30.0;90.0;0.0425305241829691;0.1054010146558668
11.0;20;25;0.011949524581843776;0.4431864311255649;nan;0.063;182.0;30.0;0.0809120145894057;0.020072089411818
18.0;20;25;0.011949524581843776;0.4431864311255649;nan;0.063;3652.0;90.0;0.0515095706017609;0.0274766933281444
21.0;20;25;0.011949524581843776;0.4431864311255649;nan;0.063;90.0;90.0;0.0986127877393275;0.0986127877393275
23.0;20;25;0.011949524581843776;0.4431864311255649;nan;0.063;30.0;30.0;0.0601751122032808;0.0601751122032808
