Site;Number Data Training;Number Global Data;MSE Test;R2 Test;Quality Metric;Quality Sum;P Real;P pred;H Real Preal;H Real Ppred
3.0;20;25;0.005601037017810405;0.6874521502497867;0.06230770324085481;0.168;30.0;90.0;0.0404493979934081;0.1027571012342629
13.0;20;25;0.005601037017810405;0.6874521502497867;nan;0.168;3652.0;90.0;0.0993700430118872;0.0459743068795799
22.0;20;25;0.005601037017810405;0.6874521502497867;nan;0.168;90.0;90.0;0.0665826349200478;0.0665826349200478
23.0;20;25;0.005601037017810405;0.6874521502497867;0.1053827308659946;0.168;30.0;90.0;0.0601751122032808;0.1655578430692754
30.0;20;25;0.005601037017810405;0.6874521502497867;nan;0.168;365.0;30.0;0.0943415440641389;0.0218219316716011
