Site;SubCatch;Number Data Training;Number Global Data;MSE Test;R2 Test;Quality Metric;Quality Sum;P Real;P pred;H Real Preal;H Real Ppred
35;8;34;35;0.01344739548530152;0.24106783243350727;0.2854691337363842;0.285;60;365;0.0036062255865010003;0.2890753593228852
