Site;Number Data Training;Number Global Data;MSE Test;R2 Test;Quality Metric;Quality Sum;P Real;P pred;H Real Preal;H Real Ppred
7.0;20;25;0.005065842112739134;0.7986537597648544;nan;0;90.0;30.0;0.086542647569335;0.0316583333666094
11.0;20;25;0.005065842112739134;0.7986537597648544;nan;0;182.0;30.0;0.0809120145894057;0.020072089411818
16.0;20;25;0.005065842112739134;0.7986537597648544;nan;0;90.0;30.0;0.0895169299721877;0.0353137113675942
21.0;20;25;0.005065842112739134;0.7986537597648544;nan;0;90.0;90.0;0.0986127877393275;0.0986127877393275
24.0;20;25;0.005065842112739134;0.7986537597648544;nan;0;30.0;30.0;0.0306645078478985;0.0306645078478985
