Site;Number Data Training;Number Global Data;MSE Test;R2 Test;Quality Metric;Quality Sum;P Real;P pred;H Real Preal;H Real Ppred
17.0;24;25;0.001411221730612864;0.9075668564435694;0.04962287146110271;0.05;75.0;125.0;0.08641666684822298;0.1360395383093257
