Site;Number Data Training;Number Global Data;MSE Test;R2 Test;Quality Metric;Quality Sum;P Real;P pred;H Real Preal;H Real Ppred
17.0;4;5;0.004634486524706611;0.6964473059364579;0.0496228714611027;0.05;75.0;125.0;0.086416666848223;0.1360395383093257
