Site;Number Data Training;Number Global Data;MSE Test;R2 Test;Quality Metric;Quality Sum;P Real;P pred;H Real Preal;H Real Ppred
3.0;24;25;0.0009108291357707271;0.9296437828823508;0.04610139064228699;0.046;75.0;125.0;0.0829605078650181;0.1290618985073051
