Site;Number Data Training;Number Global Data;MSE Test;R2 Test;Quality Metric;Quality Sum;P Real;P pred;H Real Preal;H Real Ppred
3.0;24;25;0.0004333832332686877;0.9699854185237278;0.06230770324085481;0.062;30.0;90.0;0.0404493979934081;0.1027571012342629
