Site;SubCatch;Number Data Training;Number Global Data;MSE Test;R2 Test;Quality Metric;Quality Sum;P Real;P pred;H Real Preal;H Real Ppred
37;2;19;20;0.042906961882811935;0.36898303509154806;0.1109080016999349;0.111;30;90;0.0412643172482057;0.1521723189481406
