Site;Number Data Training;Number Global Data;MSE Test;R2 Test;Quality Metric;Quality Sum;P Real;P pred;H Real Preal;H Real Ppred
15.0;20;25;0.01998541887468294;0.6560722051553383;nan;0.069;30.0;30.0;0.0825331753189077;0.0825331753189077
20.0;20;25;0.01998541887468294;0.6560722051553383;nan;0.069;90.0;90.0;0.0939738204160915;0.0939738204160915
24.0;20;25;0.01998541887468294;0.6560722051553383;nan;0.069;30.0;30.0;0.0306645078478985;0.0306645078478985
27.0;20;25;0.01998541887468294;0.6560722051553383;0.06916025460476449;0.069;30.0;90.0;0.0493077354091983;0.1184679900139628
29.0;20;25;0.01998541887468294;0.6560722051553383;nan;0.069;90.0;90.0;0.098923572533551;0.098923572533551
