Site;Number Data Training;Number Global Data;MSE Test;R2 Test;Quality Metric;Quality Sum;P Real;P pred;H Real Preal;H Real Ppred
4.0;20;25;0.01553729412594305;0.5927771911813984;0.09395454999436499;0.298;30.0;90.0;0.0343745209691433;0.1283290709635083
8.0;20;25;0.01553729412594305;0.5927771911813984;nan;0.298;90.0;90.0;0.0692507301025263;0.0692507301025263
17.0;20;25;0.01553729412594305;0.5927771911813984;nan;0.298;30.0;30.0;0.0413325160789286;0.0413325160789286
23.0;20;25;0.01553729412594305;0.5927771911813984;0.1053827308659946;0.298;30.0;90.0;0.0601751122032808;0.1655578430692754
28.0;20;25;0.01553729412594305;0.5927771911813984;0.09894812544548881;0.298;30.0;90.0;0.056126814949097;0.1550749403945858
