Site;Number Data Training;Number Global Data;MSE Test;R2 Test;Quality Metric;Quality Sum;P Real;P pred;H Real Preal;H Real Ppred
1.0;20;25;0.008367909259746583;0.4929532329277183;0.022969212840433198;0.023;75.0;100.0;0.0850912692667235;0.1080604821071567
18.0;20;25;0.008367909259746583;0.4929532329277183;nan;0.023;3652.0;125.0;0.0515095706017609;0.0342707370975021
20.0;20;25;0.008367909259746583;0.4929532329277183;nan;0.023;100.0;75.0;0.0910601462720121;0.0760837005891203
27.0;20;25;0.008367909259746583;0.4929532329277183;nan;0.023;75.0;75.0;0.0972403971442618;0.0972403971442618
29.0;20;25;0.008367909259746583;0.4929532329277183;nan;0.023;90.0;30.0;0.098923572533551;0.0532782227856177
