Site;Number Data Training;Number Global Data;MSE Test;R2 Test;Quality Metric;Quality Sum;P Real;P pred;H Real Preal;H Real Ppred
3.0;20;25;0.005397011458456396;0.6905783117161443;0.06230770324085481;0.161;30.0;90.0;0.0404493979934081;0.1027571012342629
20.0;20;25;0.005397011458456396;0.6905783117161443;nan;0.161;90.0;30.0;0.0939738204160915;0.0363035232843364
22.0;20;25;0.005397011458456396;0.6905783117161443;nan;0.161;90.0;90.0;0.0665826349200478;0.0665826349200478
25.0;20;25;0.005397011458456396;0.6905783117161443;nan;0.161;90.0;90.0;0.0734978659430122;0.0734978659430122
28.0;20;25;0.005397011458456396;0.6905783117161443;0.09894812544548881;0.161;30.0;90.0;0.056126814949097;0.1550749403945858
