Site;Number Data Training;Number Global Data;MSE Test;R2 Test;Quality Metric;Quality Sum;P Real;P pred;H Real Preal;H Real Ppred
1.0;20;25;0.017540905648397227;0.12895979473150299;0.022969212840433198;0.042;75.0;100.0;0.0850912692667235;0.1080604821071567
8.0;20;25;0.017540905648397227;0.12895979473150299;nan;0.042;125.0;100.0;0.0867459868794762;0.0671801751349022
10.0;20;25;0.017540905648397227;0.12895979473150299;nan;0.042;100.0;100.0;0.0973990073949321;0.0973990073949321
16.0;20;25;0.017540905648397227;0.12895979473150299;nan;0.042;100.0;90.0;0.0844783754487946;0.0895169299721877
23.0;20;25;0.017540905648397227;0.12895979473150299;0.019244970556029098;0.042;50.0;60.0;0.0951034486697061;0.1143484192257352
