Site;Number Data Training;Number Global Data;MSE Test;R2 Test;Quality Metric;Quality Sum;P Real;P pred;H Real Preal;H Real Ppred
7.0;22;27;0.008263299090289049;0.7149366754425257;nan;0.115;90.0;90.0;0.086542647569335;0.086542647569335
10.0;22;27;0.008263299090289049;0.7149366754425257;nan;0.115;90.0;90.0;0.0915538363720714;0.0915538363720714
19.0;22;27;0.008263299090289049;0.7149366754425257;0.11528048195616689;0.115;30.0;90.0;0.0866235149493999;0.2019039969055668
23.0;22;27;0.008263299090289049;0.7149366754425257;nan;0.115;30.0;30.0;0.0601751122032808;0.0601751122032808
27.0;22;27;0.008263299090289049;0.7149366754425257;nan;0.115;30.0;30.0;0.0493077354091983;0.0493077354091983
