Site;Number Data Training;Number Global Data;MSE Test;R2 Test;Quality Metric;Quality Sum;P Real;P pred;H Real Preal;H Real Ppred
1.0;20;25;0.04191427526492877;0.43570989994885945;0.020309745389143305;0.118;75.0;90.0;0.0850912692667235;0.1054010146558668
4.0;20;25;0.04191427526492877;0.43570989994885945;nan;0.118;75.0;60.0;0.0982052033382978;0.0777451642775314
15.0;20;25;0.04191427526492877;0.43570989994885945;0.0979284482959183;0.118;30.0;75.0;0.0825331753189077;0.180461623614826
24.0;20;25;0.04191427526492877;0.43570989994885945;nan;0.118;75.0;60.0;0.0806796201739536;0.0641990374270417
30.0;20;25;0.04191427526492877;0.43570989994885945;nan;0.118;365.0;100.0;0.0943415440641389;0.0491261932172611
