Site;Number Data Training;Number Global Data;MSE Test;R2 Test;Quality Metric;Quality Sum;P Real;P pred;H Real Preal;H Real Ppred
3.0;20;25;0.005682930553654524;0.6833995450722256;0.06230770324085481;0.227;30.0;90.0;0.0404493979934081;0.1027571012342629
10.0;20;25;0.005682930553654524;0.6833995450722256;nan;0.227;90.0;90.0;0.0915538363720714;0.0915538363720714
17.0;20;25;0.005682930553654524;0.6833995450722256;0.0653970705161301;0.227;30.0;90.0;0.0413325160789286;0.1067295865950587
28.0;20;25;0.005682930553654524;0.6833995450722256;0.09894812544548881;0.227;30.0;90.0;0.056126814949097;0.1550749403945858
30.0;20;25;0.005682930553654524;0.6833995450722256;nan;0.227;365.0;30.0;0.0943415440641389;0.0218219316716011
