Site;Number Data Training;Number Global Data;MSE Test;R2 Test;Quality Metric;Quality Sum;P Real;P pred;H Real Preal;H Real Ppred
1.0;20;25;0.010104956506302849;0.5119773739247977;nan;0;30.0;30.0;0.0425305241829691;0.0425305241829691
8.0;20;25;0.010104956506302849;0.5119773739247977;nan;0;90.0;30.0;0.0692507301025263;0.0261748518897128
14.0;20;25;0.010104956506302849;0.5119773739247977;nan;0;90.0;90.0;0.0669928669115922;0.0669928669115922
16.0;20;25;0.010104956506302849;0.5119773739247977;nan;0;90.0;30.0;0.0895169299721877;0.0353137113675942
23.0;20;25;0.010104956506302849;0.5119773739247977;nan;0;30.0;30.0;0.0601751122032808;0.0601751122032808
