Site;Number Data Training;Number Global Data;MSE Test;R2 Test;Quality Metric;Quality Sum;P Real;P pred;H Real Preal;H Real Ppred
13.0;22;27;0.007123929920357068;0.7314303238640377;nan;0;3652.0;90.0;0.0993700430118872;0.0459743068795799
14.0;22;27;0.007123929920357068;0.7314303238640377;nan;0;90.0;90.0;0.0669928669115922;0.0669928669115922
24.0;22;27;0.007123929920357068;0.7314303238640377;nan;0;30.0;30.0;0.0306645078478985;0.0306645078478985
25.0;22;27;0.007123929920357068;0.7314303238640377;nan;0;90.0;90.0;0.0734978659430122;0.0734978659430122
28.0;22;27;0.007123929920357068;0.7314303238640377;nan;0;30.0;30.0;0.056126814949097;0.056126814949097
