Site;Number Data Training;Number Global Data;MSE Test;R2 Test;Quality Metric;Quality Sum;P Real;P pred;H Real Preal;H Real Ppred
3.0;20;25;0.003132393954029373;0.7460223069783598;0.04610139064228699;0.046;75.0;125.0;0.0829605078650181;0.1290618985073051
7.0;20;25;0.003132393954029373;0.7460223069783598;nan;0.046;100.0;75.0;0.0904205207984803;0.0675783894922642
14.0;20;25;0.003132393954029373;0.7460223069783598;nan;0.046;150.0;90.0;0.0918619289379249;0.0669928669115922
16.0;20;25;0.003132393954029373;0.7460223069783598;nan;0.046;100.0;75.0;0.0844783754487946;0.0725509104538725
29.0;20;25;0.003132393954029373;0.7460223069783598;nan;0.046;90.0;45.0;0.098923572533551;0.0733820123933489
