Site;Number Data Training;Number Global Data;MSE Test;R2 Test;Quality Metric;Quality Sum;P Real;P pred;H Real Preal;H Real Ppred
1.0;20;25;0.00715426717660607;0.6555578866483573;0.06287049047289771;0.063;30.0;90.0;0.0425305241829691;0.1054010146558668
8.0;20;25;0.00715426717660607;0.6555578866483573;nan;0.063;90.0;90.0;0.0692507301025263;0.0692507301025263
10.0;20;25;0.00715426717660607;0.6555578866483573;nan;0.063;90.0;90.0;0.0915538363720714;0.0915538363720714
16.0;20;25;0.00715426717660607;0.6555578866483573;nan;0.063;90.0;30.0;0.0895169299721877;0.0353137113675942
23.0;20;25;0.00715426717660607;0.6555578866483573;nan;0.063;30.0;30.0;0.0601751122032808;0.0601751122032808
