Site;SubCatch;Number Data Training;Number Global Data;MSE Test;R2 Test;Quality Metric;Quality Sum;P Real;P pred;H Real Preal;H Real Ppred
37;7;34;35;0.01117709931535732;0.279718620090195;0.20760115629053233;0.208;30;182;0.0460388261395875;0.2536399824301198
