Site;Number Data Training;Number Global Data;MSE Test;R2 Test;Quality Metric;Quality Sum;P Real;P pred;H Real Preal;H Real Ppred
11.0;22;27;0.011297834483162492;0.6167948930166427;nan;0.181;182.0;30.0;0.0809120145894057;0.020072089411818
17.0;22;27;0.011297834483162492;0.6167948930166427;0.0653970705161301;0.181;30.0;90.0;0.0413325160789286;0.1067295865950587
19.0;22;27;0.011297834483162492;0.6167948930166427;0.11528048195616689;0.181;30.0;90.0;0.0866235149493999;0.2019039969055668
20.0;22;27;0.011297834483162492;0.6167948930166427;nan;0.181;90.0;30.0;0.0939738204160915;0.0363035232843364
24.0;22;27;0.011297834483162492;0.6167948930166427;nan;0.181;30.0;30.0;0.0306645078478985;0.0306645078478985
