Site;Number Data Training;Number Global Data;MSE Test;R2 Test;Quality Metric;Quality Sum;P Real;P pred;H Real Preal;H Real Ppred
7.0;20;25;0.014248546067031869;0.5505975888167354;nan;0.01;100.0;100.0;0.0904205207984803;0.0904205207984803
12.0;20;25;0.014248546067031869;0.5505975888167354;nan;0.01;150.0;100.0;0.0962223954294124;0.075515837203816
23.0;20;25;0.014248546067031869;0.5505975888167354;nan;0.01;50.0;50.0;0.0951034486697061;0.0951034486697061
24.0;20;25;0.014248546067031869;0.5505975888167354;nan;0.01;75.0;30.0;0.0806796201739536;0.0306645078478985
25.0;20;25;0.014248546067031869;0.5505975888167354;0.0099181142790995;0.01;125.0;150.0;0.0940222321495014;0.1039403464286009
