Site;Number Data Training;Number Global Data;MSE Test;R2 Test;Quality Metric;Quality Sum;P Real;P pred;H Real Preal;H Real Ppred
6.0;22;27;0.005946243623134223;0.6519988563958163;nan;0;90.0;30.0;0.0805447502647162;0.0352018987493894
18.0;22;27;0.005946243623134223;0.6519988563958163;nan;0;3652.0;90.0;0.0515095706017609;0.0274766933281444
22.0;22;27;0.005946243623134223;0.6519988563958163;nan;0;90.0;90.0;0.0665826349200478;0.0665826349200478
23.0;22;27;0.005946243623134223;0.6519988563958163;nan;0;30.0;30.0;0.0601751122032808;0.0601751122032808
25.0;22;27;0.005946243623134223;0.6519988563958163;nan;0;90.0;90.0;0.0734978659430122;0.0734978659430122
