Site;Number Data Training;Number Global Data;MSE Test;R2 Test;Quality Metric;Quality Sum;P Real;P pred;H Real Preal;H Real Ppred
7.0;20;25;0.006495264457164263;0.4089617531355637;nan;0;90.0;30.0;0.086542647569335;0.0316583333666094
10.0;20;25;0.006495264457164263;0.4089617531355637;nan;0;90.0;90.0;0.0915538363720714;0.0915538363720714
13.0;20;25;0.006495264457164263;0.4089617531355637;nan;0;3652.0;90.0;0.0993700430118872;0.0459743068795799
16.0;20;25;0.006495264457164263;0.4089617531355637;nan;0;90.0;30.0;0.0895169299721877;0.0353137113675942
30.0;20;25;0.006495264457164263;0.4089617531355637;nan;0;365.0;30.0;0.0943415440641389;0.0218219316716011
