Site;Number Data Training;Number Global Data;MSE Test;R2 Test;Quality Metric;Quality Sum;P Real;P pred;H Real Preal;H Real Ppred
13.0;20;25;0.0074980510306702905;0.5538313447908463;nan;0;3652.0;90.0;0.0993700430118872;0.0459743068795799
16.0;20;25;0.0074980510306702905;0.5538313447908463;nan;0;90.0;30.0;0.0895169299721877;0.0353137113675942
19.0;20;25;0.0074980510306702905;0.5538313447908463;nan;0;30.0;30.0;0.0866235149493999;0.0866235149493999
22.0;20;25;0.0074980510306702905;0.5538313447908463;nan;0;90.0;90.0;0.0665826349200478;0.0665826349200478
30.0;20;25;0.0074980510306702905;0.5538313447908463;nan;0;365.0;30.0;0.0943415440641389;0.0218219316716011
