Site;Number Data Training;Number Global Data;MSE Test;R2 Test;Quality Metric;Quality Sum;P Real;P pred;H Real Preal;H Real Ppred
15.0;20;25;0.018955252085924367;0.6171381478916774;nan;0.065;30.0;30.0;0.0825331753189077;0.0825331753189077
16.0;20;25;0.018955252085924367;0.6171381478916774;nan;0.065;90.0;30.0;0.0895169299721877;0.0353137113675942
17.0;20;25;0.018955252085924367;0.6171381478916774;0.0653970705161301;0.065;30.0;90.0;0.0413325160789286;0.1067295865950587
18.0;20;25;0.018955252085924367;0.6171381478916774;nan;0.065;3652.0;30.0;0.0515095706017609;0.013022431319224
22.0;20;25;0.018955252085924367;0.6171381478916774;nan;0.065;90.0;90.0;0.0665826349200478;0.0665826349200478
