Site;Number Data Training;Number Global Data;MSE Test;R2 Test;Quality Metric;Quality Sum;P Real;P pred;H Real Preal;H Real Ppred
14.0;20;25;0.01379860209172351;0.5649478145837323;nan;0.193;150.0;100.0;0.0918619289379249;0.068680108288561
17.0;20;25;0.01379860209172351;0.5649478145837323;0.023311678069818903;0.193;75.0;100.0;0.086416666848223;0.1097283449180419
21.0;20;25;0.01379860209172351;0.5649478145837323;0.1500261290787484;0.193;90.0;365.0;0.0986127877393275;0.2486389168180759
23.0;20;25;0.01379860209172351;0.5649478145837323;0.019244970556029098;0.193;50.0;60.0;0.0951034486697061;0.1143484192257352
24.0;20;25;0.01379860209172351;0.5649478145837323;nan;0.193;75.0;30.0;0.0806796201739536;0.0306645078478985
