Site;Number Data Training;Number Global Data;MSE Test;R2 Test;Quality Metric;Quality Sum;P Real;P pred;H Real Preal;H Real Ppred
3.0;20;25;0.018754302928291017;0.6516267239391861;0.06230770324085481;0.062;30.0;90.0;0.0404493979934081;0.1027571012342629
15.0;20;25;0.018754302928291017;0.6516267239391861;nan;0.062;30.0;30.0;0.0825331753189077;0.0825331753189077
18.0;20;25;0.018754302928291017;0.6516267239391861;nan;0.062;3652.0;365.0;0.0515095706017609;0.0481160170316837
28.0;20;25;0.018754302928291017;0.6516267239391861;nan;0.062;30.0;30.0;0.056126814949097;0.056126814949097
30.0;20;25;0.018754302928291017;0.6516267239391861;nan;0.062;365.0;90.0;0.0943415440641389;0.0470231990120249
