Site;Number Data Training;Number Global Data;MSE Test;R2 Test;Quality Metric;Quality Sum;P Real;P pred;H Real Preal;H Real Ppred
1.0;20;25;0.04637892420504994;-0.5451913986879222;nan;0;30.0;30.0;0.0425305241829691;0.0425305241829691
19.0;20;25;0.04637892420504994;-0.5451913986879222;nan;0;30.0;30.0;0.0866235149493999;0.0866235149493999
20.0;20;25;0.04637892420504994;-0.5451913986879222;nan;0;90.0;30.0;0.0939738204160915;0.0363035232843364
24.0;20;25;0.04637892420504994;-0.5451913986879222;nan;0;30.0;30.0;0.0306645078478985;0.0306645078478985
30.0;20;25;0.04637892420504994;-0.5451913986879222;nan;0;365.0;30.0;0.0943415440641389;0.0218219316716011
