Site;Number Data Training;Number Global Data;MSE Test;R2 Test;Quality Metric;Quality Sum;P Real;P pred;H Real Preal;H Real Ppred
11.0;20;25;0.02414037228543063;0.4872727041979429;nan;0;182.0;30.0;0.0809120145894057;0.020072089411818
12.0;20;25;0.02414037228543063;0.4872727041979429;nan;0;90.0;90.0;0.0730083632551525;0.0730083632551525
15.0;20;25;0.02414037228543063;0.4872727041979429;nan;0;30.0;30.0;0.0825331753189077;0.0825331753189077
16.0;20;25;0.02414037228543063;0.4872727041979429;nan;0;90.0;90.0;0.0895169299721877;0.0895169299721877
30.0;20;25;0.02414037228543063;0.4872727041979429;nan;0;365.0;90.0;0.0943415440641389;0.0470231990120249
