Site;Number Data Training;Number Global Data;MSE Test;R2 Test;Quality Metric;Quality Sum;P Real;P pred;H Real Preal;H Real Ppred
23.0;24;25;0.008247301273648863;0.7775361965116465;0.037729339075152385;0.038;50.0;75.0;0.0951034486697061;0.1328327877448585
