Site;Number Data Training;Number Global Data;MSE Test;R2 Test;Quality Metric;Quality Sum;P Real;P pred;H Real Preal;H Real Ppred
7.0;20;25;0.013365778451691544;0.5032226500655224;nan;0.025;100.0;30.0;0.0904205207984803;0.0316583333666094
11.0;20;25;0.013365778451691544;0.5032226500655224;nan;0.025;330.0;50.0;0.0959083060330537;0.0284514783161753
16.0;20;25;0.013365778451691544;0.5032226500655224;0.024675435802241102;0.025;100.0;125.0;0.0844783754487946;0.1091538112510357
21.0;20;25;0.013365778451691544;0.5032226500655224;nan;0.025;90.0;90.0;0.0986127877393275;0.0986127877393275
24.0;20;25;0.013365778451691544;0.5032226500655224;nan;0.025;75.0;60.0;0.0806796201739536;0.0641990374270417
