Site;Number Data Training;Number Global Data;MSE Test;R2 Test;Quality Metric;Quality Sum;P Real;P pred;H Real Preal;H Real Ppred
7.0;20;25;0.008956710739689889;0.649931537098192;nan;0;90.0;30.0;0.086542647569335;0.0316583333666094
11.0;20;25;0.008956710739689889;0.649931537098192;nan;0;182.0;30.0;0.0809120145894057;0.020072089411818
19.0;20;25;0.008956710739689889;0.649931537098192;nan;0;30.0;30.0;0.0866235149493999;0.0866235149493999
20.0;20;25;0.008956710739689889;0.649931537098192;nan;0;90.0;90.0;0.0939738204160915;0.0939738204160915
28.0;20;25;0.008956710739689889;0.649931537098192;nan;0;30.0;30.0;0.056126814949097;0.056126814949097
