Site;Number Data Training;Number Global Data;MSE Test;R2 Test;Quality Metric;Quality Sum;P Real;P pred;H Real Preal;H Real Ppred
8.0;20;25;0.012577378074189658;0.26753202758550154;nan;0.115;90.0;90.0;0.0692507301025263;0.0692507301025263
14.0;20;25;0.012577378074189658;0.26753202758550154;nan;0.115;90.0;30.0;0.0669928669115922;0.0275341640025388
19.0;20;25;0.012577378074189658;0.26753202758550154;0.11528048195616689;0.115;30.0;90.0;0.0866235149493999;0.2019039969055668
22.0;20;25;0.012577378074189658;0.26753202758550154;nan;0.115;90.0;90.0;0.0665826349200478;0.0665826349200478
25.0;20;25;0.012577378074189658;0.26753202758550154;nan;0.115;90.0;90.0;0.0734978659430122;0.0734978659430122
