Site;Number Data Training;Number Global Data;MSE Test;R2 Test;Quality Metric;Quality Sum;P Real;P pred;H Real Preal;H Real Ppred
4.0;22;27;0.014728608220043765;0.3586204768910385;0.09395454999436499;0.094;30.0;90.0;0.0343745209691433;0.1283290709635083
12.0;22;27;0.014728608220043765;0.3586204768910385;nan;0.094;90.0;90.0;0.0730083632551525;0.0730083632551525
13.0;22;27;0.014728608220043765;0.3586204768910385;nan;0.094;3652.0;90.0;0.0993700430118872;0.0459743068795799
25.0;22;27;0.014728608220043765;0.3586204768910385;nan;0.094;90.0;90.0;0.0734978659430122;0.0734978659430122
30.0;22;27;0.014728608220043765;0.3586204768910385;nan;0.094;365.0;90.0;0.0943415440641389;0.0470231990120249
