Site;Number Data Training;Number Global Data;MSE Test;R2 Test;Quality Metric;Quality Sum;P Real;P pred;H Real Preal;H Real Ppred
1.0;22;27;0.011832645737907934;0.35575948618988096;0.06287049047289771;0.493;30.0;90.0;0.0425305241829691;0.1054010146558668
6.0;22;27;0.011832645737907934;0.35575948618988096;nan;0.493;90.0;30.0;0.0805447502647162;0.0352018987493894
19.0;22;27;0.011832645737907934;0.35575948618988096;0.33173143751635;0.493;30.0;365.0;0.0866235149493999;0.4183549524657499
25.0;22;27;0.011832645737907934;0.35575948618988096;nan;0.493;90.0;90.0;0.0734978659430122;0.0734978659430122
29.0;22;27;0.011832645737907934;0.35575948618988096;0.0982310263839144;0.493;90.0;365.0;0.098923572533551;0.1971545989174654
