Site;Number Data Training;Number Global Data;MSE Test;R2 Test;Quality Metric;Quality Sum;P Real;P pred;H Real Preal;H Real Ppred
10.0;20;25;0.0065541647244948854;0.6820094386863053;nan;0;90.0;90.0;0.0915538363720714;0.0915538363720714
11.0;20;25;0.0065541647244948854;0.6820094386863053;nan;0;182.0;30.0;0.0809120145894057;0.020072089411818
23.0;20;25;0.0065541647244948854;0.6820094386863053;nan;0;30.0;30.0;0.0601751122032808;0.0601751122032808
27.0;20;25;0.0065541647244948854;0.6820094386863053;nan;0;30.0;30.0;0.0493077354091983;0.0493077354091983
30.0;20;25;0.0065541647244948854;0.6820094386863053;nan;0;365.0;30.0;0.0943415440641389;0.0218219316716011
