Site;SubCatch;Number Data Training;Number Global Data;MSE Test;R2 Test;Quality Metric;Quality Sum;P Real;P pred;H Real Preal;H Real Ppred
2;2;24;25;0.6658141476517752;-0.4989714293567211;0.22509664308628521;0.225;21;75;0.0749512864846498;0.300047929570935
