Site;Number Data Training;Number Global Data;MSE Test;R2 Test;Quality Metric;Quality Sum;P Real;P pred;H Real Preal;H Real Ppred
1.0;20;25;0.01613745576199759;-0.02868763614334502;0.020309745389143305;0.023;75.0;90.0;0.0850912692667235;0.1054010146558668
7.0;20;25;0.01613745576199759;-0.02868763614334502;nan;0.023;100.0;100.0;0.0904205207984803;0.0904205207984803
12.0;20;25;0.01613745576199759;-0.02868763614334502;nan;0.023;150.0;100.0;0.0962223954294124;0.075515837203816
18.0;20;25;0.01613745576199759;-0.02868763614334502;nan;0.023;3652.0;75.0;0.0515095706017609;0.0236715852474286
21.0;20;25;0.01613745576199759;-0.02868763614334502;0.0027304464335027034;0.023;90.0;100.0;0.0986127877393275;0.1013432341728302
