Site;Number Data Training;Number Global Data;MSE Test;R2 Test;Quality Metric;Quality Sum;P Real;P pred;H Real Preal;H Real Ppred
1.0;20;25;0.009895500333957792;0.628468777005483;0.06287049047289771;0.277;30.0;90.0;0.0425305241829691;0.1054010146558668
7.0;20;25;0.009895500333957792;0.628468777005483;nan;0.277;90.0;90.0;0.086542647569335;0.086542647569335
19.0;20;25;0.009895500333957792;0.628468777005483;0.11528048195616689;0.277;30.0;90.0;0.0866235149493999;0.2019039969055668
28.0;20;25;0.009895500333957792;0.628468777005483;0.09894812544548881;0.277;30.0;90.0;0.056126814949097;0.1550749403945858
30.0;20;25;0.009895500333957792;0.628468777005483;nan;0.277;365.0;90.0;0.0943415440641389;0.0470231990120249
