Site;Number Data Training;Number Global Data;MSE Test;R2 Test;Quality Metric;Quality Sum;P Real;P pred;H Real Preal;H Real Ppred
4.0;20;25;0.015817633714972794;0.5791039238238005;nan;0;30.0;30.0;0.0343745209691433;0.0343745209691433
11.0;20;25;0.015817633714972794;0.5791039238238005;nan;0;182.0;30.0;0.0809120145894057;0.020072089411818
18.0;20;25;0.015817633714972794;0.5791039238238005;nan;0;3652.0;30.0;0.0515095706017609;0.013022431319224
21.0;20;25;0.015817633714972794;0.5791039238238005;nan;0;90.0;90.0;0.0986127877393275;0.0986127877393275
24.0;20;25;0.015817633714972794;0.5791039238238005;nan;0;30.0;30.0;0.0306645078478985;0.0306645078478985
