Site;Number Data Training;Number Global Data;MSE Test;R2 Test;Quality Metric;Quality Sum;P Real;P pred;H Real Preal;H Real Ppred
7.0;22;27;0.0025161129228968826;0.7926166381161779;nan;0.065;90.0;90.0;0.086542647569335;0.086542647569335
12.0;22;27;0.0025161129228968826;0.7926166381161779;nan;0.065;90.0;90.0;0.0730083632551525;0.0730083632551525
17.0;22;27;0.0025161129228968826;0.7926166381161779;0.0653970705161301;0.065;30.0;90.0;0.0413325160789286;0.1067295865950587
22.0;22;27;0.0025161129228968826;0.7926166381161779;nan;0.065;90.0;90.0;0.0665826349200478;0.0665826349200478
30.0;22;27;0.0025161129228968826;0.7926166381161779;nan;0.065;365.0;90.0;0.0943415440641389;0.0470231990120249
