Site;Number Data Training;Number Global Data;MSE Test;R2 Test;Quality Metric;Quality Sum;P Real;P pred;H Real Preal;H Real Ppred
18.0;22;27;0.008739521320602916;0.6474156093999843;nan;0;3652.0;90.0;0.0515095706017609;0.0274766933281444
19.0;22;27;0.008739521320602916;0.6474156093999843;nan;0;30.0;30.0;0.0866235149493999;0.0866235149493999
23.0;22;27;0.008739521320602916;0.6474156093999843;nan;0;30.0;30.0;0.0601751122032808;0.0601751122032808
25.0;22;27;0.008739521320602916;0.6474156093999843;nan;0;90.0;90.0;0.0734978659430122;0.0734978659430122
30.0;22;27;0.008739521320602916;0.6474156093999843;nan;0;365.0;90.0;0.0943415440641389;0.0470231990120249
