Site;Number Data Training;Number Global Data;MSE Test;R2 Test;Quality Metric;Quality Sum;P Real;P pred;H Real Preal;H Real Ppred
8.0;20;25;0.01185340969967808;0.4950944704161393;nan;0.084;125.0;100.0;0.0867459868794762;0.0671801751349022
11.0;20;25;0.01185340969967808;0.4950944704161393;nan;0.084;330.0;50.0;0.0959083060330537;0.0284514783161753
19.0;20;25;0.01185340969967808;0.4950944704161393;0.08355299194062568;0.084;30.0;75.0;0.0866235149493999;0.1701765068900256
25.0;20;25;0.01185340969967808;0.4950944704161393;nan;0.084;125.0;100.0;0.0940222321495014;0.0761329268533129
28.0;20;25;0.01185340969967808;0.4950944704161393;nan;0.084;50.0;50.0;0.0912401650277275;0.0912401650277275
