Site;SubCatch;Number Data Training;Number Global Data;MSE Test;R2 Test;Quality Metric;Quality Sum;P Real;P pred;H Real Preal;H Real Ppred
39;4;39;40;0.00965392780126955;0.48524251802544227;0.0992958733505666;0.099;60;75;0.0029559590424926;0.1022518323930592
