Site;Number Data Training;Number Global Data;MSE Test;R2 Test;Quality Metric;Quality Sum;P Real;P pred;H Real Preal;H Real Ppred
1.0;20;25;0.005999122912553218;0.6175838583935589;0.022969212840433198;0.049;75.0;100.0;0.0850912692667235;0.1080604821071567
7.0;20;25;0.005999122912553218;0.6175838583935589;0.0232595604167075;0.049;100.0;125.0;0.0904205207984803;0.1136800812151878
12.0;20;25;0.005999122912553218;0.6175838583935589;nan;0.049;150.0;125.0;0.0962223954294124;0.0892199128887487
18.0;20;25;0.005999122912553218;0.6175838583935589;nan;0.049;3652.0;100.0;0.0515095706017609;0.0298563797653111
21.0;20;25;0.005999122912553218;0.6175838583935589;0.0027304464335027034;0.049;90.0;100.0;0.0986127877393275;0.1013432341728302
