Site;Number Data Training;Number Global Data;MSE Test;R2 Test;Quality Metric;Quality Sum;P Real;P pred;H Real Preal;H Real Ppred
11.0;22;27;0.013026605102356403;0.7626243352171805;nan;0.234;182.0;90.0;0.0809120145894057;0.0435498926878454
15.0;22;27;0.013026605102356403;0.7626243352171805;nan;0.234;30.0;30.0;0.0825331753189077;0.0825331753189077
17.0;22;27;0.013026605102356403;0.7626243352171805;0.0653970705161301;0.234;30.0;90.0;0.0413325160789286;0.1067295865950587
27.0;22;27;0.013026605102356403;0.7626243352171805;0.06916025460476449;0.234;30.0;90.0;0.0493077354091983;0.1184679900139628
28.0;22;27;0.013026605102356403;0.7626243352171805;0.09894812544548881;0.234;30.0;90.0;0.056126814949097;0.1550749403945858
