Site;Number Data Training;Number Global Data;MSE Test;R2 Test;Quality Metric;Quality Sum;P Real;P pred;H Real Preal;H Real Ppred
7.0;20;25;0.005569873495000603;0.7929797352007955;nan;0.003;100.0;100.0;0.0904205207984803;0.0904205207984803
11.0;20;25;0.005569873495000603;0.7929797352007955;nan;0.003;330.0;75.0;0.0959083060330537;0.0368904258739981
16.0;20;25;0.005569873495000603;0.7929797352007955;nan;0.003;100.0;75.0;0.0844783754487946;0.0725509104538725
21.0;20;25;0.005569873495000603;0.7929797352007955;0.0027304464335027034;0.003;90.0;100.0;0.0986127877393275;0.1013432341728302
24.0;20;25;0.005569873495000603;0.7929797352007955;nan;0.003;75.0;30.0;0.0806796201739536;0.0306645078478985
