Site;Number Data Training;Number Global Data;MSE Test;R2 Test;Quality Metric;Quality Sum;P Real;P pred;H Real Preal;H Real Ppred
1.0;20;25;0.01439224901362056;0.08256116484776899;0.020309745389143305;0.05;75.0;90.0;0.0850912692667235;0.1054010146558668
7.0;20;25;0.01439224901362056;0.08256116484776899;nan;0.05;100.0;75.0;0.0904205207984803;0.0675783894922642
12.0;20;25;0.01439224901362056;0.08256116484776899;nan;0.05;150.0;100.0;0.0962223954294124;0.075515837203816
18.0;20;25;0.01439224901362056;0.08256116484776899;nan;0.05;3652.0;75.0;0.0515095706017609;0.0236715852474286
21.0;20;25;0.01439224901362056;0.08256116484776899;0.029952452586890915;0.05;90.0;125.0;0.0986127877393275;0.1285652403262184
