Site;Number Data Training;Number Global Data;MSE Test;R2 Test;Quality Metric;Quality Sum;P Real;P pred;H Real Preal;H Real Ppred
11.0;20;25;0.0281876476610298;0.514471591681735;nan;0.078;330.0;50.0;0.0959083060330537;0.0284514783161753
15.0;20;25;0.0281876476610298;0.514471591681735;0.07753043540385009;0.078;30.0;60.0;0.0825331753189077;0.1600636107227578
17.0;20;25;0.0281876476610298;0.514471591681735;nan;0.078;75.0;60.0;0.086416666848223;0.076728299538617
22.0;20;25;0.0281876476610298;0.514471591681735;nan;0.078;150.0;100.0;0.0946198779296581;0.0673529852309897
23.0;20;25;0.0281876476610298;0.514471591681735;nan;0.078;50.0;50.0;0.0951034486697061;0.0951034486697061
