Site;Number Data Training;Number Global Data;MSE Test;R2 Test;Quality Metric;Quality Sum;P Real;P pred;H Real Preal;H Real Ppred
3.0;20;25;0.0036122122983570618;0.7071181467896166;0.021789937316753702;0.066;75.0;100.0;0.0829605078650181;0.1047504451817718
7.0;20;25;0.0036122122983570618;0.7071181467896166;0.044058526757557406;0.066;100.0;150.0;0.0904205207984803;0.1344790475560377
14.0;20;25;0.0036122122983570618;0.7071181467896166;nan;0.066;150.0;125.0;0.0918619289379249;0.0833140874338638
16.0;20;25;0.0036122122983570618;0.7071181467896166;nan;0.066;100.0;75.0;0.0844783754487946;0.0725509104538725
29.0;20;25;0.0036122122983570618;0.7071181467896166;nan;0.066;90.0;45.0;0.098923572533551;0.0733820123933489
