Site;SubCatch;Number Data Training;Number Global Data;MSE Test;R2 Test;Quality Metric;Quality Sum;P Real;P pred;H Real Preal;H Real Ppred
2;2;24;25;0.4933741395293462;-0.15696019438257558;0.07099117622394471;0.071;7;30;0.0388064007461574;0.1097975769701021
