Site;Number Data Training;Number Global Data;MSE Test;R2 Test;Quality Metric;Quality Sum;P Real;P pred;H Real Preal;H Real Ppred
8.0;20;25;0.03866570780217206;-0.5511485675726735;nan;0.121;125.0;75.0;0.0867459868794762;0.0551663282849413
11.0;20;25;0.03866570780217206;-0.5511485675726735;nan;0.121;330.0;60.0;0.0959083060330537;0.033546352924242
12.0;20;25;0.03866570780217206;-0.5511485675726735;nan;0.121;150.0;100.0;0.0962223954294124;0.075515837203816
19.0;20;25;0.03866570780217206;-0.5511485675726735;0.08355299194062568;0.121;30.0;75.0;0.0866235149493999;0.1701765068900256
23.0;20;25;0.03866570780217206;-0.5511485675726735;0.037729339075152385;0.121;50.0;75.0;0.0951034486697061;0.1328327877448585
