Site;Number Data Training;Number Global Data;MSE Test;R2 Test;Quality Metric;Quality Sum;P Real;P pred;H Real Preal;H Real Ppred
7.0;20;25;0.003063714754410894;0.8439398651210592;nan;0;90.0;30.0;0.086542647569335;0.0316583333666094
13.0;20;25;0.003063714754410894;0.8439398651210592;nan;0;3652.0;365.0;0.0993700430118872;0.0799346362186648
14.0;20;25;0.003063714754410894;0.8439398651210592;nan;0;90.0;90.0;0.0669928669115922;0.0669928669115922
16.0;20;25;0.003063714754410894;0.8439398651210592;nan;0;90.0;90.0;0.0895169299721877;0.0895169299721877
19.0;20;25;0.003063714754410894;0.8439398651210592;nan;0;30.0;30.0;0.0866235149493999;0.0866235149493999
