Site;Number Data Training;Number Global Data;MSE Test;R2 Test;Quality Metric;Quality Sum;P Real;P pred;H Real Preal;H Real Ppred
7.0;22;27;0.011582418740461444;0.4992323719712066;nan;0.115;90.0;90.0;0.086542647569335;0.086542647569335
8.0;22;27;0.011582418740461444;0.4992323719712066;nan;0.115;90.0;30.0;0.0692507301025263;0.0261748518897128
16.0;22;27;0.011582418740461444;0.4992323719712066;nan;0.115;90.0;90.0;0.0895169299721877;0.0895169299721877
19.0;22;27;0.011582418740461444;0.4992323719712066;0.11528048195616689;0.115;30.0;90.0;0.0866235149493999;0.2019039969055668
27.0;22;27;0.011582418740461444;0.4992323719712066;nan;0.115;30.0;30.0;0.0493077354091983;0.0493077354091983
