Site;Number Data Training;Number Global Data;MSE Test;R2 Test;Quality Metric;Quality Sum;P Real;P pred;H Real Preal;H Real Ppred
4.0;20;25;0.01257329144229343;0.6761586614883797;nan;0;30.0;30.0;0.0343745209691433;0.0343745209691433
12.0;20;25;0.01257329144229343;0.6761586614883797;nan;0;90.0;90.0;0.0730083632551525;0.0730083632551525
21.0;20;25;0.01257329144229343;0.6761586614883797;nan;0;90.0;90.0;0.0986127877393275;0.0986127877393275
24.0;20;25;0.01257329144229343;0.6761586614883797;nan;0;30.0;30.0;0.0306645078478985;0.0306645078478985
27.0;20;25;0.01257329144229343;0.6761586614883797;nan;0;30.0;30.0;0.0493077354091983;0.0493077354091983
