Site;Number Data Training;Number Global Data;MSE Test;R2 Test;Quality Metric;Quality Sum;P Real;P pred;H Real Preal;H Real Ppred
1.0;20;25;0.008559932047980553;0.7060484656526536;nan;0.099;30.0;30.0;0.0425305241829691;0.0425305241829691
20.0;20;25;0.008559932047980553;0.7060484656526536;nan;0.099;90.0;30.0;0.0939738204160915;0.0363035232843364
24.0;20;25;0.008559932047980553;0.7060484656526536;nan;0.099;30.0;30.0;0.0306645078478985;0.0306645078478985
28.0;20;25;0.008559932047980553;0.7060484656526536;0.09894812544548881;0.099;30.0;90.0;0.056126814949097;0.1550749403945858
30.0;20;25;0.008559932047980553;0.7060484656526536;nan;0.099;365.0;30.0;0.0943415440641389;0.0218219316716011
