Site;Number Data Training;Number Global Data;MSE Test;R2 Test;Quality Metric;Quality Sum;P Real;P pred;H Real Preal;H Real Ppred
4.0;20;25;0.03748105849747904;0.454895381469539;nan;0.151;75.0;75.0;0.0982052033382978;0.0982052033382978
15.0;20;25;0.03748105849747904;0.454895381469539;0.15120857264273402;0.151;30.0;100.0;0.0825331753189077;0.2337417479616417
18.0;20;25;0.03748105849747904;0.454895381469539;nan;0.151;3652.0;100.0;0.0515095706017609;0.0298563797653111
22.0;20;25;0.03748105849747904;0.454895381469539;nan;0.151;150.0;90.0;0.0946198779296581;0.0665826349200478
29.0;20;25;0.03748105849747904;0.454895381469539;nan;0.151;90.0;30.0;0.098923572533551;0.0532782227856177
