Site;SubCatch;Number Data Training;Number Global Data;MSE Test;R2 Test;Quality Metric;Quality Sum;P Real;P pred;H Real Preal;H Real Ppred
35;12;44;45;0.02563602328280698;0.2677512490795456;-0.052926481820372;-0.053;30;182;0.0559281700269176;0.0030016882065456
