Site;Number Data Training;Number Global Data;MSE Test;R2 Test;Quality Metric;Quality Sum;P Real;P pred;H Real Preal;H Real Ppred
2.0;22;27;0.008611990040065633;0.09930722401426662;nan;0.065;90.0;90.0;0.0681692089993866;0.0681692089993866
8.0;22;27;0.008611990040065633;0.09930722401426662;nan;0.065;90.0;90.0;0.0692507301025263;0.0692507301025263
11.0;22;27;0.008611990040065633;0.09930722401426662;nan;0.065;182.0;30.0;0.0809120145894057;0.020072089411818
12.0;22;27;0.008611990040065633;0.09930722401426662;nan;0.065;90.0;90.0;0.0730083632551525;0.0730083632551525
17.0;22;27;0.008611990040065633;0.09930722401426662;0.0653970705161301;0.065;30.0;90.0;0.0413325160789286;0.1067295865950587
