Site;Number Data Training;Number Global Data;MSE Test;R2 Test;Quality Metric;Quality Sum;P Real;P pred;H Real Preal;H Real Ppred
7.0;20;25;0.01251802824880816;-0.13865928905996183;nan;0;100.0;100.0;0.0904205207984803;0.0904205207984803
10.0;20;25;0.01251802824880816;-0.13865928905996183;nan;0;100.0;100.0;0.0973990073949321;0.0973990073949321
13.0;20;25;0.01251802824880816;-0.13865928905996183;nan;0;3000.0;125.0;0.0998605746589843;0.0553150340899671
16.0;20;25;0.01251802824880816;-0.13865928905996183;nan;0;100.0;75.0;0.0844783754487946;0.0725509104538725
30.0;20;25;0.01251802824880816;-0.13865928905996183;nan;0;365.0;75.0;0.0943415440641389;0.0397819268309972
