Site;Number Data Training;Number Global Data;MSE Test;R2 Test;Quality Metric;Quality Sum;P Real;P pred;H Real Preal;H Real Ppred
8.0;20;25;0.010146977228156408;0.298255964346427;nan;0.069;90.0;90.0;0.0692507301025263;0.0692507301025263
10.0;20;25;0.010146977228156408;0.298255964346427;nan;0.069;90.0;90.0;0.0915538363720714;0.0915538363720714
11.0;20;25;0.010146977228156408;0.298255964346427;nan;0.069;182.0;30.0;0.0809120145894057;0.020072089411818
17.0;20;25;0.010146977228156408;0.298255964346427;nan;0.069;30.0;30.0;0.0413325160789286;0.0413325160789286
27.0;20;25;0.010146977228156408;0.298255964346427;0.06916025460476449;0.069;30.0;90.0;0.0493077354091983;0.1184679900139628
