Site;Number Data Training;Number Global Data;MSE Test;R2 Test;Quality Metric;Quality Sum;P Real;P pred;H Real Preal;H Real Ppred
4.0;20;25;0.013383574194317458;0.5735877263052087;0.013202385271553596;0.06;75.0;100.0;0.0982052033382978;0.1114075886098514
7.0;20;25;0.013383574194317458;0.5735877263052087;0.044058526757557406;0.06;100.0;150.0;0.0904205207984803;0.1344790475560377
12.0;20;25;0.013383574194317458;0.5735877263052087;nan;0.06;150.0;100.0;0.0962223954294124;0.075515837203816
13.0;20;25;0.013383574194317458;0.5735877263052087;nan;0.06;3000.0;125.0;0.0998605746589843;0.0553150340899671
21.0;20;25;0.013383574194317458;0.5735877263052087;0.0027304464335027034;0.06;90.0;100.0;0.0986127877393275;0.1013432341728302
