Site;Number Data Training;Number Global Data;MSE Test;R2 Test;Quality Metric;Quality Sum;P Real;P pred;H Real Preal;H Real Ppred
1.0;20;25;0.007033455760347868;0.5516499572956584;nan;0.15;75.0;75.0;0.0850912692667235;0.0850912692667235
7.0;20;25;0.007033455760347868;0.5516499572956584;nan;0.15;100.0;30.0;0.0904205207984803;0.0316583333666094
12.0;20;25;0.007033455760347868;0.5516499572956584;nan;0.15;150.0;100.0;0.0962223954294124;0.075515837203816
18.0;20;25;0.007033455760347868;0.5516499572956584;nan;0.15;3652.0;2250.0;0.0515095706017609;0.0509764643146258
21.0;20;25;0.007033455760347868;0.5516499572956584;0.1500261290787484;0.15;90.0;365.0;0.0986127877393275;0.2486389168180759
