Site;Number Data Training;Number Global Data;MSE Test;R2 Test;Quality Metric;Quality Sum;P Real;P pred;H Real Preal;H Real Ppred
4.0;22;27;0.014759006250987618;0.53626739818683;nan;0;30.0;30.0;0.0343745209691433;0.0343745209691433
13.0;22;27;0.014759006250987618;0.53626739818683;nan;0;3652.0;90.0;0.0993700430118872;0.0459743068795799
21.0;22;27;0.014759006250987618;0.53626739818683;nan;0;90.0;90.0;0.0986127877393275;0.0986127877393275
28.0;22;27;0.014759006250987618;0.53626739818683;nan;0;30.0;30.0;0.056126814949097;0.056126814949097
29.0;22;27;0.014759006250987618;0.53626739818683;nan;0;90.0;30.0;0.098923572533551;0.0532782227856177
