Site;Number Data Training;Number Global Data;MSE Test;R2 Test;Quality Metric;Quality Sum;P Real;P pred;H Real Preal;H Real Ppred
8.0;20;25;0.021514696345951326;-0.20347954169734583;nan;0.126;125.0;100.0;0.0867459868794762;0.0671801751349022
14.0;20;25;0.021514696345951326;-0.20347954169734583;nan;0.126;150.0;100.0;0.0918619289379249;0.068680108288561
19.0;20;25;0.021514696345951326;-0.20347954169734583;0.125902378272696;0.126;30.0;100.0;0.0866235149493999;0.2125258932220959
22.0;20;25;0.021514696345951326;-0.20347954169734583;nan;0.126;150.0;75.0;0.0946198779296581;0.0720847793771322
25.0;20;25;0.021514696345951326;-0.20347954169734583;nan;0.126;125.0;100.0;0.0940222321495014;0.0761329268533129
