Site;Number Data Training;Number Global Data;MSE Test;R2 Test;Quality Metric;Quality Sum;P Real;P pred;H Real Preal;H Real Ppred
15.0;20;25;0.02074136317362117;0.6255811821623714;0.0979284482959183;0.123;30.0;75.0;0.0825331753189077;0.180461623614826
16.0;20;25;0.02074136317362117;0.6255811821623714;0.024675435802241102;0.123;100.0;125.0;0.0844783754487946;0.1091538112510357
17.0;20;25;0.02074136317362117;0.6255811821623714;nan;0.123;75.0;30.0;0.086416666848223;0.0413325160789286
18.0;20;25;0.02074136317362117;0.6255811821623714;nan;0.123;3652.0;2250.0;0.0515095706017609;0.0509764643146258
22.0;20;25;0.02074136317362117;0.6255811821623714;nan;0.123;150.0;90.0;0.0946198779296581;0.0665826349200478
