Site;Number Data Training;Number Global Data;MSE Test;R2 Test;Quality Metric;Quality Sum;P Real;P pred;H Real Preal;H Real Ppred
4.0;20;25;0.013776641687641127;0.5079543831805422;nan;0;30.0;30.0;0.0343745209691433;0.0343745209691433
7.0;20;25;0.013776641687641127;0.5079543831805422;nan;0;90.0;30.0;0.086542647569335;0.0316583333666094
12.0;20;25;0.013776641687641127;0.5079543831805422;nan;0;90.0;90.0;0.0730083632551525;0.0730083632551525
13.0;20;25;0.013776641687641127;0.5079543831805422;nan;0;3652.0;30.0;0.0993700430118872;0.021215598309817
21.0;20;25;0.013776641687641127;0.5079543831805422;nan;0;90.0;30.0;0.0986127877393275;0.0354389533967742
