Site;Number Data Training;Number Global Data;MSE Test;R2 Test;Quality Metric;Quality Sum;P Real;P pred;H Real Preal;H Real Ppred
1.0;20;25;0.0050385334635711;0.6641977810627311;nan;0.104;30.0;30.0;0.0425305241829691;0.0425305241829691
7.0;20;25;0.0050385334635711;0.6641977810627311;nan;0.104;90.0;30.0;0.086542647569335;0.0316583333666094
12.0;20;25;0.0050385334635711;0.6641977810627311;nan;0.104;90.0;90.0;0.0730083632551525;0.0730083632551525
18.0;20;25;0.0050385334635711;0.6641977810627311;nan;0.104;3652.0;365.0;0.0515095706017609;0.0481160170316837
21.0;20;25;0.0050385334635711;0.6641977810627311;0.10446468545824039;0.104;90.0;182.0;0.0986127877393275;0.2030774731975679
