Site;Number Data Training;Number Global Data;MSE Test;R2 Test;Quality Metric;Quality Sum;P Real;P pred;H Real Preal;H Real Ppred
10.0;20;25;0.010120845349614318;-0.16881699782104342;0.0282396243392658;0.053;100.0;150.0;0.0973990073949321;0.1256386317341979
11.0;20;25;0.010120845349614318;-0.16881699782104342;nan;0.053;330.0;50.0;0.0959083060330537;0.0284514783161753
16.0;20;25;0.010120845349614318;-0.16881699782104342;0.024675435802241102;0.053;100.0;125.0;0.0844783754487946;0.1091538112510357
18.0;20;25;0.010120845349614318;-0.16881699782104342;nan;0.053;3652.0;2250.0;0.0515095706017609;0.0509764643146258
29.0;20;25;0.010120845349614318;-0.16881699782104342;nan;0.053;90.0;75.0;0.098923572533551;0.0850413070264584
