Site;Number Data Training;Number Global Data;MSE Test;R2 Test;Quality Metric;Quality Sum;P Real;P pred;H Real Preal;H Real Ppred
1.0;20;25;0.019206585453921246;0.1708041484232432;0.022969212840433198;0.061;75.0;100.0;0.0850912692667235;0.1080604821071567
11.0;20;25;0.019206585453921246;0.1708041484232432;nan;0.061;330.0;60.0;0.0959083060330537;0.033546352924242
18.0;20;25;0.019206585453921246;0.1708041484232432;nan;0.061;3652.0;100.0;0.0515095706017609;0.0298563797653111
21.0;20;25;0.019206585453921246;0.1708041484232432;nan;0.061;90.0;90.0;0.0986127877393275;0.0986127877393275
23.0;20;25;0.019206585453921246;0.1708041484232432;0.037729339075152385;0.061;50.0;75.0;0.0951034486697061;0.1328327877448585
