Site;SubCatch;Number Data Training;Number Global Data;MSE Test;R2 Test;Quality Metric;Quality Sum;P Real;P pred;H Real Preal;H Real Ppred
37;2;4;5;0.08745133242209205;-0.2861146988897958;0.26651332199032174;0.267;30;182;0.0412643172482057;0.3077776392385274
