Site;Number Data Training;Number Global Data;MSE Test;R2 Test;Quality Metric;Quality Sum;P Real;P pred;H Real Preal;H Real Ppred
11.0;20;25;0.010188318171337694;0.48660090053940175;nan;0.025;330.0;50.0;0.0959083060330537;0.0284514783161753
12.0;20;25;0.010188318171337694;0.48660090053940175;nan;0.025;150.0;100.0;0.0962223954294124;0.075515837203816
16.0;20;25;0.010188318171337694;0.48660090053940175;0.024675435802241102;0.025;100.0;125.0;0.0844783754487946;0.1091538112510357
21.0;20;25;0.010188318171337694;0.48660090053940175;nan;0.025;90.0;75.0;0.0986127877393275;0.0773218887357087
23.0;20;25;0.010188318171337694;0.48660090053940175;nan;0.025;50.0;50.0;0.0951034486697061;0.0951034486697061
