Site;Number Data Training;Number Global Data;MSE Test;R2 Test;Quality Metric;Quality Sum;P Real;P pred;H Real Preal;H Real Ppred
27.0;24;25;0.01479364764074478;0.4119719209428083;0.06916025460476449;0.069;30.0;90.0;0.0493077354091983;0.1184679900139628
