Site;Number Data Training;Number Global Data;MSE Test;R2 Test;Quality Metric;Quality Sum;P Real;P pred;H Real Preal;H Real Ppred
15.0;19;20;0.12094411166747975;0.04628291157659259;0.15120857264273402;0.151;30.0;100.0;0.0825331753189077;0.2337417479616417
