Site;Number Data Training;Number Global Data;MSE Test;R2 Test;Quality Metric;Quality Sum;P Real;P pred;H Real Preal;H Real Ppred
3.0;22;27;0.01100516300776059;0.5647662439772576;0.06230770324085481;0.161;30.0;90.0;0.0404493979934081;0.1027571012342629
8.0;22;27;0.01100516300776059;0.5647662439772576;nan;0.161;90.0;90.0;0.0692507301025263;0.0692507301025263
20.0;22;27;0.01100516300776059;0.5647662439772576;nan;0.161;90.0;90.0;0.0939738204160915;0.0939738204160915
23.0;22;27;0.01100516300776059;0.5647662439772576;nan;0.161;30.0;30.0;0.0601751122032808;0.0601751122032808
28.0;22;27;0.01100516300776059;0.5647662439772576;0.09894812544548881;0.161;30.0;90.0;0.056126814949097;0.1550749403945858
