Site;Number Data Training;Number Global Data;MSE Test;R2 Test;Quality Metric;Quality Sum;P Real;P pred;H Real Preal;H Real Ppred
3.0;20;25;0.009529798246299999;0.5564314100162698;nan;0.126;75.0;75.0;0.0829605078650181;0.0829605078650181
13.0;20;25;0.009529798246299999;0.5564314100162698;nan;0.126;3000.0;200.0;0.0998605746589843;0.0658171901360725
19.0;20;25;0.009529798246299999;0.5564314100162698;0.08355299194062568;0.126;30.0;75.0;0.0866235149493999;0.1701765068900256
27.0;20;25;0.009529798246299999;0.5564314100162698;0.04196334624442369;0.126;75.0;125.0;0.0972403971442618;0.1392037433886855
30.0;20;25;0.009529798246299999;0.5564314100162698;nan;0.126;365.0;100.0;0.0943415440641389;0.0491261932172611
