Site;SubCatch;Number Data Training;Number Global Data;MSE Test;R2 Test;Quality Metric;Quality Sum;P Real;P pred;H Real Preal;H Real Ppred
33;8;38;47;0.027620337070497974;0.07416244636764724;0;0.169;182;90;0.003327302311581;0.003327302311581
35;6;38;47;0.027620337070497974;0.07416244636764724;0.0;0.169;182;3652;0.0027261767355532;0.0027261767355532
35;7;38;47;0.027620337070497974;0.07416244636764724;0;0.169;182;182;0.0036318529996135;0.0036318529996135
37;5;38;47;0.027620337070497974;0.07416244636764724;0.1690868716735453;0.169;30;182;0.0461235585630376;0.2152104302365829
38;3;38;47;0.027620337070497974;0.07416244636764724;0;0.169;30;30;0.0021037011591758;0.0021037011591758
38;5;38;47;0.027620337070497974;0.07416244636764724;0;0.169;90;30;0.0822597009309457;0.0029197750948896
38;7;38;47;0.027620337070497974;0.07416244636764724;0;0.169;3652;30;0.0023906171799806;0.0023906171799806
38;8;38;47;0.027620337070497974;0.07416244636764724;0;0.169;30;30;0.0056645364398641;0.0056645364398641
39;2;38;47;0.027620337070497974;0.07416244636764724;0;0.169;30;30;0.0782750438302397;0.0782750438302397
