Site;Number Data Training;Number Global Data;MSE Test;R2 Test;Quality Metric;Quality Sum;P Real;P pred;H Real Preal;H Real Ppred
7.0;20;25;0.0056012957954255215;0.7821813632895253;nan;0.069;90.0;30.0;0.086542647569335;0.0316583333666094
12.0;20;25;0.0056012957954255215;0.7821813632895253;nan;0.069;90.0;90.0;0.0730083632551525;0.0730083632551525
24.0;20;25;0.0056012957954255215;0.7821813632895253;nan;0.069;30.0;30.0;0.0306645078478985;0.0306645078478985
27.0;20;25;0.0056012957954255215;0.7821813632895253;0.06916025460476449;0.069;30.0;90.0;0.0493077354091983;0.1184679900139628
29.0;20;25;0.0056012957954255215;0.7821813632895253;nan;0.069;90.0;30.0;0.098923572533551;0.0532782227856177
