Site;Number Data Training;Number Global Data;MSE Test;R2 Test;Quality Metric;Quality Sum;P Real;P pred;H Real Preal;H Real Ppred
4.0;24;25;0.05680594821992571;0.24651162365026102;0.013202385271553596;0.013;75.0;100.0;0.0982052033382978;0.1114075886098514
