Site;Number Data Training;Number Global Data;MSE Test;R2 Test;Quality Metric;Quality Sum;P Real;P pred;H Real Preal;H Real Ppred
4.0;20;25;0.05718252859084712;0.13680654092231892;0.09395454999436499;0.353;30.0;90.0;0.0343745209691433;0.1283290709635083
11.0;20;25;0.05718252859084712;0.13680654092231892;nan;0.353;182.0;30.0;0.0809120145894057;0.020072089411818
15.0;20;25;0.05718252859084712;0.13680654092231892;0.154083590696306;0.353;30.0;90.0;0.0825331753189077;0.2366167660152137
23.0;20;25;0.05718252859084712;0.13680654092231892;0.1053827308659946;0.353;30.0;90.0;0.0601751122032808;0.1655578430692754
30.0;20;25;0.05718252859084712;0.13680654092231892;nan;0.353;365.0;30.0;0.0943415440641389;0.0218219316716011
