Site;Number Data Training;Number Global Data;MSE Test;R2 Test;Quality Metric;Quality Sum;P Real;P pred;H Real Preal;H Real Ppred
10.0;20;25;0.005876798821856797;0.36699650391411365;nan;0.15;100.0;100.0;0.0973990073949321;0.0973990073949321
12.0;20;25;0.005876798821856797;0.36699650391411365;nan;0.15;150.0;100.0;0.0962223954294124;0.075515837203816
21.0;20;25;0.005876798821856797;0.36699650391411365;0.1500261290787484;0.15;90.0;365.0;0.0986127877393275;0.2486389168180759
25.0;20;25;0.005876798821856797;0.36699650391411365;nan;0.15;125.0;125.0;0.0940222321495014;0.0940222321495014
29.0;20;25;0.005876798821856797;0.36699650391411365;nan;0.15;90.0;45.0;0.098923572533551;0.0733820123933489
