Site;Number Data Training;Number Global Data;MSE Test;R2 Test;Quality Metric;Quality Sum;P Real;P pred;H Real Preal;H Real Ppred
11.0;20;25;0.010811966823773035;-0.3685093520593532;nan;0;182.0;30.0;0.0809120145894057;0.020072089411818
13.0;20;25;0.010811966823773035;-0.3685093520593532;nan;0;3652.0;30.0;0.0993700430118872;0.021215598309817
16.0;20;25;0.010811966823773035;-0.3685093520593532;nan;0;90.0;30.0;0.0895169299721877;0.0353137113675942
25.0;20;25;0.010811966823773035;-0.3685093520593532;nan;0;90.0;90.0;0.0734978659430122;0.0734978659430122
29.0;20;25;0.010811966823773035;-0.3685093520593532;nan;0;90.0;90.0;0.098923572533551;0.098923572533551
