Site;SubCatch;Number Data Training;Number Global Data;MSE Test;R2 Test;Quality Metric;Quality Sum;P Real;P pred;H Real Preal;H Real Ppred
37;12;44;45;0.00042524969497490216;0.6914449909418332;0;0.0;3652;3652;0.0024270924541165;0.0024270924541165
