Site;Number Data Training;Number Global Data;MSE Test;R2 Test;Quality Metric;Quality Sum;P Real;P pred;H Real Preal;H Real Ppred
3.0;22;27;0.0047338411729743015;0.5081210343787106;0.06230770324085481;0.062;30.0;90.0;0.0404493979934081;0.1027571012342629
10.0;22;27;0.0047338411729743015;0.5081210343787106;nan;0.062;90.0;90.0;0.0915538363720714;0.0915538363720714
13.0;22;27;0.0047338411729743015;0.5081210343787106;nan;0.062;3652.0;30.0;0.0993700430118872;0.021215598309817
22.0;22;27;0.0047338411729743015;0.5081210343787106;nan;0.062;90.0;90.0;0.0665826349200478;0.0665826349200478
29.0;22;27;0.0047338411729743015;0.5081210343787106;nan;0.062;90.0;30.0;0.098923572533551;0.0532782227856177
