Site;Number Data Training;Number Global Data;MSE Test;R2 Test;Quality Metric;Quality Sum;P Real;P pred;H Real Preal;H Real Ppred
1.0;20;25;0.020493964618273346;0.528873045155505;0.022969212840433198;0.088;75.0;100.0;0.0850912692667235;0.1080604821071567
4.0;20;25;0.020493964618273346;0.528873045155505;0.06499270065801022;0.088;75.0;125.0;0.0982052033382978;0.163197903996308
24.0;20;25;0.020493964618273346;0.528873045155505;nan;0.088;75.0;30.0;0.0806796201739536;0.0306645078478985
27.0;20;25;0.020493964618273346;0.528873045155505;nan;0.088;75.0;75.0;0.0972403971442618;0.0972403971442618
30.0;20;25;0.020493964618273346;0.528873045155505;nan;0.088;365.0;75.0;0.0943415440641389;0.0397819268309972
