Site;Number Data Training;Number Global Data;MSE Test;R2 Test;Quality Metric;Quality Sum;P Real;P pred;H Real Preal;H Real Ppred
1.0;20;25;0.06849167683031551;-1.202126033852537;nan;0.084;75.0;30.0;0.0850912692667235;0.0425305241829691
19.0;20;25;0.06849167683031551;-1.202126033852537;0.08355299194062568;0.084;30.0;75.0;0.0866235149493999;0.1701765068900256
20.0;20;25;0.06849167683031551;-1.202126033852537;nan;0.084;100.0;30.0;0.0910601462720121;0.0363035232843364
24.0;20;25;0.06849167683031551;-1.202126033852537;nan;0.084;75.0;75.0;0.0806796201739536;0.0806796201739536
30.0;20;25;0.06849167683031551;-1.202126033852537;nan;0.084;365.0;30.0;0.0943415440641389;0.0218219316716011
