Site;Number Data Training;Number Global Data;MSE Test;R2 Test;Quality Metric;Quality Sum;P Real;P pred;H Real Preal;H Real Ppred
3.0;20;25;0.010375420483317927;0.8265697734118457;0.0602517744568109;0.203;75.0;150.0;0.0829605078650181;0.143212282321829
15.0;20;25;0.010375420483317927;0.8265697734118457;0.0979284482959183;0.203;30.0;75.0;0.0825331753189077;0.180461623614826
17.0;20;25;0.010375420483317927;0.8265697734118457;0.023311678069818903;0.203;75.0;100.0;0.086416666848223;0.1097283449180419
20.0;20;25;0.010375420483317927;0.8265697734118457;0.0219030977464533;0.203;100.0;125.0;0.0910601462720121;0.1129632440184654
24.0;20;25;0.010375420483317927;0.8265697734118457;nan;0.203;75.0;60.0;0.0806796201739536;0.0641990374270417
