Site;Number Data Training;Number Global Data;MSE Test;R2 Test;Quality Metric;Quality Sum;P Real;P pred;H Real Preal;H Real Ppred
7.0;20;25;0.007982798416133287;0.4740131518336086;nan;0.15;100.0;75.0;0.0904205207984803;0.0675783894922642
17.0;20;25;0.007982798416133287;0.4740131518336086;nan;0.15;75.0;75.0;0.086416666848223;0.086416666848223
21.0;20;25;0.007982798416133287;0.4740131518336086;0.1500261290787484;0.15;90.0;365.0;0.0986127877393275;0.2486389168180759
22.0;20;25;0.007982798416133287;0.4740131518336086;nan;0.15;150.0;125.0;0.0946198779296581;0.0860241819163684
29.0;20;25;0.007982798416133287;0.4740131518336086;nan;0.15;90.0;30.0;0.098923572533551;0.0532782227856177
