Site;Number Data Training;Number Global Data;MSE Test;R2 Test;Quality Metric;Quality Sum;P Real;P pred;H Real Preal;H Real Ppred
3.0;20;25;0.023843806344972133;0.6014391181753636;nan;0.195;75.0;75.0;0.0829605078650181;0.0829605078650181
15.0;20;25;0.023843806344972133;0.6014391181753636;0.0979284482959183;0.195;30.0;75.0;0.0825331753189077;0.180461623614826
17.0;20;25;0.023843806344972133;0.6014391181753636;nan;0.195;75.0;30.0;0.086416666848223;0.0413325160789286
20.0;20;25;0.023843806344972133;0.6014391181753636;0.0969873000114521;0.195;100.0;250.0;0.0910601462720121;0.1880474462834642
24.0;20;25;0.023843806344972133;0.6014391181753636;nan;0.195;75.0;75.0;0.0806796201739536;0.0806796201739536
