Site;Number Data Training;Number Global Data;MSE Test;R2 Test;Quality Metric;Quality Sum;P Real;P pred;H Real Preal;H Real Ppred
3.0;20;25;0.029031553517198702;0.22238726522022323;0.08651888963447349;0.332;75.0;200.0;0.0829605078650181;0.1694793974994916
4.0;20;25;0.029031553517198702;0.22238726522022323;nan;0.332;75.0;45.0;0.0982052033382978;0.0552578951093874
8.0;20;25;0.029031553517198702;0.22238726522022323;nan;0.332;125.0;50.0;0.0867459868794762;0.0411498392865107
19.0;20;25;0.029031553517198702;0.22238726522022323;0.125902378272696;0.332;30.0;100.0;0.0866235149493999;0.2125258932220959
28.0;20;25;0.029031553517198702;0.22238726522022323;0.1198608547699373;0.332;50.0;150.0;0.0912401650277275;0.2111010197976648
