Site;Number Data Training;Number Global Data;MSE Test;R2 Test;Quality Metric;Quality Sum;P Real;P pred;H Real Preal;H Real Ppred
11.0;22;27;0.013900259765983263;0.7064274419441947;nan;0;182.0;30.0;0.0809120145894057;0.020072089411818
15.0;22;27;0.013900259765983263;0.7064274419441947;nan;0;30.0;30.0;0.0825331753189077;0.0825331753189077
20.0;22;27;0.013900259765983263;0.7064274419441947;nan;0;90.0;30.0;0.0939738204160915;0.0363035232843364
25.0;22;27;0.013900259765983263;0.7064274419441947;nan;0;90.0;90.0;0.0734978659430122;0.0734978659430122
30.0;22;27;0.013900259765983263;0.7064274419441947;nan;0;365.0;90.0;0.0943415440641389;0.0470231990120249
