Site;Number Data Training;Number Global Data;MSE Test;R2 Test;Quality Metric;Quality Sum;P Real;P pred;H Real Preal;H Real Ppred
16.0;20;25;0.01309374841226301;0.47976411175265166;nan;0;90.0;30.0;0.0895169299721877;0.0353137113675942
18.0;20;25;0.01309374841226301;0.47976411175265166;nan;0;3652.0;30.0;0.0515095706017609;0.013022431319224
22.0;20;25;0.01309374841226301;0.47976411175265166;nan;0;90.0;90.0;0.0665826349200478;0.0665826349200478
24.0;20;25;0.01309374841226301;0.47976411175265166;nan;0;30.0;30.0;0.0306645078478985;0.0306645078478985
27.0;20;25;0.01309374841226301;0.47976411175265166;nan;0;30.0;30.0;0.0493077354091983;0.0493077354091983
