Site;Number Data Training;Number Global Data;MSE Test;R2 Test;Quality Metric;Quality Sum;P Real;P pred;H Real Preal;H Real Ppred
8.0;20;25;0.012501778833737582;0.1354027377442537;nan;0.065;90.0;30.0;0.0692507301025263;0.0261748518897128
10.0;20;25;0.012501778833737582;0.1354027377442537;nan;0.065;90.0;90.0;0.0915538363720714;0.0915538363720714
11.0;20;25;0.012501778833737582;0.1354027377442537;nan;0.065;182.0;30.0;0.0809120145894057;0.020072089411818
17.0;20;25;0.012501778833737582;0.1354027377442537;0.0653970705161301;0.065;30.0;90.0;0.0413325160789286;0.1067295865950587
27.0;20;25;0.012501778833737582;0.1354027377442537;nan;0.065;30.0;30.0;0.0493077354091983;0.0493077354091983
