Site;Number Data Training;Number Global Data;MSE Test;R2 Test;Quality Metric;Quality Sum;P Real;P pred;H Real Preal;H Real Ppred
11.0;20;25;0.021091560486587387;0.5972596755846419;nan;0.098;330.0;75.0;0.0959083060330537;0.0368904258739981
12.0;20;25;0.021091560486587387;0.5972596755846419;nan;0.098;150.0;100.0;0.0962223954294124;0.075515837203816
15.0;20;25;0.021091560486587387;0.5972596755846419;0.0979284482959183;0.098;30.0;75.0;0.0825331753189077;0.180461623614826
16.0;20;25;0.021091560486587387;0.5972596755846419;nan;0.098;100.0;75.0;0.0844783754487946;0.0725509104538725
30.0;20;25;0.021091560486587387;0.5972596755846419;nan;0.098;365.0;75.0;0.0943415440641389;0.0397819268309972
