Site;Number Data Training;Number Global Data;MSE Test;R2 Test;Quality Metric;Quality Sum;P Real;P pred;H Real Preal;H Real Ppred
8.0;20;25;0.014550239704820249;0.0012444911605807851;nan;0.115;125.0;100.0;0.0867459868794762;0.0671801751349022
10.0;20;25;0.014550239704820249;0.0012444911605807851;0.0282396243392658;0.115;100.0;150.0;0.0973990073949321;0.1256386317341979
11.0;20;25;0.014550239704820249;0.0012444911605807851;nan;0.115;330.0;50.0;0.0959083060330537;0.0284514783161753
17.0;20;25;0.014550239704820249;0.0012444911605807851;nan;0.115;75.0;75.0;0.086416666848223;0.086416666848223
27.0;20;25;0.014550239704820249;0.0012444911605807851;0.0866667103052634;0.115;75.0;200.0;0.0972403971442618;0.1839071074495252
