Site;Number Data Training;Number Global Data;MSE Test;R2 Test;Quality Metric;Quality Sum;P Real;P pred;H Real Preal;H Real Ppred
8.0;20;25;0.0015674460623455815;0.9327898218392825;nan;0.018;125.0;90.0;0.0867459868794762;0.0692507301025263
10.0;20;25;0.0015674460623455815;0.9327898218392825;0.01827575978408201;0.018;100.0;125.0;0.0973990073949321;0.1156747671790141
14.0;20;25;0.0015674460623455815;0.9327898218392825;nan;0.018;150.0;125.0;0.0918619289379249;0.0833140874338638
16.0;20;25;0.0015674460623455815;0.9327898218392825;nan;0.018;100.0;90.0;0.0844783754487946;0.0895169299721877
24.0;20;25;0.0015674460623455815;0.9327898218392825;nan;0.018;75.0;75.0;0.0806796201739536;0.0806796201739536
