Site;Number Data Training;Number Global Data;MSE Test;R2 Test;Quality Metric;Quality Sum;P Real;P pred;H Real Preal;H Real Ppred
4.0;20;25;0.011070061618011337;0.542735861208709;0.09395454999436499;0.094;30.0;90.0;0.0343745209691433;0.1283290709635083
10.0;20;25;0.011070061618011337;0.542735861208709;nan;0.094;90.0;90.0;0.0915538363720714;0.0915538363720714
11.0;20;25;0.011070061618011337;0.542735861208709;nan;0.094;182.0;30.0;0.0809120145894057;0.020072089411818
13.0;20;25;0.011070061618011337;0.542735861208709;nan;0.094;3652.0;90.0;0.0993700430118872;0.0459743068795799
29.0;20;25;0.011070061618011337;0.542735861208709;nan;0.094;90.0;90.0;0.098923572533551;0.098923572533551
