Site;Number Data Training;Number Global Data;MSE Test;R2 Test;Quality Metric;Quality Sum;P Real;P pred;H Real Preal;H Real Ppred
27.0;24;25;0.02427569136700464;0.03223445560021565;0.0866667103052634;0.087;75.0;200.0;0.0972403971442618;0.1839071074495252
