Site;Number Data Training;Number Global Data;MSE Test;R2 Test;Quality Metric;Quality Sum;P Real;P pred;H Real Preal;H Real Ppred
2.0;22;27;0.0022892549614817507;0.8198352508184206;nan;0;90.0;90.0;0.0681692089993866;0.0681692089993866
6.0;22;27;0.0022892549614817507;0.8198352508184206;nan;0;90.0;30.0;0.0805447502647162;0.0352018987493894
14.0;22;27;0.0022892549614817507;0.8198352508184206;nan;0;90.0;90.0;0.0669928669115922;0.0669928669115922
20.0;22;27;0.0022892549614817507;0.8198352508184206;nan;0;90.0;30.0;0.0939738204160915;0.0363035232843364
27.0;22;27;0.0022892549614817507;0.8198352508184206;nan;0;30.0;30.0;0.0493077354091983;0.0493077354091983
