Site;Number Data Training;Number Global Data;MSE Test;R2 Test;Quality Metric;Quality Sum;P Real;P pred;H Real Preal;H Real Ppred
2.0;22;27;0.008398871691249168;0.6032323135037092;nan;0;90.0;90.0;0.0681692089993866;0.0681692089993866
8.0;22;27;0.008398871691249168;0.6032323135037092;nan;0;90.0;30.0;0.0692507301025263;0.0261748518897128
13.0;22;27;0.008398871691249168;0.6032323135037092;nan;0;3652.0;90.0;0.0993700430118872;0.0459743068795799
16.0;22;27;0.008398871691249168;0.6032323135037092;nan;0;90.0;30.0;0.0895169299721877;0.0353137113675942
24.0;22;27;0.008398871691249168;0.6032323135037092;nan;0;30.0;30.0;0.0306645078478985;0.0306645078478985
