Site;Number Data Training;Number Global Data;MSE Test;R2 Test;Quality Metric;Quality Sum;P Real;P pred;H Real Preal;H Real Ppred
7.0;20;25;0.004255456179400384;0.7983899085317461;nan;0.065;90.0;30.0;0.086542647569335;0.0316583333666094
14.0;20;25;0.004255456179400384;0.7983899085317461;nan;0.065;90.0;30.0;0.0669928669115922;0.0275341640025388
16.0;20;25;0.004255456179400384;0.7983899085317461;nan;0.065;90.0;30.0;0.0895169299721877;0.0353137113675942
17.0;20;25;0.004255456179400384;0.7983899085317461;0.0653970705161301;0.065;30.0;90.0;0.0413325160789286;0.1067295865950587
19.0;20;25;0.004255456179400384;0.7983899085317461;nan;0.065;30.0;30.0;0.0866235149493999;0.0866235149493999
