Site;Number Data Training;Number Global Data;MSE Test;R2 Test;Quality Metric;Quality Sum;P Real;P pred;H Real Preal;H Real Ppred
10.0;20;25;0.01878680544199547;0.24975781705795852;0.0282396243392658;0.395;100.0;150.0;0.0973990073949321;0.1256386317341979
19.0;20;25;0.01878680544199547;0.24975781705795852;0.11528048195616689;0.395;30.0;90.0;0.0866235149493999;0.2019039969055668
20.0;20;25;0.01878680544199547;0.24975781705795852;nan;0.395;100.0;90.0;0.0910601462720121;0.0939738204160915
27.0;20;25;0.01878680544199547;0.24975781705795852;0.01983004732601369;0.395;75.0;100.0;0.0972403971442618;0.1170704444702755
28.0;20;25;0.01878680544199547;0.24975781705795852;0.2317615502981504;0.395;50.0;365.0;0.0912401650277275;0.3230017153258779
