Site;Number Data Training;Number Global Data;MSE Test;R2 Test;Quality Metric;Quality Sum;P Real;P pred;H Real Preal;H Real Ppred
4.0;26;27;0.049116071637689704;0.3223439998809885;0.09395454999436499;0.094;30.0;90.0;0.0343745209691433;0.1283290709635083
