Site;Number Data Training;Number Global Data;MSE Test;R2 Test;Quality Metric;Quality Sum;P Real;P pred;H Real Preal;H Real Ppred
10.0;24;25;0.0017208589568837888;0.792035903620558;0.0282396243392658;0.028;100.0;150.0;0.0973990073949321;0.1256386317341979
