Site;Number Data Training;Number Global Data;MSE Test;R2 Test;Quality Metric;Quality Sum;P Real;P pred;H Real Preal;H Real Ppred
4.0;22;27;0.020508497143566364;0.662026022756099;0.09395454999436499;0.248;30.0;90.0;0.0343745209691433;0.1283290709635083
8.0;22;27;0.020508497143566364;0.662026022756099;nan;0.248;90.0;90.0;0.0692507301025263;0.0692507301025263
15.0;22;27;0.020508497143566364;0.662026022756099;0.154083590696306;0.248;30.0;90.0;0.0825331753189077;0.2366167660152137
21.0;22;27;0.020508497143566364;0.662026022756099;nan;0.248;90.0;90.0;0.0986127877393275;0.0986127877393275
25.0;22;27;0.020508497143566364;0.662026022756099;nan;0.248;90.0;90.0;0.0734978659430122;0.0734978659430122
