Site;Number Data Training;Number Global Data;MSE Test;R2 Test;Quality Metric;Quality Sum;P Real;P pred;H Real Preal;H Real Ppred
12.0;22;27;0.003858736928732649;0.8404525491804355;nan;0;90.0;90.0;0.0730083632551525;0.0730083632551525
20.0;22;27;0.003858736928732649;0.8404525491804355;nan;0;90.0;30.0;0.0939738204160915;0.0363035232843364
24.0;22;27;0.003858736928732649;0.8404525491804355;nan;0;30.0;30.0;0.0306645078478985;0.0306645078478985
27.0;22;27;0.003858736928732649;0.8404525491804355;nan;0;30.0;30.0;0.0493077354091983;0.0493077354091983
29.0;22;27;0.003858736928732649;0.8404525491804355;nan;0;90.0;30.0;0.098923572533551;0.0532782227856177
