Site;Number Data Training;Number Global Data;MSE Test;R2 Test;Quality Metric;Quality Sum;P Real;P pred;H Real Preal;H Real Ppred
1.0;20;25;0.012196636346838928;0.18713300636955044;0.06287049047289771;0.063;30.0;90.0;0.0425305241829691;0.1054010146558668
7.0;20;25;0.012196636346838928;0.18713300636955044;nan;0.063;90.0;30.0;0.086542647569335;0.0316583333666094
12.0;20;25;0.012196636346838928;0.18713300636955044;nan;0.063;90.0;90.0;0.0730083632551525;0.0730083632551525
18.0;20;25;0.012196636346838928;0.18713300636955044;nan;0.063;3652.0;30.0;0.0515095706017609;0.013022431319224
21.0;20;25;0.012196636346838928;0.18713300636955044;nan;0.063;90.0;30.0;0.0986127877393275;0.0354389533967742
