Site;Number Data Training;Number Global Data;MSE Test;R2 Test;Quality Metric;Quality Sum;P Real;P pred;H Real Preal;H Real Ppred
8.0;20;25;0.010710721558356512;-0.10500608221036045;nan;0;125.0;100.0;0.0867459868794762;0.0671801751349022
11.0;20;25;0.010710721558356512;-0.10500608221036045;nan;0;330.0;50.0;0.0959083060330537;0.0284514783161753
12.0;20;25;0.010710721558356512;-0.10500608221036045;nan;0;150.0;100.0;0.0962223954294124;0.075515837203816
21.0;20;25;0.010710721558356512;-0.10500608221036045;nan;0;90.0;75.0;0.0986127877393275;0.0773218887357087
25.0;20;25;0.010710721558356512;-0.10500608221036045;nan;0;125.0;100.0;0.0940222321495014;0.0761329268533129
