Site;Number Data Training;Number Global Data;MSE Test;R2 Test;Quality Metric;Quality Sum;P Real;P pred;H Real Preal;H Real Ppred
10.0;20;25;0.0128245059775929;-0.4707771453620271;nan;0;90.0;90.0;0.0915538363720714;0.0915538363720714
11.0;20;25;0.0128245059775929;-0.4707771453620271;nan;0;182.0;30.0;0.0809120145894057;0.020072089411818
16.0;20;25;0.0128245059775929;-0.4707771453620271;nan;0;90.0;30.0;0.0895169299721877;0.0353137113675942
18.0;20;25;0.0128245059775929;-0.4707771453620271;nan;0;3652.0;30.0;0.0515095706017609;0.013022431319224
29.0;20;25;0.0128245059775929;-0.4707771453620271;nan;0;90.0;30.0;0.098923572533551;0.0532782227856177
