Site;Number Data Training;Number Global Data;MSE Test;R2 Test;Quality Metric;Quality Sum;P Real;P pred;H Real Preal;H Real Ppred
3.0;22;27;0.008415941672346938;0.6766079991968386;0.06230770324085481;0.062;30.0;90.0;0.0404493979934081;0.1027571012342629
4.0;22;27;0.008415941672346938;0.6766079991968386;nan;0.062;30.0;30.0;0.0343745209691433;0.0343745209691433
8.0;22;27;0.008415941672346938;0.6766079991968386;nan;0.062;90.0;90.0;0.0692507301025263;0.0692507301025263
10.0;22;27;0.008415941672346938;0.6766079991968386;nan;0.062;90.0;90.0;0.0915538363720714;0.0915538363720714
11.0;22;27;0.008415941672346938;0.6766079991968386;nan;0.062;182.0;30.0;0.0809120145894057;0.020072089411818
