Site;Number Data Training;Number Global Data;MSE Test;R2 Test;Quality Metric;Quality Sum;P Real;P pred;H Real Preal;H Real Ppred
15.0;20;25;0.027511648718707947;0.5469107317801751;0.07753043540385009;0.217;30.0;60.0;0.0825331753189077;0.1600636107227578
20.0;20;25;0.027511648718707947;0.5469107317801751;0.05537024280157711;0.217;100.0;200.0;0.0910601462720121;0.1464303890735892
24.0;20;25;0.027511648718707947;0.5469107317801751;nan;0.217;75.0;75.0;0.0806796201739536;0.0806796201739536
27.0;20;25;0.027511648718707947;0.5469107317801751;0.05891033117815031;0.217;75.0;150.0;0.0972403971442618;0.1561507283224121
29.0;20;25;0.027511648718707947;0.5469107317801751;0.025343538133466403;0.217;90.0;100.0;0.098923572533551;0.1242671106670174
