Site;Number Data Training;Number Global Data;MSE Test;R2 Test;Quality Metric;Quality Sum;P Real;P pred;H Real Preal;H Real Ppred
15.0;20;25;0.01096888456479902;0.8213994166060827;0.0979284482959183;0.119;30.0;75.0;0.0825331753189077;0.180461623614826
16.0;20;25;0.01096888456479902;0.8213994166060827;nan;0.119;100.0;90.0;0.0844783754487946;0.0895169299721877
20.0;20;25;0.01096888456479902;0.8213994166060827;nan;0.119;100.0;90.0;0.0910601462720121;0.0939738204160915
24.0;20;25;0.01096888456479902;0.8213994166060827;nan;0.119;75.0;75.0;0.0806796201739536;0.0806796201739536
27.0;20;25;0.01096888456479902;0.8213994166060827;0.021227592869700995;0.119;75.0;90.0;0.0972403971442618;0.1184679900139628
