Site;Number Data Training;Number Global Data;MSE Test;R2 Test;Quality Metric;Quality Sum;P Real;P pred;H Real Preal;H Real Ppred
1.0;20;25;0.0026531086007778658;0.8181202894983564;nan;0.097;75.0;75.0;0.0850912692667235;0.0850912692667235
8.0;20;25;0.0026531086007778658;0.8181202894983564;nan;0.097;125.0;100.0;0.0867459868794762;0.0671801751349022
17.0;20;25;0.0026531086007778658;0.8181202894983564;nan;0.097;75.0;45.0;0.086416666848223;0.0588386845126401
18.0;20;25;0.0026531086007778658;0.8181202894983564;nan;0.097;3652.0;2250.0;0.0515095706017609;0.0509764643146258
20.0;20;25;0.0026531086007778658;0.8181202894983564;0.0969873000114521;0.097;100.0;250.0;0.0910601462720121;0.1880474462834642
