Site;Number Data Training;Number Global Data;MSE Test;R2 Test;Quality Metric;Quality Sum;P Real;P pred;H Real Preal;H Real Ppred
21.0;24;25;0.011409087028343014;0.344271276005344;0.1500261290787484;0.15;90.0;365.0;0.0986127877393275;0.2486389168180759
