Site;Number Data Training;Number Global Data;MSE Test;R2 Test;Quality Metric;Quality Sum;P Real;P pred;H Real Preal;H Real Ppred
6.0;22;27;0.00848388415903414;0.6152874154465799;nan;0.115;90.0;30.0;0.0805447502647162;0.0352018987493894
7.0;22;27;0.00848388415903414;0.6152874154465799;nan;0.115;90.0;90.0;0.086542647569335;0.086542647569335
10.0;22;27;0.00848388415903414;0.6152874154465799;nan;0.115;90.0;90.0;0.0915538363720714;0.0915538363720714
19.0;22;27;0.00848388415903414;0.6152874154465799;0.11528048195616689;0.115;30.0;90.0;0.0866235149493999;0.2019039969055668
27.0;22;27;0.00848388415903414;0.6152874154465799;nan;0.115;30.0;30.0;0.0493077354091983;0.0493077354091983
