Site;Number Data Training;Number Global Data;MSE Test;R2 Test;Quality Metric;Quality Sum;P Real;P pred;H Real Preal;H Real Ppred
1.0;20;25;0.05483855305788122;0.21096289429674864;0.06287049047289771;0.311;30.0;90.0;0.0425305241829691;0.1054010146558668
4.0;20;25;0.05483855305788122;0.21096289429674864;0.09395454999436499;0.311;30.0;90.0;0.0343745209691433;0.1283290709635083
15.0;20;25;0.05483855305788122;0.21096289429674864;0.154083590696306;0.311;30.0;90.0;0.0825331753189077;0.2366167660152137
24.0;20;25;0.05483855305788122;0.21096289429674864;nan;0.311;30.0;30.0;0.0306645078478985;0.0306645078478985
30.0;20;25;0.05483855305788122;0.21096289429674864;nan;0.311;365.0;30.0;0.0943415440641389;0.0218219316716011
