Site;Number Data Training;Number Global Data;MSE Test;R2 Test;Quality Metric;Quality Sum;P Real;P pred;H Real Preal;H Real Ppred
1.0;20;25;0.026555400703412144;0.3895292930817992;nan;0.042;75.0;75.0;0.0850912692667235;0.0850912692667235
4.0;20;25;0.026555400703412144;0.3895292930817992;nan;0.042;75.0;60.0;0.0982052033382978;0.0777451642775314
24.0;20;25;0.026555400703412144;0.3895292930817992;nan;0.042;75.0;60.0;0.0806796201739536;0.0641990374270417
27.0;20;25;0.026555400703412144;0.3895292930817992;0.04196334624442369;0.042;75.0;125.0;0.0972403971442618;0.1392037433886855
30.0;20;25;0.026555400703412144;0.3895292930817992;nan;0.042;365.0;100.0;0.0943415440641389;0.0491261932172611
