Site;Number Data Training;Number Global Data;MSE Test;R2 Test;Quality Metric;Quality Sum;P Real;P pred;H Real Preal;H Real Ppred
7.0;20;25;0.010442190406713568;0.5387494652867673;nan;0.252;100.0;75.0;0.0904205207984803;0.0675783894922642
13.0;20;25;0.010442190406713568;0.5387494652867673;nan;0.252;3000.0;640.0;0.0998605746589843;0.0849612236094247
14.0;20;25;0.010442190406713568;0.5387494652867673;nan;0.252;150.0;90.0;0.0918619289379249;0.0669928669115922
27.0;20;25;0.010442190406713568;0.5387494652867673;0.01983004732601369;0.252;75.0;100.0;0.0972403971442618;0.1170704444702755
28.0;20;25;0.010442190406713568;0.5387494652867673;0.2317615502981504;0.252;50.0;365.0;0.0912401650277275;0.3230017153258779
