Site;Number Data Training;Number Global Data;MSE Test;R2 Test;Quality Metric;Quality Sum;P Real;P pred;H Real Preal;H Real Ppred
4.0;20;25;0.025709990385091322;0.4125354031274445;nan;0.003;75.0;60.0;0.0982052033382978;0.0777451642775314
11.0;20;25;0.025709990385091322;0.4125354031274445;nan;0.003;330.0;100.0;0.0959083060330537;0.0450395001628755
18.0;20;25;0.025709990385091322;0.4125354031274445;nan;0.003;3652.0;75.0;0.0515095706017609;0.0236715852474286
21.0;20;25;0.025709990385091322;0.4125354031274445;0.0027304464335027034;0.003;90.0;100.0;0.0986127877393275;0.1013432341728302
24.0;20;25;0.025709990385091322;0.4125354031274445;nan;0.003;75.0;30.0;0.0806796201739536;0.0306645078478985
