Site;Number Data Training;Number Global Data;MSE Test;R2 Test;Quality Metric;Quality Sum;P Real;P pred;H Real Preal;H Real Ppred
17.0;14;15;0.0012122330635068437;0.9206003490788662;0.06658854902351623;0.067;75.0;150.0;0.08641666684822298;0.1530052158717392
