Site;Number Data Training;Number Global Data;MSE Test;R2 Test;Quality Metric;Quality Sum;P Real;P pred;H Real Preal;H Real Ppred
23.0;24;25;0.023729155794704217;0.35992658974102665;0.019244970556029098;0.019;50.0;60.0;0.0951034486697061;0.1143484192257352
