Site;Number Data Training;Number Global Data;MSE Test;R2 Test;Quality Metric;Quality Sum;P Real;P pred;H Real Preal;H Real Ppred
11.0;20;25;0.01606738721609267;-0.006371668247237894;nan;0.139;330.0;50.0;0.0959083060330537;0.0284514783161753
16.0;20;25;0.01606738721609267;-0.006371668247237894;0.024675435802241102;0.139;100.0;125.0;0.0844783754487946;0.1091538112510357
20.0;20;25;0.01606738721609267;-0.006371668247237894;0.05537024280157711;0.139;100.0;200.0;0.0910601462720121;0.1464303890735892
21.0;20;25;0.01606738721609267;-0.006371668247237894;nan;0.139;90.0;75.0;0.0986127877393275;0.0773218887357087
27.0;20;25;0.01606738721609267;-0.006371668247237894;0.05891033117815031;0.139;75.0;150.0;0.0972403971442618;0.1561507283224121
