Site;Number Data Training;Number Global Data;MSE Test;R2 Test;Quality Metric;Quality Sum;P Real;P pred;H Real Preal;H Real Ppred
7.0;20;25;0.005782596641944322;0.47192541273397237;nan;0;100.0;100.0;0.0904205207984803;0.0904205207984803
11.0;20;25;0.005782596641944322;0.47192541273397237;nan;0;330.0;60.0;0.0959083060330537;0.033546352924242
12.0;20;25;0.005782596641944322;0.47192541273397237;nan;0;150.0;100.0;0.0962223954294124;0.075515837203816
14.0;20;25;0.005782596641944322;0.47192541273397237;nan;0;150.0;100.0;0.0918619289379249;0.068680108288561
16.0;20;25;0.005782596641944322;0.47192541273397237;nan;0;100.0;75.0;0.0844783754487946;0.0725509104538725
