Site;Number Data Training;Number Global Data;MSE Test;R2 Test;Quality Metric;Quality Sum;P Real;P pred;H Real Preal;H Real Ppred
3.0;20;25;0.0033155654967425814;0.7484383153664946;nan;0.047;75.0;75.0;0.0829605078650181;0.0829605078650181
7.0;20;25;0.0033155654967425814;0.7484383153664946;0.0232595604167075;0.047;100.0;125.0;0.0904205207984803;0.1136800812151878
14.0;20;25;0.0033155654967425814;0.7484383153664946;nan;0.047;150.0;100.0;0.0918619289379249;0.068680108288561
17.0;20;25;0.0033155654967425814;0.7484383153664946;0.023311678069818903;0.047;75.0;100.0;0.086416666848223;0.1097283449180419
29.0;20;25;0.0033155654967425814;0.7484383153664946;nan;0.047;90.0;30.0;0.098923572533551;0.0532782227856177
