Site;Number Data Training;Number Global Data;MSE Test;R2 Test;Quality Metric;Quality Sum;P Real;P pred;H Real Preal;H Real Ppred
2.0;22;27;0.0006468329006437584;0.9593211599162934;nan;0.062;90.0;90.0;0.0681692089993866;0.0681692089993866
3.0;22;27;0.0006468329006437584;0.9593211599162934;0.06230770324085481;0.062;30.0;90.0;0.0404493979934081;0.1027571012342629
16.0;22;27;0.0006468329006437584;0.9593211599162934;nan;0.062;90.0;30.0;0.0895169299721877;0.0353137113675942
21.0;22;27;0.0006468329006437584;0.9593211599162934;nan;0.062;90.0;90.0;0.0986127877393275;0.0986127877393275
27.0;22;27;0.0006468329006437584;0.9593211599162934;nan;0.062;30.0;30.0;0.0493077354091983;0.0493077354091983
