Site;Number Data Training;Number Global Data;MSE Test;R2 Test;Quality Metric;Quality Sum;P Real;P pred;H Real Preal;H Real Ppred
10.0;20;25;0.01489347711126173;0.31685984904279707;0.0282396243392658;0.07;100.0;150.0;0.0973990073949321;0.1256386317341979
11.0;20;25;0.01489347711126173;0.31685984904279707;nan;0.07;330.0;50.0;0.0959083060330537;0.0284514783161753
23.0;20;25;0.01489347711126173;0.31685984904279707;nan;0.07;50.0;50.0;0.0951034486697061;0.0951034486697061
27.0;20;25;0.01489347711126173;0.31685984904279707;0.04196334624442369;0.07;75.0;125.0;0.0972403971442618;0.1392037433886855
30.0;20;25;0.01489347711126173;0.31685984904279707;nan;0.07;365.0;100.0;0.0943415440641389;0.0491261932172611
