Site;Number Data Training;Number Global Data;MSE Test;R2 Test;Quality Metric;Quality Sum;P Real;P pred;H Real Preal;H Real Ppred
3.0;20;25;0.015873843228025195;0.5748177018257902;0.0602517744568109;0.283;75.0;150.0;0.0829605078650181;0.143212282321829
4.0;20;25;0.015873843228025195;0.5748177018257902;nan;0.283;75.0;75.0;0.0982052033382978;0.0982052033382978
8.0;20;25;0.015873843228025195;0.5748177018257902;nan;0.283;125.0;90.0;0.0867459868794762;0.0692507301025263
19.0;20;25;0.015873843228025195;0.5748177018257902;0.125902378272696;0.283;30.0;100.0;0.0866235149493999;0.2125258932220959
28.0;20;25;0.015873843228025195;0.5748177018257902;0.0967760332742815;0.283;50.0;125.0;0.0912401650277275;0.188016198302009
