Site;Number Data Training;Number Global Data;MSE Test;R2 Test;Quality Metric;Quality Sum;P Real;P pred;H Real Preal;H Real Ppred
7.0;20;25;0.014099791111734584;0.5552893542271542;0.0232595604167075;0.023;100.0;125.0;0.0904205207984803;0.1136800812151878
12.0;20;25;0.014099791111734584;0.5552893542271542;nan;0.023;150.0;100.0;0.0962223954294124;0.075515837203816
23.0;20;25;0.014099791111734584;0.5552893542271542;nan;0.023;50.0;50.0;0.0951034486697061;0.0951034486697061
24.0;20;25;0.014099791111734584;0.5552893542271542;nan;0.023;75.0;30.0;0.0806796201739536;0.0306645078478985
25.0;20;25;0.014099791111734584;0.5552893542271542;nan;0.023;125.0;125.0;0.0940222321495014;0.0940222321495014
