Site;Number Data Training;Number Global Data;MSE Test;R2 Test;Quality Metric;Quality Sum;P Real;P pred;H Real Preal;H Real Ppred
1.0;22;27;0.01433785680428391;0.6162494480755165;0.06287049047289771;0.063;30.0;90.0;0.0425305241829691;0.1054010146558668
4.0;22;27;0.01433785680428391;0.6162494480755165;nan;0.063;30.0;30.0;0.0343745209691433;0.0343745209691433
20.0;22;27;0.01433785680428391;0.6162494480755165;nan;0.063;90.0;30.0;0.0939738204160915;0.0363035232843364
24.0;22;27;0.01433785680428391;0.6162494480755165;nan;0.063;30.0;30.0;0.0306645078478985;0.0306645078478985
25.0;22;27;0.01433785680428391;0.6162494480755165;nan;0.063;90.0;90.0;0.0734978659430122;0.0734978659430122
