Site;Number Data Training;Number Global Data;MSE Test;R2 Test;Quality Metric;Quality Sum;P Real;P pred;H Real Preal;H Real Ppred
18.0;20;25;0.03462764646619706;-0.7763934413406128;nan;0.069;3652.0;365.0;0.0515095706017609;0.0481160170316837
20.0;20;25;0.03462764646619706;-0.7763934413406128;nan;0.069;90.0;30.0;0.0939738204160915;0.0363035232843364
27.0;20;25;0.03462764646619706;-0.7763934413406128;0.06916025460476449;0.069;30.0;90.0;0.0493077354091983;0.1184679900139628
28.0;20;25;0.03462764646619706;-0.7763934413406128;nan;0.069;30.0;30.0;0.056126814949097;0.056126814949097
30.0;20;25;0.03462764646619706;-0.7763934413406128;nan;0.069;365.0;30.0;0.0943415440641389;0.0218219316716011
