Site;Number Data Training;Number Global Data;MSE Test;R2 Test;Quality Metric;Quality Sum;P Real;P pred;H Real Preal;H Real Ppred
7.0;20;25;0.01031452764730634;0.06177454752194145;nan;0.018;100.0;75.0;0.0904205207984803;0.0675783894922642
10.0;20;25;0.01031452764730634;0.06177454752194145;0.01827575978408201;0.018;100.0;125.0;0.0973990073949321;0.1156747671790141
13.0;20;25;0.01031452764730634;0.06177454752194145;nan;0.018;3000.0;640.0;0.0998605746589843;0.0849612236094247
16.0;20;25;0.01031452764730634;0.06177454752194145;nan;0.018;100.0;75.0;0.0844783754487946;0.0725509104538725
30.0;20;25;0.01031452764730634;0.06177454752194145;nan;0.018;365.0;75.0;0.0943415440641389;0.0397819268309972
