Site;Number Data Training;Number Global Data;MSE Test;R2 Test;Quality Metric;Quality Sum;P Real;P pred;H Real Preal;H Real Ppred
10.0;20;25;0.004588311525984445;0.8364127799366982;nan;0.065;90.0;90.0;0.0915538363720714;0.0915538363720714
11.0;20;25;0.004588311525984445;0.8364127799366982;nan;0.065;182.0;30.0;0.0809120145894057;0.020072089411818
17.0;20;25;0.004588311525984445;0.8364127799366982;0.0653970705161301;0.065;30.0;90.0;0.0413325160789286;0.1067295865950587
24.0;20;25;0.004588311525984445;0.8364127799366982;nan;0.065;30.0;30.0;0.0306645078478985;0.0306645078478985
28.0;20;25;0.004588311525984445;0.8364127799366982;nan;0.065;30.0;30.0;0.056126814949097;0.056126814949097
