Site;Number Data Training;Number Global Data;MSE Test;R2 Test;Quality Metric;Quality Sum;P Real;P pred;H Real Preal;H Real Ppred
8.0;20;25;0.018156554692170944;0.6292274167962566;nan;0;90.0;90.0;0.0692507301025263;0.0692507301025263
15.0;20;25;0.018156554692170944;0.6292274167962566;nan;0;30.0;30.0;0.0825331753189077;0.0825331753189077
17.0;20;25;0.018156554692170944;0.6292274167962566;nan;0;30.0;30.0;0.0413325160789286;0.0413325160789286
18.0;20;25;0.018156554692170944;0.6292274167962566;nan;0;3652.0;365.0;0.0515095706017609;0.0481160170316837
29.0;20;25;0.018156554692170944;0.6292274167962566;nan;0;90.0;90.0;0.098923572533551;0.098923572533551
