Site;Number Data Training;Number Global Data;MSE Test;R2 Test;Quality Metric;Quality Sum;P Real;P pred;H Real Preal;H Real Ppred
4.0;20;25;0.0734862761273754;-0.023160437978464676;0.1133798346477225;0.494;75.0;150.0;0.0982052033382978;0.2115850379860203
11.0;20;25;0.0734862761273754;-0.023160437978464676;nan;0.494;330.0;60.0;0.0959083060330537;0.033546352924242
15.0;20;25;0.0734862761273754;-0.023160437978464676;0.2584766524071142;0.494;30.0;150.0;0.0825331753189077;0.3410098277260219
23.0;20;25;0.0734862761273754;-0.023160437978464676;0.12196524325043201;0.494;50.0;125.0;0.0951034486697061;0.2170686919201381
30.0;20;25;0.0734862761273754;-0.023160437978464676;nan;0.494;365.0;75.0;0.0943415440641389;0.0397819268309972
