Site;Number Data Training;Number Global Data;MSE Test;R2 Test;Quality Metric;Quality Sum;P Real;P pred;H Real Preal;H Real Ppred
1.0;20;25;0.023511293112886987;0.5635112579394517;0.022969212840433198;0.121;75.0;100.0;0.0850912692667235;0.1080604821071567
8.0;20;25;0.023511293112886987;0.5635112579394517;nan;0.121;125.0;100.0;0.0867459868794762;0.0671801751349022
13.0;20;25;0.023511293112886987;0.5635112579394517;nan;0.121;3000.0;100.0;0.0998605746589843;0.0469526408581791
15.0;20;25;0.023511293112886987;0.5635112579394517;0.0979284482959183;0.121;30.0;75.0;0.0825331753189077;0.180461623614826
16.0;20;25;0.023511293112886987;0.5635112579394517;nan;0.121;100.0;100.0;0.0844783754487946;0.0844783754487946
