Site;Number Data Training;Number Global Data;MSE Test;R2 Test;Quality Metric;Quality Sum;P Real;P pred;H Real Preal;H Real Ppred
15.0;20;25;0.015116592361702468;0.6906403646869261;nan;0.065;30.0;30.0;0.0825331753189077;0.0825331753189077
16.0;20;25;0.015116592361702468;0.6906403646869261;nan;0.065;90.0;30.0;0.0895169299721877;0.0353137113675942
17.0;20;25;0.015116592361702468;0.6906403646869261;0.0653970705161301;0.065;30.0;90.0;0.0413325160789286;0.1067295865950587
20.0;20;25;0.015116592361702468;0.6906403646869261;nan;0.065;90.0;30.0;0.0939738204160915;0.0363035232843364
30.0;20;25;0.015116592361702468;0.6906403646869261;nan;0.065;365.0;30.0;0.0943415440641389;0.0218219316716011
