Site;SubCatch;Number Data Training;Number Global Data;MSE Test;R2 Test;Quality Metric;Quality Sum;P Real;P pred;H Real Preal;H Real Ppred
33;2;34;35;0.018238900904586623;0.5383820152728056;0.1480388889249638;0.148;30;100;0.0843838997550839;0.2324227886800477
