Site;SubCatch;Number Data Training;Number Global Data;MSE Test;R2 Test;Quality Metric;Quality Sum;P Real;P pred;H Real Preal;H Real Ppred
39;9;34;35;0.12461049807266932;0.046930680886785536;0.1277087027381669;0.128;60;75;0.0036824139923373;0.1313911167305042
