Site;Number Data Training;Number Global Data;MSE Test;R2 Test;Quality Metric;Quality Sum;P Real;P pred;H Real Preal;H Real Ppred
15.0;22;27;0.015812093649700192;0.7117973528060335;nan;0.181;30.0;30.0;0.0825331753189077;0.0825331753189077
17.0;22;27;0.015812093649700192;0.7117973528060335;0.0653970705161301;0.181;30.0;90.0;0.0413325160789286;0.1067295865950587
19.0;22;27;0.015812093649700192;0.7117973528060335;0.11528048195616689;0.181;30.0;90.0;0.0866235149493999;0.2019039969055668
22.0;22;27;0.015812093649700192;0.7117973528060335;nan;0.181;90.0;90.0;0.0665826349200478;0.0665826349200478
27.0;22;27;0.015812093649700192;0.7117973528060335;nan;0.181;30.0;30.0;0.0493077354091983;0.0493077354091983
