Site;Number Data Training;Number Global Data;MSE Test;R2 Test;Quality Metric;Quality Sum;P Real;P pred;H Real Preal;H Real Ppred
3.0;26;27;0.001029757374894241;0.928682666386419;0.06230770324085481;0.062;30.0;90.0;0.0404493979934081;0.1027571012342629
