Site;Number Data Training;Number Global Data;MSE Test;R2 Test;Quality Metric;Quality Sum;P Real;P pred;H Real Preal;H Real Ppred
11.0;20;25;0.012227041898228179;0.27661857145157764;nan;0;182.0;30.0;0.0809120145894057;0.020072089411818
13.0;20;25;0.012227041898228179;0.27661857145157764;nan;0;3652.0;30.0;0.0993700430118872;0.021215598309817
14.0;20;25;0.012227041898228179;0.27661857145157764;nan;0;90.0;90.0;0.0669928669115922;0.0669928669115922
19.0;20;25;0.012227041898228179;0.27661857145157764;nan;0;30.0;30.0;0.0866235149493999;0.0866235149493999
20.0;20;25;0.012227041898228179;0.27661857145157764;nan;0;90.0;30.0;0.0939738204160915;0.0363035232843364
