Site;SubCatch;Number Data Training;Number Global Data;MSE Test;R2 Test;Quality Metric;Quality Sum;P Real;P pred;H Real Preal;H Real Ppred
39;4;29;30;0.023146897005511553;-0.23421664874214798;0.0992958733505666;0.099;60;75;0.0029559590424926;0.1022518323930592
