Site;Number Data Training;Number Global Data;MSE Test;R2 Test;Quality Metric;Quality Sum;P Real;P pred;H Real Preal;H Real Ppred
14.0;20;25;0.005162479406199195;0.8324272795355031;nan;0.15;90.0;90.0;0.0669928669115922;0.0669928669115922
17.0;20;25;0.005162479406199195;0.8324272795355031;nan;0.15;30.0;30.0;0.0413325160789286;0.0413325160789286
21.0;20;25;0.005162479406199195;0.8324272795355031;0.1500261290787484;0.15;90.0;365.0;0.0986127877393275;0.2486389168180759
23.0;20;25;0.005162479406199195;0.8324272795355031;nan;0.15;30.0;30.0;0.0601751122032808;0.0601751122032808
24.0;20;25;0.005162479406199195;0.8324272795355031;nan;0.15;30.0;30.0;0.0306645078478985;0.0306645078478985
