Site;Number Data Training;Number Global Data;MSE Test;R2 Test;Quality Metric;Quality Sum;P Real;P pred;H Real Preal;H Real Ppred
18.0;20;25;0.05771367912948055;-1.6157425297205483;nan;0.052;3652.0;2250.0;0.0515095706017609;0.0509764643146258
20.0;20;25;0.05771367912948055;-1.6157425297205483;nan;0.052;100.0;30.0;0.0910601462720121;0.0363035232843364
27.0;20;25;0.05771367912948055;-1.6157425297205483;0.01983004732601369;0.052;75.0;100.0;0.0972403971442618;0.1170704444702755
28.0;20;25;0.05771367912948055;-1.6157425297205483;0.032093643247467704;0.052;50.0;75.0;0.0912401650277275;0.1233338082751952
30.0;20;25;0.05771367912948055;-1.6157425297205483;nan;0.052;365.0;30.0;0.0943415440641389;0.0218219316716011
