Site;Number Data Training;Number Global Data;MSE Test;R2 Test;Quality Metric;Quality Sum;P Real;P pred;H Real Preal;H Real Ppred
11.0;20;25;0.019046795803321283;-1.5050856628998286;nan;0.054;330.0;50.0;0.0959083060330537;0.0284514783161753
13.0;20;25;0.019046795803321283;-1.5050856628998286;nan;0.054;3000.0;60.0;0.0998605746589843;0.0346905965629798
16.0;20;25;0.019046795803321283;-1.5050856628998286;nan;0.054;100.0;75.0;0.0844783754487946;0.0725509104538725
25.0;20;25;0.019046795803321283;-1.5050856628998286;nan;0.054;125.0;125.0;0.0940222321495014;0.0940222321495014
29.0;20;25;0.019046795803321283;-1.5050856628998286;0.054351062716472914;0.054;90.0;150.0;0.098923572533551;0.1532746352500239
