Site;Number Data Training;Number Global Data;MSE Test;R2 Test;Quality Metric;Quality Sum;P Real;P pred;H Real Preal;H Real Ppred
4.0;20;25;0.025926005066917626;0.13521286873112226;nan;0.01;75.0;50.0;0.0982052033382978;0.0633693474709858
16.0;20;25;0.025926005066917626;0.13521286873112226;nan;0.01;100.0;75.0;0.0844783754487946;0.0725509104538725
18.0;20;25;0.025926005066917626;0.13521286873112226;nan;0.01;3652.0;60.0;0.0515095706017609;0.0207932237891045
20.0;20;25;0.025926005066917626;0.13521286873112226;nan;0.01;100.0;75.0;0.0910601462720121;0.0760837005891203
25.0;20;25;0.025926005066917626;0.13521286873112226;0.0099181142790995;0.01;125.0;150.0;0.0940222321495014;0.1039403464286009
