Site;Number Data Training;Number Global Data;MSE Test;R2 Test;Quality Metric;Quality Sum;P Real;P pred;H Real Preal;H Real Ppred
2.0;22;27;0.015335173263575808;0.7169627130125776;nan;0.154;90.0;90.0;0.0681692089993866;0.0681692089993866
15.0;22;27;0.015335173263575808;0.7169627130125776;0.154083590696306;0.154;30.0;90.0;0.0825331753189077;0.2366167660152137
16.0;22;27;0.015335173263575808;0.7169627130125776;nan;0.154;90.0;30.0;0.0895169299721877;0.0353137113675942
18.0;22;27;0.015335173263575808;0.7169627130125776;nan;0.154;3652.0;90.0;0.0515095706017609;0.0274766933281444
19.0;22;27;0.015335173263575808;0.7169627130125776;nan;0.154;30.0;30.0;0.0866235149493999;0.0866235149493999
