Site;Number Data Training;Number Global Data;MSE Test;R2 Test;Quality Metric;Quality Sum;P Real;P pred;H Real Preal;H Real Ppred
21.0;24;25;0.0006919620025248763;0.9587280524506177;0.0027304464335027034;0.003;90.0;100.0;0.0986127877393275;0.1013432341728302
