Site;Number Data Training;Number Global Data;MSE Test;R2 Test;Quality Metric;Quality Sum;P Real;P pred;H Real Preal;H Real Ppred
4.0;20;25;0.006202876222145703;0.7799557914040941;nan;0;75.0;75.0;0.0982052033382978;0.0982052033382978
8.0;20;25;0.006202876222145703;0.7799557914040941;nan;0;125.0;75.0;0.0867459868794762;0.0551663282849413
12.0;20;25;0.006202876222145703;0.7799557914040941;nan;0;150.0;100.0;0.0962223954294124;0.075515837203816
14.0;20;25;0.006202876222145703;0.7799557914040941;nan;0;150.0;100.0;0.0918619289379249;0.068680108288561
20.0;20;25;0.006202876222145703;0.7799557914040941;nan;0;100.0;100.0;0.0910601462720121;0.0910601462720121
