Site;Number Data Training;Number Global Data;MSE Test;R2 Test;Quality Metric;Quality Sum;P Real;P pred;H Real Preal;H Real Ppred
16.0;20;25;0.009614101460580676;0.6739388985120659;nan;0;100.0;75.0;0.0844783754487946;0.0725509104538725
18.0;20;25;0.009614101460580676;0.6739388985120659;nan;0;3652.0;75.0;0.0515095706017609;0.0236715852474286
22.0;20;25;0.009614101460580676;0.6739388985120659;nan;0;150.0;75.0;0.0946198779296581;0.0720847793771322
24.0;20;25;0.009614101460580676;0.6739388985120659;nan;0;75.0;30.0;0.0806796201739536;0.0306645078478985
27.0;20;25;0.009614101460580676;0.6739388985120659;nan;0;75.0;60.0;0.0972403971442618;0.089410937081037
