Site;Number Data Training;Number Global Data;MSE Test;R2 Test;Quality Metric;Quality Sum;P Real;P pred;H Real Preal;H Real Ppred
18.0;20;25;0.026608149500977226;-0.20595445198912166;nan;0.291;3652.0;75.0;0.0515095706017609;0.0236715852474286
20.0;20;25;0.026608149500977226;-0.20595445198912166;nan;0.291;100.0;50.0;0.0910601462720121;0.0583231261672882
27.0;20;25;0.026608149500977226;-0.20595445198912166;0.05891033117815031;0.291;75.0;150.0;0.0972403971442618;0.1561507283224121
28.0;20;25;0.026608149500977226;-0.20595445198912166;0.2317615502981504;0.291;50.0;365.0;0.0912401650277275;0.3230017153258779
30.0;20;25;0.026608149500977226;-0.20595445198912166;nan;0.291;365.0;50.0;0.0943415440641389;0.0313984610443821
