Site;Number Data Training;Number Global Data;MSE Test;R2 Test;Quality Metric;Quality Sum;P Real;P pred;H Real Preal;H Real Ppred
8.0;20;25;0.025392578572648365;0.5290801850281566;nan;0.121;125.0;100.0;0.0867459868794762;0.0671801751349022
15.0;20;25;0.025392578572648365;0.5290801850281566;0.0979284482959183;0.121;30.0;75.0;0.0825331753189077;0.180461623614826
17.0;20;25;0.025392578572648365;0.5290801850281566;0.023311678069818903;0.121;75.0;100.0;0.086416666848223;0.1097283449180419
18.0;20;25;0.025392578572648365;0.5290801850281566;nan;0.121;3652.0;100.0;0.0515095706017609;0.0298563797653111
29.0;20;25;0.025392578572648365;0.5290801850281566;nan;0.121;90.0;30.0;0.098923572533551;0.0532782227856177
