Site;Number Data Training;Number Global Data;MSE Test;R2 Test;Quality Metric;Quality Sum;P Real;P pred;H Real Preal;H Real Ppred
3.0;22;27;0.012245339523580185;0.7409412644640582;0.06230770324085481;0.062;30.0;90.0;0.0404493979934081;0.1027571012342629
6.0;22;27;0.012245339523580185;0.7409412644640582;nan;0.062;90.0;30.0;0.0805447502647162;0.0352018987493894
11.0;22;27;0.012245339523580185;0.7409412644640582;nan;0.062;182.0;30.0;0.0809120145894057;0.020072089411818
15.0;22;27;0.012245339523580185;0.7409412644640582;nan;0.062;30.0;30.0;0.0825331753189077;0.0825331753189077
25.0;22;27;0.012245339523580185;0.7409412644640582;nan;0.062;90.0;90.0;0.0734978659430122;0.0734978659430122
