Site;Number Data Training;Number Global Data;MSE Test;R2 Test;Quality Metric;Quality Sum;P Real;P pred;H Real Preal;H Real Ppred
7.0;20;25;0.006088099260262846;0.7121744799974197;nan;0.168;90.0;30.0;0.086542647569335;0.0316583333666094
13.0;20;25;0.006088099260262846;0.7121744799974197;nan;0.168;3652.0;90.0;0.0993700430118872;0.0459743068795799
14.0;20;25;0.006088099260262846;0.7121744799974197;nan;0.168;90.0;30.0;0.0669928669115922;0.0275341640025388
27.0;20;25;0.006088099260262846;0.7121744799974197;0.06916025460476449;0.168;30.0;90.0;0.0493077354091983;0.1184679900139628
28.0;20;25;0.006088099260262846;0.7121744799974197;0.09894812544548881;0.168;30.0;90.0;0.056126814949097;0.1550749403945858
