Site;Number Data Training;Number Global Data;MSE Test;R2 Test;Quality Metric;Quality Sum;P Real;P pred;H Real Preal;H Real Ppred
7.0;20;25;0.013804361675359877;0.3087230289309232;nan;0.133;100.0;75.0;0.0904205207984803;0.0675783894922642
14.0;20;25;0.013804361675359877;0.3087230289309232;nan;0.133;150.0;100.0;0.0918619289379249;0.068680108288561
16.0;20;25;0.013804361675359877;0.3087230289309232;nan;0.133;100.0;75.0;0.0844783754487946;0.0725509104538725
17.0;20;25;0.013804361675359877;0.3087230289309232;0.0496228714611027;0.133;75.0;125.0;0.086416666848223;0.1360395383093257
19.0;20;25;0.013804361675359877;0.3087230289309232;0.08355299194062568;0.133;30.0;75.0;0.0866235149493999;0.1701765068900256
