Site;Number Data Training;Number Global Data;MSE Test;R2 Test;Quality Metric;Quality Sum;P Real;P pred;H Real Preal;H Real Ppred
8.0;20;25;0.04361514138503813;0.19113239121225756;nan;0.148;125.0;75.0;0.0867459868794762;0.0551663282849413
15.0;20;25;0.04361514138503813;0.19113239121225756;0.0979284482959183;0.148;30.0;75.0;0.0825331753189077;0.180461623614826
17.0;20;25;0.04361514138503813;0.19113239121225756;0.0496228714611027;0.148;75.0;125.0;0.086416666848223;0.1360395383093257
18.0;20;25;0.04361514138503813;0.19113239121225756;nan;0.148;3652.0;75.0;0.0515095706017609;0.0236715852474286
29.0;20;25;0.04361514138503813;0.19113239121225756;nan;0.148;90.0;30.0;0.098923572533551;0.0532782227856177
