Site;Number Data Training;Number Global Data;MSE Test;R2 Test;Quality Metric;Quality Sum;P Real;P pred;H Real Preal;H Real Ppred
1.0;20;25;0.0016306098944934757;0.8817442496640501;nan;0.025;75.0;75.0;0.0850912692667235;0.0850912692667235
12.0;20;25;0.0016306098944934757;0.8817442496640501;nan;0.025;150.0;100.0;0.0962223954294124;0.075515837203816
16.0;20;25;0.0016306098944934757;0.8817442496640501;0.024675435802241102;0.025;100.0;125.0;0.0844783754487946;0.1091538112510357
17.0;20;25;0.0016306098944934757;0.8817442496640501;nan;0.025;75.0;30.0;0.086416666848223;0.0413325160789286
22.0;20;25;0.0016306098944934757;0.8817442496640501;nan;0.025;150.0;125.0;0.0946198779296581;0.0860241819163684
