Site;Number Data Training;Number Global Data;MSE Test;R2 Test;Quality Metric;Quality Sum;P Real;P pred;H Real Preal;H Real Ppred
3.0;20;25;0.009742031780536741;0.5340858024945333;0.04610139064228699;0.209;75.0;125.0;0.0829605078650181;0.1290618985073051
12.0;20;25;0.009742031780536741;0.5340858024945333;nan;0.209;150.0;100.0;0.0962223954294124;0.075515837203816
17.0;20;25;0.009742031780536741;0.5340858024945333;0.023311678069818903;0.209;75.0;100.0;0.086416666848223;0.1097283449180419
27.0;20;25;0.009742031780536741;0.5340858024945333;0.01983004732601369;0.209;75.0;100.0;0.0972403971442618;0.1170704444702755
28.0;20;25;0.009742031780536741;0.5340858024945333;0.1198608547699373;0.209;50.0;150.0;0.0912401650277275;0.2111010197976648
