Site;Number Data Training;Number Global Data;MSE Test;R2 Test;Quality Metric;Quality Sum;P Real;P pred;H Real Preal;H Real Ppred
4.0;20;25;0.012736601150958971;0.5595197068911517;nan;0;30.0;30.0;0.0343745209691433;0.0343745209691433
7.0;20;25;0.012736601150958971;0.5595197068911517;nan;0;90.0;30.0;0.086542647569335;0.0316583333666094
11.0;20;25;0.012736601150958971;0.5595197068911517;nan;0;182.0;30.0;0.0809120145894057;0.020072089411818
17.0;20;25;0.012736601150958971;0.5595197068911517;nan;0;30.0;30.0;0.0413325160789286;0.0413325160789286
20.0;20;25;0.012736601150958971;0.5595197068911517;nan;0;90.0;90.0;0.0939738204160915;0.0939738204160915
