Site;Number Data Training;Number Global Data;MSE Test;R2 Test;Quality Metric;Quality Sum;P Real;P pred;H Real Preal;H Real Ppred
7.0;20;25;0.007687541030649508;0.3004702420635249;nan;0;90.0;90.0;0.086542647569335;0.086542647569335
10.0;20;25;0.007687541030649508;0.3004702420635249;nan;0;90.0;90.0;0.0915538363720714;0.0915538363720714
13.0;20;25;0.007687541030649508;0.3004702420635249;nan;0;3652.0;30.0;0.0993700430118872;0.021215598309817
16.0;20;25;0.007687541030649508;0.3004702420635249;nan;0;90.0;30.0;0.0895169299721877;0.0353137113675942
30.0;20;25;0.007687541030649508;0.3004702420635249;nan;0;365.0;30.0;0.0943415440641389;0.0218219316716011
