Site;Number Data Training;Number Global Data;MSE Test;R2 Test;Quality Metric;Quality Sum;P Real;P pred;H Real Preal;H Real Ppred
1.0;20;25;0.008157042206140896;0.739125157069034;0.022969212840433198;0.055;75.0;100.0;0.0850912692667235;0.1080604821071567
20.0;20;25;0.008157042206140896;0.739125157069034;nan;0.055;100.0;75.0;0.0910601462720121;0.0760837005891203
24.0;20;25;0.008157042206140896;0.739125157069034;nan;0.055;75.0;30.0;0.0806796201739536;0.0306645078478985
28.0;20;25;0.008157042206140896;0.739125157069034;0.032093643247467704;0.055;50.0;75.0;0.0912401650277275;0.1233338082751952
30.0;20;25;0.008157042206140896;0.739125157069034;nan;0.055;365.0;100.0;0.0943415440641389;0.0491261932172611
