Site;Number Data Training;Number Global Data;MSE Test;R2 Test;Quality Metric;Quality Sum;P Real;P pred;H Real Preal;H Real Ppred
10.0;20;25;0.010772767523804605;0.5058702559878394;nan;0.038;100.0;100.0;0.0973990073949321;0.0973990073949321
11.0;20;25;0.010772767523804605;0.5058702559878394;nan;0.038;330.0;60.0;0.0959083060330537;0.033546352924242
23.0;20;25;0.010772767523804605;0.5058702559878394;0.037729339075152385;0.038;50.0;75.0;0.0951034486697061;0.1328327877448585
27.0;20;25;0.010772767523804605;0.5058702559878394;nan;0.038;75.0;50.0;0.0972403971442618;0.0763259694301895
30.0;20;25;0.010772767523804605;0.5058702559878394;nan;0.038;365.0;90.0;0.0943415440641389;0.0470231990120249
