Site;Number Data Training;Number Global Data;MSE Test;R2 Test;Quality Metric;Quality Sum;P Real;P pred;H Real Preal;H Real Ppred
10.0;20;25;0.006321333758328482;0.2699737926619077;0.01827575978408201;0.018;100.0;125.0;0.0973990073949321;0.1156747671790141
11.0;20;25;0.006321333758328482;0.2699737926619077;nan;0.018;330.0;75.0;0.0959083060330537;0.0368904258739981
16.0;20;25;0.006321333758328482;0.2699737926619077;nan;0.018;100.0;75.0;0.0844783754487946;0.0725509104538725
18.0;20;25;0.006321333758328482;0.2699737926619077;nan;0.018;3652.0;125.0;0.0515095706017609;0.0342707370975021
29.0;20;25;0.006321333758328482;0.2699737926619077;nan;0.018;90.0;45.0;0.098923572533551;0.0733820123933489
