Site;Number Data Training;Number Global Data;MSE Test;R2 Test;Quality Metric;Quality Sum;P Real;P pred;H Real Preal;H Real Ppred
8.0;20;25;0.015438541166502106;0.5128162987524024;nan;0.032;125.0;90.0;0.0867459868794762;0.0692507301025263
11.0;20;25;0.015438541166502106;0.5128162987524024;nan;0.032;330.0;125.0;0.0959083060330537;0.0536194455200638
18.0;20;25;0.015438541166502106;0.5128162987524024;nan;0.032;3652.0;100.0;0.0515095706017609;0.0298563797653111
24.0;20;25;0.015438541166502106;0.5128162987524024;nan;0.032;75.0;30.0;0.0806796201739536;0.0306645078478985
28.0;20;25;0.015438541166502106;0.5128162987524024;0.032093643247467704;0.032;50.0;75.0;0.0912401650277275;0.1233338082751952
