Site;Number Data Training;Number Global Data;MSE Test;R2 Test;Quality Metric;Quality Sum;P Real;P pred;H Real Preal;H Real Ppred
1.0;20;25;0.04722983923286168;0.3641466889823345;0.022969212840433198;0.187;75.0;100.0;0.0850912692667235;0.1080604821071567
4.0;20;25;0.04722983923286168;0.3641466889823345;0.013202385271553596;0.187;75.0;100.0;0.0982052033382978;0.1114075886098514
15.0;20;25;0.04722983923286168;0.3641466889823345;0.15120857264273402;0.187;30.0;100.0;0.0825331753189077;0.2337417479616417
24.0;20;25;0.04722983923286168;0.3641466889823345;nan;0.187;75.0;60.0;0.0806796201739536;0.0641990374270417
30.0;20;25;0.04722983923286168;0.3641466889823345;nan;0.187;365.0;75.0;0.0943415440641389;0.0397819268309972
