Site;Number Data Training;Number Global Data;MSE Test;R2 Test;Quality Metric;Quality Sum;P Real;P pred;H Real Preal;H Real Ppred
15.0;20;25;0.023489757370402327;0.5715599998211374;0.0979284482959183;0.098;30.0;75.0;0.0825331753189077;0.180461623614826
18.0;20;25;0.023489757370402327;0.5715599998211374;nan;0.098;3652.0;2250.0;0.0515095706017609;0.0509764643146258
22.0;20;25;0.023489757370402327;0.5715599998211374;nan;0.098;150.0;100.0;0.0946198779296581;0.0673529852309897
25.0;20;25;0.023489757370402327;0.5715599998211374;nan;0.098;125.0;100.0;0.0940222321495014;0.0761329268533129
30.0;20;25;0.023489757370402327;0.5715599998211374;nan;0.098;365.0;100.0;0.0943415440641389;0.0491261932172611
