Site;Number Data Training;Number Global Data;MSE Test;R2 Test;Quality Metric;Quality Sum;P Real;P pred;H Real Preal;H Real Ppred
3.0;20;25;0.0029353110484349365;0.8591956757542495;0.06230770324085481;0.062;30.0;90.0;0.0404493979934081;0.1027571012342629
10.0;20;25;0.0029353110484349365;0.8591956757542495;nan;0.062;90.0;90.0;0.0915538363720714;0.0915538363720714
20.0;20;25;0.0029353110484349365;0.8591956757542495;nan;0.062;90.0;30.0;0.0939738204160915;0.0363035232843364
21.0;20;25;0.0029353110484349365;0.8591956757542495;nan;0.062;90.0;90.0;0.0986127877393275;0.0986127877393275
23.0;20;25;0.0029353110484349365;0.8591956757542495;nan;0.062;30.0;30.0;0.0601751122032808;0.0601751122032808
