Site;Number Data Training;Number Global Data;MSE Test;R2 Test;Quality Metric;Quality Sum;P Real;P pred;H Real Preal;H Real Ppred
7.0;20;25;0.017585962380260563;-0.8520404558030572;nan;0;100.0;75.0;0.0904205207984803;0.0675783894922642
12.0;20;25;0.017585962380260563;-0.8520404558030572;nan;0;150.0;100.0;0.0962223954294124;0.075515837203816
14.0;20;25;0.017585962380260563;-0.8520404558030572;nan;0;150.0;100.0;0.0918619289379249;0.068680108288561
18.0;20;25;0.017585962380260563;-0.8520404558030572;nan;0;3652.0;75.0;0.0515095706017609;0.0236715852474286
30.0;20;25;0.017585962380260563;-0.8520404558030572;nan;0;365.0;100.0;0.0943415440641389;0.0491261932172611
