Site;Number Data Training;Number Global Data;MSE Test;R2 Test;Quality Metric;Quality Sum;P Real;P pred;H Real Preal;H Real Ppred
1.0;20;25;0.009616887562935356;0.5369950556397882;nan;0;30.0;30.0;0.0425305241829691;0.0425305241829691
8.0;20;25;0.009616887562935356;0.5369950556397882;nan;0;90.0;30.0;0.0692507301025263;0.0261748518897128
10.0;20;25;0.009616887562935356;0.5369950556397882;nan;0;90.0;90.0;0.0915538363720714;0.0915538363720714
16.0;20;25;0.009616887562935356;0.5369950556397882;nan;0;90.0;30.0;0.0895169299721877;0.0353137113675942
23.0;20;25;0.009616887562935356;0.5369950556397882;nan;0;30.0;30.0;0.0601751122032808;0.0601751122032808
