Site;Number Data Training;Number Global Data;MSE Test;R2 Test;Quality Metric;Quality Sum;P Real;P pred;H Real Preal;H Real Ppred
8.0;20;25;0.016247020809549886;0.5392205401622996;nan;0.181;90.0;90.0;0.0692507301025263;0.0692507301025263
17.0;20;25;0.016247020809549886;0.5392205401622996;0.0653970705161301;0.181;30.0;90.0;0.0413325160789286;0.1067295865950587
19.0;20;25;0.016247020809549886;0.5392205401622996;0.11528048195616689;0.181;30.0;90.0;0.0866235149493999;0.2019039969055668
23.0;20;25;0.016247020809549886;0.5392205401622996;nan;0.181;30.0;30.0;0.0601751122032808;0.0601751122032808
24.0;20;25;0.016247020809549886;0.5392205401622996;nan;0.181;30.0;30.0;0.0306645078478985;0.0306645078478985
