Site;Number Data Training;Number Global Data;MSE Test;R2 Test;Quality Metric;Quality Sum;P Real;P pred;H Real Preal;H Real Ppred
1.0;20;25;0.0065113685728552155;0.7554416767040315;nan;0.204;30.0;30.0;0.0425305241829691;0.0425305241829691
11.0;20;25;0.0065113685728552155;0.7554416767040315;nan;0.204;182.0;90.0;0.0809120145894057;0.0435498926878454
17.0;20;25;0.0065113685728552155;0.7554416767040315;nan;0.204;30.0;30.0;0.0413325160789286;0.0413325160789286
23.0;20;25;0.0065113685728552155;0.7554416767040315;0.1053827308659946;0.204;30.0;90.0;0.0601751122032808;0.1655578430692754
28.0;20;25;0.0065113685728552155;0.7554416767040315;0.09894812544548881;0.204;30.0;90.0;0.056126814949097;0.1550749403945858
