Site;Number Data Training;Number Global Data;MSE Test;R2 Test;Quality Metric;Quality Sum;P Real;P pred;H Real Preal;H Real Ppred
8.0;20;25;0.023104235663193133;-0.5966593649803749;nan;0.118;125.0;60.0;0.0867459868794762;0.0492114794156571
12.0;20;25;0.023104235663193133;-0.5966593649803749;nan;0.118;150.0;100.0;0.0962223954294124;0.075515837203816
13.0;20;25;0.023104235663193133;-0.5966593649803749;nan;0.118;3000.0;365.0;0.0998605746589843;0.0799346362186648
21.0;20;25;0.023104235663193133;-0.5966593649803749;0.11822622052124279;0.118;90.0;250.0;0.0986127877393275;0.2168390082605703
27.0;20;25;0.023104235663193133;-0.5966593649803749;nan;0.118;75.0;75.0;0.0972403971442618;0.0972403971442618
