Site;Number Data Training;Number Global Data;MSE Test;R2 Test;Quality Metric;Quality Sum;P Real;P pred;H Real Preal;H Real Ppred
8.0;20;25;0.01029873143690855;0.47710044469407575;nan;0.019;125.0;100.0;0.0867459868794762;0.0671801751349022
14.0;20;25;0.01029873143690855;0.47710044469407575;nan;0.019;150.0;125.0;0.0918619289379249;0.0833140874338638
17.0;20;25;0.01029873143690855;0.47710044469407575;nan;0.019;75.0;30.0;0.086416666848223;0.0413325160789286
23.0;20;25;0.01029873143690855;0.47710044469407575;0.019244970556029098;0.019;50.0;60.0;0.0951034486697061;0.1143484192257352
30.0;20;25;0.01029873143690855;0.47710044469407575;nan;0.019;365.0;100.0;0.0943415440641389;0.0491261932172611
