Site;Number Data Training;Number Global Data;MSE Test;R2 Test;Quality Metric;Quality Sum;P Real;P pred;H Real Preal;H Real Ppred
11.0;20;25;0.031217978776821552;0.40389716976303514;nan;0.123;330.0;50.0;0.0959083060330537;0.0284514783161753
12.0;20;25;0.031217978776821552;0.40389716976303514;nan;0.123;150.0;100.0;0.0962223954294124;0.075515837203816
15.0;20;25;0.031217978776821552;0.40389716976303514;0.0979284482959183;0.123;30.0;75.0;0.0825331753189077;0.180461623614826
16.0;20;25;0.031217978776821552;0.40389716976303514;0.024675435802241102;0.123;100.0;125.0;0.0844783754487946;0.1091538112510357
30.0;20;25;0.031217978776821552;0.40389716976303514;nan;0.123;365.0;100.0;0.0943415440641389;0.0491261932172611
