Site;Number Data Training;Number Global Data;MSE Test;R2 Test;Quality Metric;Quality Sum;P Real;P pred;H Real Preal;H Real Ppred
15.0;20;25;0.014866017517088232;0.7316417123547293;0.15120857264273402;0.151;30.0;100.0;0.0825331753189077;0.2337417479616417
16.0;20;25;0.014866017517088232;0.7316417123547293;nan;0.151;100.0;75.0;0.0844783754487946;0.0725509104538725
17.0;20;25;0.014866017517088232;0.7316417123547293;nan;0.151;75.0;75.0;0.086416666848223;0.086416666848223
18.0;20;25;0.014866017517088232;0.7316417123547293;nan;0.151;3652.0;75.0;0.0515095706017609;0.0236715852474286
22.0;20;25;0.014866017517088232;0.7316417123547293;nan;0.151;150.0;75.0;0.0946198779296581;0.0720847793771322
