Site;Number Data Training;Number Global Data;MSE Test;R2 Test;Quality Metric;Quality Sum;P Real;P pred;H Real Preal;H Real Ppred
8.0;20;25;0.019186227738098638;-0.31697834784986556;nan;0.042;125.0;100.0;0.0867459868794762;0.0671801751349022
10.0;20;25;0.019186227738098638;-0.31697834784986556;0.01827575978408201;0.042;100.0;125.0;0.0973990073949321;0.1156747671790141
11.0;20;25;0.019186227738098638;-0.31697834784986556;nan;0.042;330.0;60.0;0.0959083060330537;0.033546352924242
17.0;20;25;0.019186227738098638;-0.31697834784986556;0.023311678069818903;0.042;75.0;100.0;0.086416666848223;0.1097283449180419
27.0;20;25;0.019186227738098638;-0.31697834784986556;nan;0.042;75.0;60.0;0.0972403971442618;0.089410937081037
