Site;Number Data Training;Number Global Data;MSE Test;R2 Test;Quality Metric;Quality Sum;P Real;P pred;H Real Preal;H Real Ppred
3.0;20;25;0.014661198044364433;0.603703294040157;0.06230770324085481;0.277;30.0;90.0;0.0404493979934081;0.1027571012342629
4.0;20;25;0.014661198044364433;0.603703294040157;nan;0.277;30.0;30.0;0.0343745209691433;0.0343745209691433
8.0;20;25;0.014661198044364433;0.603703294040157;nan;0.277;90.0;30.0;0.0692507301025263;0.0261748518897128
19.0;20;25;0.014661198044364433;0.603703294040157;0.11528048195616689;0.277;30.0;90.0;0.0866235149493999;0.2019039969055668
28.0;20;25;0.014661198044364433;0.603703294040157;0.09894812544548881;0.277;30.0;90.0;0.056126814949097;0.1550749403945858
