Site;Number Data Training;Number Global Data;MSE Test;R2 Test;Quality Metric;Quality Sum;P Real;P pred;H Real Preal;H Real Ppred
3.0;22;27;0.005702527493492771;0.6839522698057321;0.06230770324085481;0.062;30.0;90.0;0.0404493979934081;0.1027571012342629
13.0;22;27;0.005702527493492771;0.6839522698057321;nan;0.062;3652.0;30.0;0.0993700430118872;0.021215598309817
23.0;22;27;0.005702527493492771;0.6839522698057321;nan;0.062;30.0;30.0;0.0601751122032808;0.0601751122032808
25.0;22;27;0.005702527493492771;0.6839522698057321;nan;0.062;90.0;90.0;0.0734978659430122;0.0734978659430122
29.0;22;27;0.005702527493492771;0.6839522698057321;nan;0.062;90.0;90.0;0.098923572533551;0.098923572533551
