Site;Number Data Training;Number Global Data;MSE Test;R2 Test;Quality Metric;Quality Sum;P Real;P pred;H Real Preal;H Real Ppred
10.0;20;25;0.011181801396040407;0.5717401771667441;nan;0.283;90.0;90.0;0.0915538363720714;0.0915538363720714
19.0;20;25;0.011181801396040407;0.5717401771667441;0.11528048195616689;0.283;30.0;90.0;0.0866235149493999;0.2019039969055668
20.0;20;25;0.011181801396040407;0.5717401771667441;nan;0.283;90.0;30.0;0.0939738204160915;0.0363035232843364
27.0;20;25;0.011181801396040407;0.5717401771667441;0.06916025460476449;0.283;30.0;90.0;0.0493077354091983;0.1184679900139628
28.0;20;25;0.011181801396040407;0.5717401771667441;0.09894812544548881;0.283;30.0;90.0;0.056126814949097;0.1550749403945858
