Site;Number Data Training;Number Global Data;MSE Test;R2 Test;Quality Metric;Quality Sum;P Real;P pred;H Real Preal;H Real Ppred
7.0;20;25;0.005517697055161883;0.4981017072974686;nan;0.053;100.0;30.0;0.0904205207984803;0.0316583333666094
10.0;20;25;0.005517697055161883;0.4981017072974686;0.0282396243392658;0.053;100.0;150.0;0.0973990073949321;0.1256386317341979
13.0;20;25;0.005517697055161883;0.4981017072974686;nan;0.053;3000.0;640.0;0.0998605746589843;0.0849612236094247
16.0;20;25;0.005517697055161883;0.4981017072974686;0.024675435802241102;0.053;100.0;125.0;0.0844783754487946;0.1091538112510357
30.0;20;25;0.005517697055161883;0.4981017072974686;nan;0.053;365.0;100.0;0.0943415440641389;0.0491261932172611
