Site;Number Data Training;Number Global Data;MSE Test;R2 Test;Quality Metric;Quality Sum;P Real;P pred;H Real Preal;H Real Ppred
8.0;20;25;0.008311397065305688;0.6395340652708219;nan;0;90.0;90.0;0.0692507301025263;0.0692507301025263
11.0;20;25;0.008311397065305688;0.6395340652708219;nan;0;182.0;30.0;0.0809120145894057;0.020072089411818
19.0;20;25;0.008311397065305688;0.6395340652708219;nan;0;30.0;30.0;0.0866235149493999;0.0866235149493999
25.0;20;25;0.008311397065305688;0.6395340652708219;nan;0;90.0;90.0;0.0734978659430122;0.0734978659430122
28.0;20;25;0.008311397065305688;0.6395340652708219;nan;0;30.0;30.0;0.056126814949097;0.056126814949097
