Site;Number Data Training;Number Global Data;MSE Test;R2 Test;Quality Metric;Quality Sum;P Real;P pred;H Real Preal;H Real Ppred
10.0;20;25;0.021070110845385508;0.15857509653361446;0.01827575978408201;0.363;100.0;125.0;0.0973990073949321;0.1156747671790141
19.0;20;25;0.021070110845385508;0.15857509653361446;0.16639439615820828;0.363;30.0;125.0;0.0866235149493999;0.2530179111076082
20.0;20;25;0.021070110845385508;0.15857509653361446;nan;0.363;100.0;100.0;0.0910601462720121;0.0910601462720121
27.0;20;25;0.021070110845385508;0.15857509653361446;0.05891033117815031;0.363;75.0;150.0;0.0972403971442618;0.1561507283224121
28.0;20;25;0.021070110845385508;0.15857509653361446;0.1198608547699373;0.363;50.0;150.0;0.0912401650277275;0.2111010197976648
