Site;Number Data Training;Number Global Data;MSE Test;R2 Test;Quality Metric;Quality Sum;P Real;P pred;H Real Preal;H Real Ppred
4.0;20;25;0.0218799425794247;0.44035117445775795;0.013202385271553596;0.308;75.0;100.0;0.0982052033382978;0.1114075886098514
8.0;20;25;0.0218799425794247;0.44035117445775795;nan;0.308;125.0;60.0;0.0867459868794762;0.0492114794156571
17.0;20;25;0.0218799425794247;0.44035117445775795;0.023311678069818903;0.308;75.0;100.0;0.086416666848223;0.1097283449180419
23.0;20;25;0.0218799425794247;0.44035117445775795;0.037729339075152385;0.308;50.0;75.0;0.0951034486697061;0.1328327877448585
28.0;20;25;0.0218799425794247;0.44035117445775795;0.23377267004787047;0.308;50.0;250.0;0.0912401650277275;0.325012835075598
