Site;Number Data Training;Number Global Data;MSE Test;R2 Test;Quality Metric;Quality Sum;P Real;P pred;H Real Preal;H Real Ppred
4.0;22;27;0.017489031148274017;0.30160725032920177;0.09395454999436499;0.094;30.0;90.0;0.0343745209691433;0.1283290709635083
11.0;22;27;0.017489031148274017;0.30160725032920177;nan;0.094;182.0;30.0;0.0809120145894057;0.020072089411818
20.0;22;27;0.017489031148274017;0.30160725032920177;nan;0.094;90.0;30.0;0.0939738204160915;0.0363035232843364
22.0;22;27;0.017489031148274017;0.30160725032920177;nan;0.094;90.0;90.0;0.0665826349200478;0.0665826349200478
30.0;22;27;0.017489031148274017;0.30160725032920177;nan;0.094;365.0;90.0;0.0943415440641389;0.0470231990120249
