Site;SubCatch;Number Data Training;Number Global Data;MSE Test;R2 Test;Quality Metric;Quality Sum;P Real;P pred;H Real Preal;H Real Ppred
2;2;14;15;0.38828017307008306;0.08948469626194666;0.07099117622394471;0.071;7;30;0.0388064007461574;0.1097975769701021
