Site;Number Data Training;Number Global Data;MSE Test;R2 Test;Quality Metric;Quality Sum;P Real;P pred;H Real Preal;H Real Ppred
10.0;20;25;0.006273358797334318;0.7909699037483581;0.0282396243392658;0.084;100.0;150.0;0.0973990073949321;0.1256386317341979
11.0;20;25;0.006273358797334318;0.7909699037483581;nan;0.084;330.0;75.0;0.0959083060330537;0.0368904258739981
17.0;20;25;0.006273358797334318;0.7909699037483581;0.023311678069818903;0.084;75.0;100.0;0.086416666848223;0.1097283449180419
24.0;20;25;0.006273358797334318;0.7909699037483581;nan;0.084;75.0;30.0;0.0806796201739536;0.0306645078478985
28.0;20;25;0.006273358797334318;0.7909699037483581;0.032093643247467704;0.084;50.0;75.0;0.0912401650277275;0.1233338082751952
