Site;Number Data Training;Number Global Data;MSE Test;R2 Test;Quality Metric;Quality Sum;P Real;P pred;H Real Preal;H Real Ppred
4.0;22;27;0.013779095838157573;0.6421909808241785;nan;0.065;30.0;30.0;0.0343745209691433;0.0343745209691433
7.0;22;27;0.013779095838157573;0.6421909808241785;nan;0.065;90.0;90.0;0.086542647569335;0.086542647569335
16.0;22;27;0.013779095838157573;0.6421909808241785;nan;0.065;90.0;30.0;0.0895169299721877;0.0353137113675942
17.0;22;27;0.013779095838157573;0.6421909808241785;0.0653970705161301;0.065;30.0;90.0;0.0413325160789286;0.1067295865950587
24.0;22;27;0.013779095838157573;0.6421909808241785;nan;0.065;30.0;30.0;0.0306645078478985;0.0306645078478985
