Site;Number Data Training;Number Global Data;MSE Test;R2 Test;Quality Metric;Quality Sum;P Real;P pred;H Real Preal;H Real Ppred
10.0;20;25;0.016462951557755814;-0.5972280218392694;nan;0.003;100.0;100.0;0.0973990073949321;0.0973990073949321
11.0;20;25;0.016462951557755814;-0.5972280218392694;nan;0.003;330.0;75.0;0.0959083060330537;0.0368904258739981
18.0;20;25;0.016462951557755814;-0.5972280218392694;nan;0.003;3652.0;75.0;0.0515095706017609;0.0236715852474286
21.0;20;25;0.016462951557755814;-0.5972280218392694;0.0027304464335027034;0.003;90.0;100.0;0.0986127877393275;0.1013432341728302
29.0;20;25;0.016462951557755814;-0.5972280218392694;nan;0.003;90.0;60.0;0.098923572533551;0.0898624533026975
