Site;Number Data Training;Number Global Data;MSE Test;R2 Test;Quality Metric;Quality Sum;P Real;P pred;H Real Preal;H Real Ppred
3.0;20;25;0.004407487122244735;0.7885766667895695;nan;0.15;30.0;30.0;0.0404493979934081;0.0404493979934081
10.0;20;25;0.004407487122244735;0.7885766667895695;nan;0.15;90.0;90.0;0.0915538363720714;0.0915538363720714
20.0;20;25;0.004407487122244735;0.7885766667895695;nan;0.15;90.0;90.0;0.0939738204160915;0.0939738204160915
21.0;20;25;0.004407487122244735;0.7885766667895695;0.1500261290787484;0.15;90.0;365.0;0.0986127877393275;0.2486389168180759
23.0;20;25;0.004407487122244735;0.7885766667895695;nan;0.15;30.0;30.0;0.0601751122032808;0.0601751122032808
