Site;Number Data Training;Number Global Data;MSE Test;R2 Test;Quality Metric;Quality Sum;P Real;P pred;H Real Preal;H Real Ppred
15.0;26;27;0.044651904651285226;0.683825198632958;0.154083590696306;0.154;30.0;90.0;0.0825331753189077;0.2366167660152137
