Site;Number Data Training;Number Global Data;MSE Test;R2 Test;Quality Metric;Quality Sum;P Real;P pred;H Real Preal;H Real Ppred
3.0;20;25;0.006477223794102219;0.6785867409684276;nan;0.281;75.0;75.0;0.0829605078650181;0.0829605078650181
10.0;20;25;0.006477223794102219;0.6785867409684276;0.0282396243392658;0.281;100.0;150.0;0.0973990073949321;0.1256386317341979
20.0;20;25;0.006477223794102219;0.6785867409684276;0.1028640221111458;0.281;100.0;365.0;0.0910601462720121;0.1939241683831579
21.0;20;25;0.006477223794102219;0.6785867409684276;0.1500261290787484;0.281;90.0;365.0;0.0986127877393275;0.2486389168180759
23.0;20;25;0.006477223794102219;0.6785867409684276;nan;0.281;50.0;50.0;0.0951034486697061;0.0951034486697061
