Site;Number Data Training;Number Global Data;MSE Test;R2 Test;Quality Metric;Quality Sum;P Real;P pred;H Real Preal;H Real Ppred
11.0;20;25;0.014201630557926904;0.1950970557785907;nan;0.186;330.0;50.0;0.0959083060330537;0.0284514783161753
13.0;20;25;0.014201630557926904;0.1950970557785907;nan;0.186;3000.0;75.0;0.0998605746589843;0.0387243201545047
14.0;20;25;0.014201630557926904;0.1950970557785907;nan;0.186;150.0;100.0;0.0918619289379249;0.068680108288561
19.0;20;25;0.014201630557926904;0.1950970557785907;0.08355299194062568;0.186;30.0;75.0;0.0866235149493999;0.1701765068900256
20.0;20;25;0.014201630557926904;0.1950970557785907;0.1028640221111458;0.186;100.0;365.0;0.0910601462720121;0.1939241683831579
