Site;Number Data Training;Number Global Data;MSE Test;R2 Test;Quality Metric;Quality Sum;P Real;P pred;H Real Preal;H Real Ppred
8.0;20;25;0.042211458606614856;-0.33203872161515346;nan;0.056;125.0;45.0;0.0867459868794762;0.0370042592729786
11.0;20;25;0.042211458606614856;-0.33203872161515346;nan;0.056;330.0;125.0;0.0959083060330537;0.0536194455200638
18.0;20;25;0.042211458606614856;-0.33203872161515346;nan;0.056;3652.0;60.0;0.0515095706017609;0.0207932237891045
24.0;20;25;0.042211458606614856;-0.33203872161515346;nan;0.056;75.0;45.0;0.0806796201739536;0.049342016507786
28.0;20;25;0.042211458606614856;-0.33203872161515346;0.05616145497135011;0.056;50.0;100.0;0.0912401650277275;0.1474016199990776
