Site;Number Data Training;Number Global Data;MSE Test;R2 Test;Quality Metric;Quality Sum;P Real;P pred;H Real Preal;H Real Ppred
18.0;24;25;0.0009705908313217494;-2.1609510027085412;nan;0.0;3652.0;2250.0;0.0515095706017609;0.0509764643146258
