Site;Number Data Training;Number Global Data;MSE Test;R2 Test;Quality Metric;Quality Sum;P Real;P pred;H Real Preal;H Real Ppred
3.0;20;25;0.005554187024294448;0.7339046979419899;0.06230770324085481;0.296;30.0;90.0;0.0404493979934081;0.1027571012342629
12.0;20;25;0.005554187024294448;0.7339046979419899;nan;0.296;90.0;90.0;0.0730083632551525;0.0730083632551525
17.0;20;25;0.005554187024294448;0.7339046979419899;0.0653970705161301;0.296;30.0;90.0;0.0413325160789286;0.1067295865950587
27.0;20;25;0.005554187024294448;0.7339046979419899;0.06916025460476449;0.296;30.0;90.0;0.0493077354091983;0.1184679900139628
28.0;20;25;0.005554187024294448;0.7339046979419899;0.09894812544548881;0.296;30.0;90.0;0.056126814949097;0.1550749403945858
