Site;Number Data Training;Number Global Data;MSE Test;R2 Test;Quality Metric;Quality Sum;P Real;P pred;H Real Preal;H Real Ppred
8.0;20;25;0.0006781183281698882;0.9689884373319239;nan;0;90.0;30.0;0.0692507301025263;0.0261748518897128
10.0;20;25;0.0006781183281698882;0.9689884373319239;nan;0;90.0;90.0;0.0915538363720714;0.0915538363720714
14.0;20;25;0.0006781183281698882;0.9689884373319239;nan;0;90.0;90.0;0.0669928669115922;0.0669928669115922
16.0;20;25;0.0006781183281698882;0.9689884373319239;nan;0;90.0;90.0;0.0895169299721877;0.0895169299721877
24.0;20;25;0.0006781183281698882;0.9689884373319239;nan;0;30.0;30.0;0.0306645078478985;0.0306645078478985
