Site;Number Data Training;Number Global Data;MSE Test;R2 Test;Quality Metric;Quality Sum;P Real;P pred;H Real Preal;H Real Ppred
8.0;20;25;0.014668794386523822;0.4037463052403558;nan;0.099;90.0;30.0;0.0692507301025263;0.0261748518897128
10.0;20;25;0.014668794386523822;0.4037463052403558;nan;0.099;90.0;90.0;0.0915538363720714;0.0915538363720714
20.0;20;25;0.014668794386523822;0.4037463052403558;nan;0.099;90.0;30.0;0.0939738204160915;0.0363035232843364
23.0;20;25;0.014668794386523822;0.4037463052403558;nan;0.099;30.0;30.0;0.0601751122032808;0.0601751122032808
28.0;20;25;0.014668794386523822;0.4037463052403558;0.09894812544548881;0.099;30.0;90.0;0.056126814949097;0.1550749403945858
