Site;Number Data Training;Number Global Data;MSE Test;R2 Test;Quality Metric;Quality Sum;P Real;P pred;H Real Preal;H Real Ppred
3.0;20;25;0.009313414405424068;0.49948462523936676;0.0602517744568109;0.215;75.0;150.0;0.0829605078650181;0.143212282321829
20.0;20;25;0.009313414405424068;0.49948462523936676;0.0351268072125457;0.215;100.0;150.0;0.0910601462720121;0.1261869534845578
22.0;20;25;0.009313414405424068;0.49948462523936676;nan;0.215;150.0;90.0;0.0946198779296581;0.0665826349200478
25.0;20;25;0.009313414405424068;0.49948462523936676;nan;0.215;125.0;125.0;0.0940222321495014;0.0940222321495014
28.0;20;25;0.009313414405424068;0.49948462523936676;0.1198608547699373;0.215;50.0;150.0;0.0912401650277275;0.2111010197976648
