Site;Number Data Training;Number Global Data;MSE Test;R2 Test;Quality Metric;Quality Sum;P Real;P pred;H Real Preal;H Real Ppred
8.0;20;25;0.02339563386338922;0.04798874782862039;nan;0.646;125.0;75.0;0.0867459868794762;0.0551663282849413
10.0;20;25;0.02339563386338922;0.04798874782862039;0.0282396243392658;0.646;100.0;150.0;0.0973990073949321;0.1256386317341979
20.0;20;25;0.02339563386338922;0.04798874782862039;0.1028640221111458;0.646;100.0;365.0;0.0910601462720121;0.1939241683831579
23.0;20;25;0.02339563386338922;0.04798874782862039;0.2833114299019298;0.646;50.0;330.0;0.0951034486697061;0.3784148785716359
28.0;20;25;0.02339563386338922;0.04798874782862039;0.2317615502981504;0.646;50.0;365.0;0.0912401650277275;0.3230017153258779
