Site;Number Data Training;Number Global Data;MSE Test;R2 Test;Quality Metric;Quality Sum;P Real;P pred;H Real Preal;H Real Ppred
4.0;20;25;0.030925201707237632;0.49547017576416563;nan;0;30.0;30.0;0.0343745209691433;0.0343745209691433
15.0;20;25;0.030925201707237632;0.49547017576416563;nan;0;30.0;30.0;0.0825331753189077;0.0825331753189077
18.0;20;25;0.030925201707237632;0.49547017576416563;nan;0;3652.0;30.0;0.0515095706017609;0.013022431319224
22.0;20;25;0.030925201707237632;0.49547017576416563;nan;0;90.0;90.0;0.0665826349200478;0.0665826349200478
29.0;20;25;0.030925201707237632;0.49547017576416563;nan;0;90.0;30.0;0.098923572533551;0.0532782227856177
