Site;Number Data Training;Number Global Data;MSE Test;R2 Test;Quality Metric;Quality Sum;P Real;P pred;H Real Preal;H Real Ppred
1.0;20;25;0.0172320694887463;0.6521494145504276;0.06287049047289771;0.063;30.0;90.0;0.0425305241829691;0.1054010146558668
8.0;20;25;0.0172320694887463;0.6521494145504276;nan;0.063;90.0;90.0;0.0692507301025263;0.0692507301025263
13.0;20;25;0.0172320694887463;0.6521494145504276;nan;0.063;3652.0;90.0;0.0993700430118872;0.0459743068795799
15.0;20;25;0.0172320694887463;0.6521494145504276;nan;0.063;30.0;30.0;0.0825331753189077;0.0825331753189077
16.0;20;25;0.0172320694887463;0.6521494145504276;nan;0.063;90.0;90.0;0.0895169299721877;0.0895169299721877
