Site;Number Data Training;Number Global Data;MSE Test;R2 Test;Quality Metric;Quality Sum;P Real;P pred;H Real Preal;H Real Ppred
15.0;20;25;0.029315563038688392;0.46530057184136886;0.15120857264273402;0.151;30.0;100.0;0.0825331753189077;0.2337417479616417
18.0;20;25;0.029315563038688392;0.46530057184136886;nan;0.151;3652.0;75.0;0.0515095706017609;0.0236715852474286
22.0;20;25;0.029315563038688392;0.46530057184136886;nan;0.151;150.0;75.0;0.0946198779296581;0.0720847793771322
25.0;20;25;0.029315563038688392;0.46530057184136886;nan;0.151;125.0;125.0;0.0940222321495014;0.0940222321495014
30.0;20;25;0.029315563038688392;0.46530057184136886;nan;0.151;365.0;75.0;0.0943415440641389;0.0397819268309972
