Site;Number Data Training;Number Global Data;MSE Test;R2 Test;Quality Metric;Quality Sum;P Real;P pred;H Real Preal;H Real Ppred
8.0;20;25;0.021576600182900328;0.5998496751016207;nan;0.103;125.0;100.0;0.0867459868794762;0.0671801751349022
15.0;20;25;0.021576600182900328;0.5998496751016207;0.07753043540385009;0.103;30.0;60.0;0.0825331753189077;0.1600636107227578
17.0;20;25;0.021576600182900328;0.5998496751016207;nan;0.103;75.0;50.0;0.086416666848223;0.064206476630692
18.0;20;25;0.021576600182900328;0.5998496751016207;nan;0.103;3652.0;2250.0;0.0515095706017609;0.0509764643146258
29.0;20;25;0.021576600182900328;0.5998496751016207;0.025343538133466403;0.103;90.0;100.0;0.098923572533551;0.1242671106670174
