Site;Number Data Training;Number Global Data;MSE Test;R2 Test;Quality Metric;Quality Sum;P Real;P pred;H Real Preal;H Real Ppred
1.0;22;27;0.005513173639212295;0.7464729601008816;0.06287049047289771;0.162;30.0;90.0;0.0425305241829691;0.1054010146558668
7.0;22;27;0.005513173639212295;0.7464729601008816;nan;0.162;90.0;90.0;0.086542647569335;0.086542647569335
21.0;22;27;0.005513173639212295;0.7464729601008816;nan;0.162;90.0;90.0;0.0986127877393275;0.0986127877393275
22.0;22;27;0.005513173639212295;0.7464729601008816;nan;0.162;90.0;90.0;0.0665826349200478;0.0665826349200478
28.0;22;27;0.005513173639212295;0.7464729601008816;0.09894812544548881;0.162;30.0;90.0;0.056126814949097;0.1550749403945858
