Site;Number Data Training;Number Global Data;MSE Test;R2 Test;Quality Metric;Quality Sum;P Real;P pred;H Real Preal;H Real Ppred
8.0;20;25;0.024544756120142546;-0.0455036484298561;nan;0.158;125.0;100.0;0.0867459868794762;0.0671801751349022
11.0;20;25;0.024544756120142546;-0.0455036484298561;nan;0.158;330.0;75.0;0.0959083060330537;0.0368904258739981
19.0;20;25;0.024544756120142546;-0.0455036484298561;0.125902378272696;0.158;30.0;100.0;0.0866235149493999;0.2125258932220959
25.0;20;25;0.024544756120142546;-0.0455036484298561;nan;0.158;125.0;125.0;0.0940222321495014;0.0940222321495014
28.0;20;25;0.024544756120142546;-0.0455036484298561;0.032093643247467704;0.158;50.0;75.0;0.0912401650277275;0.1233338082751952
