Site;Number Data Training;Number Global Data;MSE Test;R2 Test;Quality Metric;Quality Sum;P Real;P pred;H Real Preal;H Real Ppred
3.0;20;25;0.021275845205216786;-0.9401646923681253;0.04610139064228699;0.049;75.0;125.0;0.0829605078650181;0.1290618985073051
11.0;20;25;0.021275845205216786;-0.9401646923681253;nan;0.049;330.0;50.0;0.0959083060330537;0.0284514783161753
13.0;20;25;0.021275845205216786;-0.9401646923681253;nan;0.049;3000.0;60.0;0.0998605746589843;0.0346905965629798
14.0;20;25;0.021275845205216786;-0.9401646923681253;nan;0.049;150.0;100.0;0.0918619289379249;0.068680108288561
21.0;20;25;0.021275845205216786;-0.9401646923681253;0.0027304464335027034;0.049;90.0;100.0;0.0986127877393275;0.1013432341728302
