Site;SubCatch;Number Data Training;Number Global Data;MSE Test;R2 Test;Quality Metric;Quality Sum;P Real;P pred;H Real Preal;H Real Ppred
38;6;9;10;0.02180245615294218;-2.339737533277444;0.2472328200137047;0.247;30;182;0.0041158674944011;0.2513486875081058
