Site;Number Data Training;Number Global Data;MSE Test;R2 Test;Quality Metric;Quality Sum;P Real;P pred;H Real Preal;H Real Ppred
4.0;20;25;0.012455160404695065;0.7041135699066878;nan;0.277;75.0;50.0;0.0982052033382978;0.0633693474709858
12.0;20;25;0.012455160404695065;0.7041135699066878;nan;0.277;150.0;100.0;0.0962223954294124;0.075515837203816
21.0;20;25;0.012455160404695065;0.7041135699066878;0.1500261290787484;0.277;90.0;365.0;0.0986127877393275;0.2486389168180759
24.0;20;25;0.012455160404695065;0.7041135699066878;nan;0.277;75.0;60.0;0.0806796201739536;0.0641990374270417
27.0;20;25;0.012455160404695065;0.7041135699066878;0.1267382681995349;0.277;75.0;250.0;0.0972403971442618;0.2239786653437967
