Site;Number Data Training;Number Global Data;MSE Test;R2 Test;Quality Metric;Quality Sum;P Real;P pred;H Real Preal;H Real Ppred
2.0;22;27;0.004151481698810615;0.6370468819326005;nan;0;90.0;90.0;0.0681692089993866;0.0681692089993866
7.0;22;27;0.004151481698810615;0.6370468819326005;nan;0;90.0;90.0;0.086542647569335;0.086542647569335
11.0;22;27;0.004151481698810615;0.6370468819326005;nan;0;182.0;30.0;0.0809120145894057;0.020072089411818
20.0;22;27;0.004151481698810615;0.6370468819326005;nan;0;90.0;30.0;0.0939738204160915;0.0363035232843364
25.0;22;27;0.004151481698810615;0.6370468819326005;nan;0;90.0;90.0;0.0734978659430122;0.0734978659430122
