Site;Number Data Training;Number Global Data;MSE Test;R2 Test;Quality Metric;Quality Sum;P Real;P pred;H Real Preal;H Real Ppred
1.0;20;25;0.002323048780579884;0.8315269166817957;nan;0.023;75.0;75.0;0.0850912692667235;0.0850912692667235
12.0;20;25;0.002323048780579884;0.8315269166817957;nan;0.023;150.0;90.0;0.0962223954294124;0.0730083632551525
16.0;20;25;0.002323048780579884;0.8315269166817957;nan;0.023;100.0;75.0;0.0844783754487946;0.0725509104538725
17.0;20;25;0.002323048780579884;0.8315269166817957;0.023311678069818903;0.023;75.0;100.0;0.086416666848223;0.1097283449180419
22.0;20;25;0.002323048780579884;0.8315269166817957;nan;0.023;150.0;100.0;0.0946198779296581;0.0673529852309897
