Site;Number Data Training;Number Global Data;MSE Test;R2 Test;Quality Metric;Quality Sum;P Real;P pred;H Real Preal;H Real Ppred
28.0;24;25;0.047583394077735895;-0.3939630557590741;0.2317615502981504;0.232;50.0;365.0;0.0912401650277275;0.3230017153258779
