Site;Number Data Training;Number Global Data;MSE Test;R2 Test;Quality Metric;Quality Sum;P Real;P pred;H Real Preal;H Real Ppred
3.0;20;25;0.026954889532144907;0.5879066533676184;nan;0.248;75.0;75.0;0.0829605078650181;0.0829605078650181
4.0;20;25;0.026954889532144907;0.5879066533676184;nan;0.248;75.0;75.0;0.0982052033382978;0.0982052033382978
15.0;20;25;0.026954889532144907;0.5879066533676184;0.0979284482959183;0.248;30.0;75.0;0.0825331753189077;0.180461623614826
21.0;20;25;0.026954889532144907;0.5879066533676184;0.1500261290787484;0.248;90.0;365.0;0.0986127877393275;0.2486389168180759
28.0;20;25;0.026954889532144907;0.5879066533676184;nan;0.248;50.0;50.0;0.0912401650277275;0.0912401650277275
