Site;Number Data Training;Number Global Data;MSE Test;R2 Test;Quality Metric;Quality Sum;P Real;P pred;H Real Preal;H Real Ppred
1.0;20;25;0.0058250015572110245;0.713055527402406;0.06287049047289771;0.283;30.0;90.0;0.0425305241829691;0.1054010146558668
10.0;20;25;0.0058250015572110245;0.713055527402406;nan;0.283;90.0;90.0;0.0915538363720714;0.0915538363720714
19.0;20;25;0.0058250015572110245;0.713055527402406;0.11528048195616689;0.283;30.0;90.0;0.0866235149493999;0.2019039969055668
21.0;20;25;0.0058250015572110245;0.713055527402406;0.10446468545824039;0.283;90.0;182.0;0.0986127877393275;0.2030774731975679
29.0;20;25;0.0058250015572110245;0.713055527402406;nan;0.283;90.0;90.0;0.098923572533551;0.098923572533551
