Site;Number Data Training;Number Global Data;MSE Test;R2 Test;Quality Metric;Quality Sum;P Real;P pred;H Real Preal;H Real Ppred
1.0;20;25;0.0045244869442233205;0.7008319131216284;0.022969212840433198;0.142;75.0;100.0;0.0850912692667235;0.1080604821071567
3.0;20;25;0.0045244869442233205;0.7008319131216284;0.0602517744568109;0.142;75.0;150.0;0.0829605078650181;0.143212282321829
17.0;20;25;0.0045244869442233205;0.7008319131216284;0.023311678069818903;0.142;75.0;100.0;0.086416666848223;0.1097283449180419
20.0;20;25;0.0045244869442233205;0.7008319131216284;0.0351268072125457;0.142;100.0;150.0;0.0910601462720121;0.1261869534845578
22.0;20;25;0.0045244869442233205;0.7008319131216284;nan;0.142;150.0;150.0;0.0946198779296581;0.0946198779296581
