Site;Number Data Training;Number Global Data;MSE Test;R2 Test;Quality Metric;Quality Sum;P Real;P pred;H Real Preal;H Real Ppred
11.0;20;25;0.021837845530394612;0.5990827592138176;nan;0;182.0;30.0;0.0809120145894057;0.020072089411818
15.0;20;25;0.021837845530394612;0.5990827592138176;nan;0;30.0;30.0;0.0825331753189077;0.0825331753189077
17.0;20;25;0.021837845530394612;0.5990827592138176;nan;0;30.0;30.0;0.0413325160789286;0.0413325160789286
22.0;20;25;0.021837845530394612;0.5990827592138176;nan;0;90.0;90.0;0.0665826349200478;0.0665826349200478
23.0;20;25;0.021837845530394612;0.5990827592138176;nan;0;30.0;30.0;0.0601751122032808;0.0601751122032808
