Site;Number Data Training;Number Global Data;MSE Test;R2 Test;Quality Metric;Quality Sum;P Real;P pred;H Real Preal;H Real Ppred
7.0;20;25;0.005602976803888494;0.8232808264348114;nan;0.019;100.0;30.0;0.0904205207984803;0.0316583333666094
12.0;20;25;0.005602976803888494;0.8232808264348114;nan;0.019;150.0;100.0;0.0962223954294124;0.075515837203816
23.0;20;25;0.005602976803888494;0.8232808264348114;0.019244970556029098;0.019;50.0;60.0;0.0951034486697061;0.1143484192257352
24.0;20;25;0.005602976803888494;0.8232808264348114;nan;0.019;75.0;50.0;0.0806796201739536;0.0476411869047285
25.0;20;25;0.005602976803888494;0.8232808264348114;nan;0.019;125.0;100.0;0.0940222321495014;0.0761329268533129
