Site;Number Data Training;Number Global Data;MSE Test;R2 Test;Quality Metric;Quality Sum;P Real;P pred;H Real Preal;H Real Ppred
8.0;20;25;0.03610101403258039;-0.04348292933956599;nan;0.149;125.0;100.0;0.0867459868794762;0.0671801751349022
17.0;20;25;0.03610101403258039;-0.04348292933956599;0.023311678069818903;0.149;75.0;100.0;0.086416666848223;0.1097283449180419
19.0;20;25;0.03610101403258039;-0.04348292933956599;0.125902378272696;0.149;30.0;100.0;0.0866235149493999;0.2125258932220959
23.0;20;25;0.03610101403258039;-0.04348292933956599;nan;0.149;50.0;50.0;0.0951034486697061;0.0951034486697061
24.0;20;25;0.03610101403258039;-0.04348292933956599;nan;0.149;75.0;30.0;0.0806796201739536;0.0306645078478985
