Site;Number Data Training;Number Global Data;MSE Test;R2 Test;Quality Metric;Quality Sum;P Real;P pred;H Real Preal;H Real Ppred
4.0;20;25;0.015186609832690599;0.6115543573306292;0.013202385271553596;0.157;75.0;100.0;0.0982052033382978;0.1114075886098514
8.0;20;25;0.015186609832690599;0.6115543573306292;nan;0.157;125.0;100.0;0.0867459868794762;0.0671801751349022
17.0;20;25;0.015186609832690599;0.6115543573306292;0.0496228714611027;0.157;75.0;125.0;0.086416666848223;0.1360395383093257
23.0;20;25;0.015186609832690599;0.6115543573306292;0.037729339075152385;0.157;50.0;75.0;0.0951034486697061;0.1328327877448585
28.0;20;25;0.015186609832690599;0.6115543573306292;0.05616145497135011;0.157;50.0;100.0;0.0912401650277275;0.1474016199990776
