Site;Number Data Training;Number Global Data;MSE Test;R2 Test;Quality Metric;Quality Sum;P Real;P pred;H Real Preal;H Real Ppred
15.0;20;25;0.0206781029698906;0.6071842786687931;0.0979284482959183;0.121;30.0;75.0;0.0825331753189077;0.180461623614826
16.0;20;25;0.0206781029698906;0.6071842786687931;nan;0.121;100.0;60.0;0.0844783754487946;0.0567602945941713
17.0;20;25;0.0206781029698906;0.6071842786687931;0.023311678069818903;0.121;75.0;100.0;0.086416666848223;0.1097283449180419
20.0;20;25;0.0206781029698906;0.6071842786687931;nan;0.121;100.0;75.0;0.0910601462720121;0.0760837005891203
30.0;20;25;0.0206781029698906;0.6071842786687931;nan;0.121;365.0;60.0;0.0943415440641389;0.0359401235490258
