Site;Number Data Training;Number Global Data;MSE Test;R2 Test;Quality Metric;Quality Sum;P Real;P pred;H Real Preal;H Real Ppred
15.0;20;25;0.010783787305932463;0.8161426891230671;nan;0;30.0;30.0;0.0825331753189077;0.0825331753189077
16.0;20;25;0.010783787305932463;0.8161426891230671;nan;0;90.0;30.0;0.0895169299721877;0.0353137113675942
20.0;20;25;0.010783787305932463;0.8161426891230671;nan;0;90.0;90.0;0.0939738204160915;0.0939738204160915
24.0;20;25;0.010783787305932463;0.8161426891230671;nan;0;30.0;30.0;0.0306645078478985;0.0306645078478985
27.0;20;25;0.010783787305932463;0.8161426891230671;nan;0;30.0;30.0;0.0493077354091983;0.0493077354091983
