Site;Number Data Training;Number Global Data;MSE Test;R2 Test;Quality Metric;Quality Sum;P Real;P pred;H Real Preal;H Real Ppred
1.0;20;25;0.005569043475206974;0.7002628292868522;nan;0.287;75.0;75.0;0.0850912692667235;0.0850912692667235
10.0;20;25;0.005569043475206974;0.7002628292868522;0.0282396243392658;0.287;100.0;150.0;0.0973990073949321;0.1256386317341979
19.0;20;25;0.005569043475206974;0.7002628292868522;0.08355299194062568;0.287;30.0;75.0;0.0866235149493999;0.1701765068900256
21.0;20;25;0.005569043475206974;0.7002628292868522;0.1500261290787484;0.287;90.0;365.0;0.0986127877393275;0.2486389168180759
29.0;20;25;0.005569043475206974;0.7002628292868522;0.025343538133466403;0.287;90.0;100.0;0.098923572533551;0.1242671106670174
