Site;SubCatch;Number Data Training;Number Global Data;MSE Test;R2 Test;Quality Metric;Quality Sum;P Real;P pred;H Real Preal;H Real Ppred
33;3;39;40;0.03754528751241915;0.3636772172144842;0.0509052606627414;0.051;60;100;0.095045016702822;0.1459502773655634
