Site;Number Data Training;Number Global Data;MSE Test;R2 Test;Quality Metric;Quality Sum;P Real;P pred;H Real Preal;H Real Ppred
13.0;22;27;0.006741328281132018;0.6676012693945752;nan;0;3652.0;90.0;0.0993700430118872;0.0459743068795799
20.0;22;27;0.006741328281132018;0.6676012693945752;nan;0;90.0;30.0;0.0939738204160915;0.0363035232843364
24.0;22;27;0.006741328281132018;0.6676012693945752;nan;0;30.0;30.0;0.0306645078478985;0.0306645078478985
25.0;22;27;0.006741328281132018;0.6676012693945752;nan;0;90.0;90.0;0.0734978659430122;0.0734978659430122
30.0;22;27;0.006741328281132018;0.6676012693945752;nan;0;365.0;90.0;0.0943415440641389;0.0470231990120249
