Site;Number Data Training;Number Global Data;MSE Test;R2 Test;Quality Metric;Quality Sum;P Real;P pred;H Real Preal;H Real Ppred
14.0;20;25;0.007364912776394103;0.7677937679866644;nan;0.169;150.0;100.0;0.0918619289379249;0.068680108288561
17.0;20;25;0.007364912776394103;0.7677937679866644;nan;0.169;75.0;30.0;0.086416666848223;0.0413325160789286
21.0;20;25;0.007364912776394103;0.7677937679866644;0.1500261290787484;0.169;90.0;365.0;0.0986127877393275;0.2486389168180759
23.0;20;25;0.007364912776394103;0.7677937679866644;0.019244970556029098;0.169;50.0;60.0;0.0951034486697061;0.1143484192257352
24.0;20;25;0.007364912776394103;0.7677937679866644;nan;0.169;75.0;75.0;0.0806796201739536;0.0806796201739536
