Site;SubCatch;Number Data Training;Number Global Data;MSE Test;R2 Test;Quality Metric;Quality Sum;P Real;P pred;H Real Preal;H Real Ppred
37;3;39;40;0.023275033076275573;0.2467405026128906;0.08897745088065609;0.089;30;90;0.0438076057251904;0.1327850566058465
