Site;Number Data Training;Number Global Data;MSE Test;R2 Test;Quality Metric;Quality Sum;P Real;P pred;H Real Preal;H Real Ppred
4.0;20;25;0.01491656208499499;0.5941658015848017;nan;0.074;75.0;75.0;0.0982052033382978;0.0982052033382978
10.0;20;25;0.01491656208499499;0.5941658015848017;nan;0.074;100.0;100.0;0.0973990073949321;0.0973990073949321
13.0;20;25;0.01491656208499499;0.5941658015848017;nan;0.074;3000.0;100.0;0.0998605746589843;0.0469526408581791
21.0;20;25;0.01491656208499499;0.5941658015848017;nan;0.074;90.0;75.0;0.0986127877393275;0.0773218887357087
23.0;20;25;0.01491656208499499;0.5941658015848017;0.07412152634774449;0.074;50.0;100.0;0.0951034486697061;0.1692249750174506
