Site;Number Data Training;Number Global Data;MSE Test;R2 Test;Quality Metric;Quality Sum;P Real;P pred;H Real Preal;H Real Ppred
11.0;20;25;0.010274828744348229;0.34337640761125987;nan;0.069;182.0;30.0;0.0809120145894057;0.020072089411818
16.0;20;25;0.010274828744348229;0.34337640761125987;nan;0.069;90.0;90.0;0.0895169299721877;0.0895169299721877
20.0;20;25;0.010274828744348229;0.34337640761125987;nan;0.069;90.0;90.0;0.0939738204160915;0.0939738204160915
21.0;20;25;0.010274828744348229;0.34337640761125987;nan;0.069;90.0;30.0;0.0986127877393275;0.0354389533967742
27.0;20;25;0.010274828744348229;0.34337640761125987;0.06916025460476449;0.069;30.0;90.0;0.0493077354091983;0.1184679900139628
