Site;Number Data Training;Number Global Data;MSE Test;R2 Test;Quality Metric;Quality Sum;P Real;P pred;H Real Preal;H Real Ppred
3.0;20;25;0.006062784156888455;0.6670225718555631;0.04610139064228699;0.144;75.0;125.0;0.0829605078650181;0.1290618985073051
10.0;20;25;0.006062784156888455;0.6670225718555631;0.01827575978408201;0.144;100.0;125.0;0.0973990073949321;0.1156747671790141
17.0;20;25;0.006062784156888455;0.6670225718555631;0.023311678069818903;0.144;75.0;100.0;0.086416666848223;0.1097283449180419
28.0;20;25;0.006062784156888455;0.6670225718555631;0.05616145497135011;0.144;50.0;100.0;0.0912401650277275;0.1474016199990776
30.0;20;25;0.006062784156888455;0.6670225718555631;nan;0.144;365.0;100.0;0.0943415440641389;0.0491261932172611
