Site;Number Data Training;Number Global Data;MSE Test;R2 Test;Quality Metric;Quality Sum;P Real;P pred;H Real Preal;H Real Ppred
8.0;20;25;0.014837943551763171;0.3968707698635613;nan;0.315;90.0;30.0;0.0692507301025263;0.0261748518897128
10.0;20;25;0.014837943551763171;0.3968707698635613;nan;0.315;90.0;90.0;0.0915538363720714;0.0915538363720714
20.0;20;25;0.014837943551763171;0.3968707698635613;nan;0.315;90.0;90.0;0.0939738204160915;0.0939738204160915
23.0;20;25;0.014837943551763171;0.3968707698635613;0.1053827308659946;0.315;30.0;90.0;0.0601751122032808;0.1655578430692754
28.0;20;25;0.014837943551763171;0.3968707698635613;0.210033934123811;0.315;30.0;182.0;0.056126814949097;0.266160749072908
