Site;Number Data Training;Number Global Data;MSE Test;R2 Test;Quality Metric;Quality Sum;P Real;P pred;H Real Preal;H Real Ppred
3.0;20;25;0.01074340583710904;0.49994351867421305;0.021789937316753702;0.125;75.0;100.0;0.0829605078650181;0.1047504451817718
13.0;20;25;0.01074340583710904;0.49994351867421305;nan;0.125;3000.0;125.0;0.0998605746589843;0.0553150340899671
19.0;20;25;0.01074340583710904;0.49994351867421305;0.08355299194062568;0.125;30.0;75.0;0.0866235149493999;0.1701765068900256
27.0;20;25;0.01074340583710904;0.49994351867421305;0.01983004732601369;0.125;75.0;100.0;0.0972403971442618;0.1170704444702755
30.0;20;25;0.01074340583710904;0.49994351867421305;nan;0.125;365.0;100.0;0.0943415440641389;0.0491261932172611
