Site;Number Data Training;Number Global Data;MSE Test;R2 Test;Quality Metric;Quality Sum;P Real;P pred;H Real Preal;H Real Ppred
3.0;20;25;0.0028492175826911256;0.783821500225718;0.04610139064228699;0.069;75.0;125.0;0.0829605078650181;0.1290618985073051
7.0;20;25;0.0028492175826911256;0.783821500225718;nan;0.069;100.0;75.0;0.0904205207984803;0.0675783894922642
14.0;20;25;0.0028492175826911256;0.783821500225718;nan;0.069;150.0;100.0;0.0918619289379249;0.068680108288561
17.0;20;25;0.0028492175826911256;0.783821500225718;0.023311678069818903;0.069;75.0;100.0;0.086416666848223;0.1097283449180419
29.0;20;25;0.0028492175826911256;0.783821500225718;nan;0.069;90.0;45.0;0.098923572533551;0.0733820123933489
