Site;Number Data Training;Number Global Data;MSE Test;R2 Test;Quality Metric;Quality Sum;P Real;P pred;H Real Preal;H Real Ppred
3.0;20;25;0.01225265942041218;-0.15582142461192028;0.06230770324085481;0.062;30.0;90.0;0.0404493979934081;0.1027571012342629
11.0;20;25;0.01225265942041218;-0.15582142461192028;nan;0.062;182.0;30.0;0.0809120145894057;0.020072089411818
13.0;20;25;0.01225265942041218;-0.15582142461192028;nan;0.062;3652.0;30.0;0.0993700430118872;0.021215598309817
14.0;20;25;0.01225265942041218;-0.15582142461192028;nan;0.062;90.0;90.0;0.0669928669115922;0.0669928669115922
21.0;20;25;0.01225265942041218;-0.15582142461192028;nan;0.062;90.0;30.0;0.0986127877393275;0.0354389533967742
