Site;Number Data Training;Number Global Data;MSE Test;R2 Test;Quality Metric;Quality Sum;P Real;P pred;H Real Preal;H Real Ppred
7.0;20;25;0.005266024416338097;0.519099490699469;nan;0;100.0;75.0;0.0904205207984803;0.0675783894922642
11.0;20;25;0.005266024416338097;0.519099490699469;nan;0;330.0;75.0;0.0959083060330537;0.0368904258739981
12.0;20;25;0.005266024416338097;0.519099490699469;nan;0;150.0;100.0;0.0962223954294124;0.075515837203816
14.0;20;25;0.005266024416338097;0.519099490699469;nan;0;150.0;75.0;0.0918619289379249;0.0546117941971823
16.0;20;25;0.005266024416338097;0.519099490699469;nan;0;100.0;75.0;0.0844783754487946;0.0725509104538725
