Site;Number Data Training;Number Global Data;MSE Test;R2 Test;Quality Metric;Quality Sum;P Real;P pred;H Real Preal;H Real Ppred
7.0;20;25;0.014820157375529764;-0.637559279865269;nan;0;90.0;30.0;0.086542647569335;0.0316583333666094
12.0;20;25;0.014820157375529764;-0.637559279865269;nan;0;90.0;90.0;0.0730083632551525;0.0730083632551525
14.0;20;25;0.014820157375529764;-0.637559279865269;nan;0;90.0;30.0;0.0669928669115922;0.0275341640025388
18.0;20;25;0.014820157375529764;-0.637559279865269;nan;0;3652.0;30.0;0.0515095706017609;0.013022431319224
30.0;20;25;0.014820157375529764;-0.637559279865269;nan;0;365.0;90.0;0.0943415440641389;0.0470231990120249
