Site;Number Data Training;Number Global Data;MSE Test;R2 Test;Quality Metric;Quality Sum;P Real;P pred;H Real Preal;H Real Ppred
7.0;20;25;0.012181571967198544;-0.10805470319366606;0.0232595604167075;0.023;100.0;125.0;0.0904205207984803;0.1136800812151878
10.0;20;25;0.012181571967198544;-0.10805470319366606;nan;0.023;100.0;100.0;0.0973990073949321;0.0973990073949321
13.0;20;25;0.012181571967198544;-0.10805470319366606;nan;0.023;3000.0;365.0;0.0998605746589843;0.0799346362186648
16.0;20;25;0.012181571967198544;-0.10805470319366606;nan;0.023;100.0;60.0;0.0844783754487946;0.0567602945941713
30.0;20;25;0.012181571967198544;-0.10805470319366606;nan;0.023;365.0;60.0;0.0943415440641389;0.0359401235490258
