Site;Number Data Training;Number Global Data;MSE Test;R2 Test;Quality Metric;Quality Sum;P Real;P pred;H Real Preal;H Real Ppred
1.0;20;25;0.012962361625831871;0.17074409795631973;nan;0.069;30.0;30.0;0.0425305241829691;0.0425305241829691
18.0;20;25;0.012962361625831871;0.17074409795631973;nan;0.069;3652.0;30.0;0.0515095706017609;0.013022431319224
20.0;20;25;0.012962361625831871;0.17074409795631973;nan;0.069;90.0;30.0;0.0939738204160915;0.0363035232843364
27.0;20;25;0.012962361625831871;0.17074409795631973;0.06916025460476449;0.069;30.0;90.0;0.0493077354091983;0.1184679900139628
29.0;20;25;0.012962361625831871;0.17074409795631973;nan;0.069;90.0;30.0;0.098923572533551;0.0532782227856177
