Site;Number Data Training;Number Global Data;MSE Test;R2 Test;Quality Metric;Quality Sum;P Real;P pred;H Real Preal;H Real Ppred
3.0;20;25;0.021204010851687147;0.43204868947462705;0.04610139064228699;0.282;75.0;125.0;0.0829605078650181;0.1290618985073051
4.0;20;25;0.021204010851687147;0.43204868947462705;nan;0.282;75.0;75.0;0.0982052033382978;0.0982052033382978
8.0;20;25;0.021204010851687147;0.43204868947462705;nan;0.282;125.0;75.0;0.0867459868794762;0.0551663282849413
19.0;20;25;0.021204010851687147;0.43204868947462705;0.08355299194062568;0.282;30.0;75.0;0.0866235149493999;0.1701765068900256
28.0;20;25;0.021204010851687147;0.43204868947462705;0.1524188722041298;0.282;50.0;200.0;0.0912401650277275;0.2436590372318573
