Site;Number Data Training;Number Global Data;MSE Test;R2 Test;Quality Metric;Quality Sum;P Real;P pred;H Real Preal;H Real Ppred
1.0;20;25;0.01964851138190573;0.025924573356419733;0.022969212840433198;0.138;75.0;100.0;0.0850912692667235;0.1080604821071567
8.0;20;25;0.01964851138190573;0.025924573356419733;nan;0.138;125.0;100.0;0.0867459868794762;0.0671801751349022
19.0;20;25;0.01964851138190573;0.025924573356419733;0.11528048195616689;0.138;30.0;90.0;0.0866235149493999;0.2019039969055668
20.0;20;25;0.01964851138190573;0.025924573356419733;nan;0.138;100.0;100.0;0.0910601462720121;0.0910601462720121
22.0;20;25;0.01964851138190573;0.025924573356419733;nan;0.138;150.0;100.0;0.0946198779296581;0.0673529852309897
