Site;Number Data Training;Number Global Data;MSE Test;R2 Test;Quality Metric;Quality Sum;P Real;P pred;H Real Preal;H Real Ppred
4.0;20;25;0.03624272778704073;0.4953870683030994;0.013202385271553596;0.111;75.0;100.0;0.0982052033382978;0.1114075886098514
11.0;20;25;0.03624272778704073;0.4953870683030994;nan;0.111;330.0;50.0;0.0959083060330537;0.0284514783161753
15.0;20;25;0.03624272778704073;0.4953870683030994;0.0979284482959183;0.111;30.0;75.0;0.0825331753189077;0.180461623614826
23.0;20;25;0.03624272778704073;0.4953870683030994;nan;0.111;50.0;50.0;0.0951034486697061;0.0951034486697061
30.0;20;25;0.03624272778704073;0.4953870683030994;nan;0.111;365.0;100.0;0.0943415440641389;0.0491261932172611
