Site;Number Data Training;Number Global Data;MSE Test;R2 Test;Quality Metric;Quality Sum;P Real;P pred;H Real Preal;H Real Ppred
3.0;20;25;0.027585217231979986;0.5782700399068078;0.04610139064228699;0.293;75.0;125.0;0.0829605078650181;0.1290618985073051
4.0;20;25;0.027585217231979986;0.5782700399068078;0.013202385271553596;0.293;75.0;100.0;0.0982052033382978;0.1114075886098514
15.0;20;25;0.027585217231979986;0.5782700399068078;0.0979284482959183;0.293;30.0;75.0;0.0825331753189077;0.180461623614826
21.0;20;25;0.027585217231979986;0.5782700399068078;0.0716592345613033;0.293;90.0;200.0;0.0986127877393275;0.1702720223006308
28.0;20;25;0.027585217231979986;0.5782700399068078;0.0638347753668583;0.293;50.0;90.0;0.0912401650277275;0.1550749403945858
