Site;Number Data Training;Number Global Data;MSE Test;R2 Test;Quality Metric;Quality Sum;P Real;P pred;H Real Preal;H Real Ppred
8.0;20;25;0.0022505391551919424;0.8741103389278363;nan;0.084;125.0;100.0;0.0867459868794762;0.0671801751349022
14.0;20;25;0.0022505391551919424;0.8741103389278363;nan;0.084;150.0;75.0;0.0918619289379249;0.0546117941971823
19.0;20;25;0.0022505391551919424;0.8741103389278363;0.08355299194062568;0.084;30.0;75.0;0.0866235149493999;0.1701765068900256
22.0;20;25;0.0022505391551919424;0.8741103389278363;nan;0.084;150.0;75.0;0.0946198779296581;0.0720847793771322
25.0;20;25;0.0022505391551919424;0.8741103389278363;nan;0.084;125.0;100.0;0.0940222321495014;0.0761329268533129
