Site;Number Data Training;Number Global Data;MSE Test;R2 Test;Quality Metric;Quality Sum;P Real;P pred;H Real Preal;H Real Ppred
10.0;20;25;0.013172584628808747;0.4954937438445879;nan;0.283;90.0;90.0;0.0915538363720714;0.0915538363720714
19.0;20;25;0.013172584628808747;0.4954937438445879;0.11528048195616689;0.283;30.0;90.0;0.0866235149493999;0.2019039969055668
20.0;20;25;0.013172584628808747;0.4954937438445879;nan;0.283;90.0;90.0;0.0939738204160915;0.0939738204160915
27.0;20;25;0.013172584628808747;0.4954937438445879;0.06916025460476449;0.283;30.0;90.0;0.0493077354091983;0.1184679900139628
28.0;20;25;0.013172584628808747;0.4954937438445879;0.09894812544548881;0.283;30.0;90.0;0.056126814949097;0.1550749403945858
