Site;Number Data Training;Number Global Data;MSE Test;R2 Test;Quality Metric;Quality Sum;P Real;P pred;H Real Preal;H Real Ppred
15.0;20;25;0.011624824318006407;0.8085507997981987;0.0979284482959183;0.135;30.0;75.0;0.0825331753189077;0.180461623614826
20.0;20;25;0.011624824318006407;0.8085507997981987;nan;0.135;100.0;75.0;0.0910601462720121;0.0760837005891203
24.0;20;25;0.011624824318006407;0.8085507997981987;0.017728074248568204;0.135;75.0;100.0;0.0806796201739536;0.0984076944225218
27.0;20;25;0.011624824318006407;0.8085507997981987;0.01983004732601369;0.135;75.0;100.0;0.0972403971442618;0.1170704444702755
29.0;20;25;0.011624824318006407;0.8085507997981987;nan;0.135;90.0;30.0;0.098923572533551;0.0532782227856177
