Site;Number Data Training;Number Global Data;MSE Test;R2 Test;Quality Metric;Quality Sum;P Real;P pred;H Real Preal;H Real Ppred
3.0;20;25;0.02151471344014429;0.6628939053325429;0.06230770324085481;0.261;30.0;90.0;0.0404493979934081;0.1027571012342629
4.0;20;25;0.02151471344014429;0.6628939053325429;0.09395454999436499;0.261;30.0;90.0;0.0343745209691433;0.1283290709635083
15.0;20;25;0.02151471344014429;0.6628939053325429;nan;0.261;30.0;30.0;0.0825331753189077;0.0825331753189077
21.0;20;25;0.02151471344014429;0.6628939053325429;0.10446468545824039;0.261;90.0;182.0;0.0986127877393275;0.2030774731975679
28.0;20;25;0.02151471344014429;0.6628939053325429;nan;0.261;30.0;30.0;0.056126814949097;0.056126814949097
