Site;Number Data Training;Number Global Data;MSE Test;R2 Test;Quality Metric;Quality Sum;P Real;P pred;H Real Preal;H Real Ppred
8.0;20;25;0.0008934695664802013;0.9585621028849404;nan;0;90.0;30.0;0.0692507301025263;0.0261748518897128
13.0;20;25;0.0008934695664802013;0.9585621028849404;nan;0;3652.0;365.0;0.0993700430118872;0.0799346362186648
16.0;20;25;0.0008934695664802013;0.9585621028849404;nan;0;90.0;30.0;0.0895169299721877;0.0353137113675942
22.0;20;25;0.0008934695664802013;0.9585621028849404;nan;0;90.0;30.0;0.0665826349200478;0.026952018249273
24.0;20;25;0.0008934695664802013;0.9585621028849404;nan;0;30.0;30.0;0.0306645078478985;0.0306645078478985
