Site;Number Data Training;Number Global Data;MSE Test;R2 Test;Quality Metric;Quality Sum;P Real;P pred;H Real Preal;H Real Ppred
1.0;20;25;0.03018610329759078;0.202334002709202;0.022969212840433198;0.12;75.0;100.0;0.0850912692667235;0.1080604821071567
4.0;20;25;0.03018610329759078;0.202334002709202;0.013202385271553596;0.12;75.0;100.0;0.0982052033382978;0.1114075886098514
18.0;20;25;0.03018610329759078;0.202334002709202;nan;0.12;3652.0;75.0;0.0515095706017609;0.0236715852474286
19.0;20;25;0.03018610329759078;0.202334002709202;0.08355299194062568;0.12;30.0;75.0;0.0866235149493999;0.1701765068900256
30.0;20;25;0.03018610329759078;0.202334002709202;nan;0.12;365.0;90.0;0.0943415440641389;0.0470231990120249
