Site;Number Data Training;Number Global Data;MSE Test;R2 Test;Quality Metric;Quality Sum;P Real;P pred;H Real Preal;H Real Ppred
16.0;22;27;0.01294674885943409;0.5055437569880881;nan;0.283;90.0;90.0;0.0895169299721877;0.0895169299721877
19.0;22;27;0.01294674885943409;0.5055437569880881;0.11528048195616689;0.283;30.0;90.0;0.0866235149493999;0.2019039969055668
27.0;22;27;0.01294674885943409;0.5055437569880881;0.06916025460476449;0.283;30.0;90.0;0.0493077354091983;0.1184679900139628
28.0;22;27;0.01294674885943409;0.5055437569880881;0.09894812544548881;0.283;30.0;90.0;0.056126814949097;0.1550749403945858
30.0;22;27;0.01294674885943409;0.5055437569880881;nan;0.283;365.0;90.0;0.0943415440641389;0.0470231990120249
