Site;Number Data Training;Number Global Data;MSE Test;R2 Test;Quality Metric;Quality Sum;P Real;P pred;H Real Preal;H Real Ppred
11.0;20;25;0.01797638803513161;0.07098851414127283;nan;0;182.0;30.0;0.0809120145894057;0.020072089411818
12.0;20;25;0.01797638803513161;0.07098851414127283;nan;0;90.0;90.0;0.0730083632551525;0.0730083632551525
16.0;20;25;0.01797638803513161;0.07098851414127283;nan;0;90.0;30.0;0.0895169299721877;0.0353137113675942
21.0;20;25;0.01797638803513161;0.07098851414127283;nan;0;90.0;30.0;0.0986127877393275;0.0354389533967742
23.0;20;25;0.01797638803513161;0.07098851414127283;nan;0;30.0;30.0;0.0601751122032808;0.0601751122032808
