Site;Number Data Training;Number Global Data;MSE Test;R2 Test;Quality Metric;Quality Sum;P Real;P pred;H Real Preal;H Real Ppred
8.0;20;25;0.01993101088308388;0.14538252731281054;nan;0.018;125.0;75.0;0.0867459868794762;0.0551663282849413
10.0;20;25;0.01993101088308388;0.14538252731281054;0.01827575978408201;0.018;100.0;125.0;0.0973990073949321;0.1156747671790141
14.0;20;25;0.01993101088308388;0.14538252731281054;nan;0.018;150.0;125.0;0.0918619289379249;0.0833140874338638
16.0;20;25;0.01993101088308388;0.14538252731281054;nan;0.018;100.0;75.0;0.0844783754487946;0.0725509104538725
24.0;20;25;0.01993101088308388;0.14538252731281054;nan;0.018;75.0;30.0;0.0806796201739536;0.0306645078478985
