Site;Number Data Training;Number Global Data;MSE Test;R2 Test;Quality Metric;Quality Sum;P Real;P pred;H Real Preal;H Real Ppred
8.0;20;25;0.029593897965257063;-2.053149787318314;nan;0.03;125.0;75.0;0.0867459868794762;0.0551663282849413
11.0;20;25;0.029593897965257063;-2.053149787318314;nan;0.03;330.0;60.0;0.0959083060330537;0.033546352924242
12.0;20;25;0.029593897965257063;-2.053149787318314;nan;0.03;150.0;100.0;0.0962223954294124;0.075515837203816
21.0;20;25;0.029593897965257063;-2.053149787318314;0.029952452586890915;0.03;90.0;125.0;0.0986127877393275;0.1285652403262184
25.0;20;25;0.029593897965257063;-2.053149787318314;nan;0.03;125.0;100.0;0.0940222321495014;0.0761329268533129
