Site;Number Data Training;Number Global Data;MSE Test;R2 Test;Quality Metric;Quality Sum;P Real;P pred;H Real Preal;H Real Ppred
13.0;20;25;0.012505295563210402;0.7827213389082692;nan;0.154;3000.0;200.0;0.0998605746589843;0.0658171901360725
14.0;20;25;0.012505295563210402;0.7827213389082692;nan;0.154;150.0;100.0;0.0918619289379249;0.068680108288561
15.0;20;25;0.012505295563210402;0.7827213389082692;0.0979284482959183;0.154;30.0;75.0;0.0825331753189077;0.180461623614826
16.0;20;25;0.012505295563210402;0.7827213389082692;nan;0.154;100.0;75.0;0.0844783754487946;0.0725509104538725
28.0;20;25;0.012505295563210402;0.7827213389082692;0.05616145497135011;0.154;50.0;100.0;0.0912401650277275;0.1474016199990776
