Site;Number Data Training;Number Global Data;MSE Test;R2 Test;Quality Metric;Quality Sum;P Real;P pred;H Real Preal;H Real Ppred
4.0;20;25;0.029896499166650128;-0.08381595333738989;nan;0.098;75.0;75.0;0.0982052033382978;0.0982052033382978
10.0;20;25;0.029896499166650128;-0.08381595333738989;nan;0.098;100.0;90.0;0.0973990073949321;0.0915538363720714
11.0;20;25;0.029896499166650128;-0.08381595333738989;nan;0.098;330.0;45.0;0.0959083060330537;0.0261210016407048
13.0;20;25;0.029896499166650128;-0.08381595333738989;nan;0.098;3000.0;50.0;0.0998605746589843;0.0304267922884734
29.0;20;25;0.029896499166650128;-0.08381595333738989;0.0982310263839144;0.098;90.0;365.0;0.098923572533551;0.1971545989174654
