Site;Number Data Training;Number Global Data;MSE Test;R2 Test;Quality Metric;Quality Sum;P Real;P pred;H Real Preal;H Real Ppred
11.0;20;25;0.02326979290910135;-0.17258712608488214;nan;0.038;330.0;75.0;0.0959083060330537;0.0368904258739981
12.0;20;25;0.02326979290910135;-0.17258712608488214;nan;0.038;150.0;100.0;0.0962223954294124;0.075515837203816
16.0;20;25;0.02326979290910135;-0.17258712608488214;nan;0.038;100.0;75.0;0.0844783754487946;0.0725509104538725
21.0;20;25;0.02326979290910135;-0.17258712608488214;nan;0.038;90.0;60.0;0.0986127877393275;0.0677394370248157
23.0;20;25;0.02326979290910135;-0.17258712608488214;0.037729339075152385;0.038;50.0;75.0;0.0951034486697061;0.1328327877448585
