Site;Number Data Training;Number Global Data;MSE Test;R2 Test;Quality Metric;Quality Sum;P Real;P pred;H Real Preal;H Real Ppred
2.0;22;27;0.037918170589833156;0.3643445527524477;nan;0.248;90.0;90.0;0.0681692089993866;0.0681692089993866
4.0;22;27;0.037918170589833156;0.3643445527524477;0.09395454999436499;0.248;30.0;90.0;0.0343745209691433;0.1283290709635083
12.0;22;27;0.037918170589833156;0.3643445527524477;nan;0.248;90.0;90.0;0.0730083632551525;0.0730083632551525
15.0;22;27;0.037918170589833156;0.3643445527524477;0.154083590696306;0.248;30.0;90.0;0.0825331753189077;0.2366167660152137
25.0;22;27;0.037918170589833156;0.3643445527524477;nan;0.248;90.0;90.0;0.0734978659430122;0.0734978659430122
