Site;Number Data Training;Number Global Data;MSE Test;R2 Test;Quality Metric;Quality Sum;P Real;P pred;H Real Preal;H Real Ppred
7.0;20;25;0.012852717779642364;-0.17372766198149914;nan;0.025;100.0;30.0;0.0904205207984803;0.0316583333666094
11.0;20;25;0.012852717779642364;-0.17372766198149914;nan;0.025;330.0;50.0;0.0959083060330537;0.0284514783161753
12.0;20;25;0.012852717779642364;-0.17372766198149914;nan;0.025;150.0;100.0;0.0962223954294124;0.075515837203816
14.0;20;25;0.012852717779642364;-0.17372766198149914;nan;0.025;150.0;100.0;0.0918619289379249;0.068680108288561
16.0;20;25;0.012852717779642364;-0.17372766198149914;0.024675435802241102;0.025;100.0;125.0;0.0844783754487946;0.1091538112510357
