Site;Number Data Training;Number Global Data;MSE Test;R2 Test;Quality Metric;Quality Sum;P Real;P pred;H Real Preal;H Real Ppred
10.0;20;25;0.007531636775161967;0.7314743091008998;nan;0;90.0;90.0;0.0915538363720714;0.0915538363720714
11.0;20;25;0.007531636775161967;0.7314743091008998;nan;0;182.0;30.0;0.0809120145894057;0.020072089411818
17.0;20;25;0.007531636775161967;0.7314743091008998;nan;0;30.0;30.0;0.0413325160789286;0.0413325160789286
24.0;20;25;0.007531636775161967;0.7314743091008998;nan;0;30.0;30.0;0.0306645078478985;0.0306645078478985
28.0;20;25;0.007531636775161967;0.7314743091008998;nan;0;30.0;30.0;0.056126814949097;0.056126814949097
