Site;SubCatch;Number Data Training;Number Global Data;MSE Test;R2 Test;Quality Metric;Quality Sum;P Real;P pred;H Real Preal;H Real Ppred
39;2;44;45;0.11920794076464622;0.22583333287270613;0.1918669264354024;0.192;60;75;0.0020502687752442;0.1939171952106466
