Site;Number Data Training;Number Global Data;MSE Test;R2 Test;Quality Metric;Quality Sum;P Real;P pred;H Real Preal;H Real Ppred
15.0;20;25;0.013221097716917015;0.7822617775158167;0.0979284482959183;0.118;30.0;75.0;0.0825331753189077;0.180461623614826
20.0;20;25;0.013221097716917015;0.7822617775158167;nan;0.118;100.0;75.0;0.0910601462720121;0.0760837005891203
24.0;20;25;0.013221097716917015;0.7822617775158167;nan;0.118;75.0;75.0;0.0806796201739536;0.0806796201739536
27.0;20;25;0.013221097716917015;0.7822617775158167;0.01983004732601369;0.118;75.0;100.0;0.0972403971442618;0.1170704444702755
29.0;20;25;0.013221097716917015;0.7822617775158167;nan;0.118;90.0;30.0;0.098923572533551;0.0532782227856177
