Site;Number Data Training;Number Global Data;MSE Test;R2 Test;Quality Metric;Quality Sum;P Real;P pred;H Real Preal;H Real Ppred
1.0;22;27;0.004833357213848206;0.6802084954810399;0.06287049047289771;0.128;30.0;90.0;0.0425305241829691;0.1054010146558668
2.0;22;27;0.004833357213848206;0.6802084954810399;nan;0.128;90.0;90.0;0.0681692089993866;0.0681692089993866
7.0;22;27;0.004833357213848206;0.6802084954810399;nan;0.128;90.0;90.0;0.086542647569335;0.086542647569335
17.0;22;27;0.004833357213848206;0.6802084954810399;0.0653970705161301;0.128;30.0;90.0;0.0413325160789286;0.1067295865950587
18.0;22;27;0.004833357213848206;0.6802084954810399;nan;0.128;3652.0;90.0;0.0515095706017609;0.0274766933281444
