Site;Number Data Training;Number Global Data;MSE Test;R2 Test;Quality Metric;Quality Sum;P Real;P pred;H Real Preal;H Real Ppred
3.0;20;25;0.03051901301063364;0.5334174086497012;0.0602517744568109;0.338;75.0;150.0;0.0829605078650181;0.143212282321829
4.0;20;25;0.03051901301063364;0.5334174086497012;0.06499270065801022;0.338;75.0;125.0;0.0982052033382978;0.163197903996308
15.0;20;25;0.03051901301063364;0.5334174086497012;0.154083590696306;0.338;30.0;90.0;0.0825331753189077;0.2366167660152137
21.0;20;25;0.03051901301063364;0.5334174086497012;0.0027304464335027034;0.338;90.0;100.0;0.0986127877393275;0.1013432341728302
28.0;20;25;0.03051901301063364;0.5334174086497012;0.05616145497135011;0.338;50.0;100.0;0.0912401650277275;0.1474016199990776
