Site;Number Data Training;Number Global Data;MSE Test;R2 Test;Quality Metric;Quality Sum;P Real;P pred;H Real Preal;H Real Ppred
13.0;20;25;0.010353196239961419;0.6018047241044824;nan;0.185;3000.0;250.0;0.0998605746589843;0.0779261402350436
19.0;20;25;0.010353196239961419;0.6018047241044824;0.125902378272696;0.185;30.0;100.0;0.0866235149493999;0.2125258932220959
21.0;20;25;0.010353196239961419;0.6018047241044824;0.0027304464335027034;0.185;90.0;100.0;0.0986127877393275;0.1013432341728302
22.0;20;25;0.010353196239961419;0.6018047241044824;nan;0.185;150.0;90.0;0.0946198779296581;0.0665826349200478
28.0;20;25;0.010353196239961419;0.6018047241044824;0.05616145497135011;0.185;50.0;100.0;0.0912401650277275;0.1474016199990776
