Site;Number Data Training;Number Global Data;MSE Test;R2 Test;Quality Metric;Quality Sum;P Real;P pred;H Real Preal;H Real Ppred
17.0;24;25;0.0009131092143895022;0.9401925627521973;0.023311678069818903;0.023;75.0;100.0;0.086416666848223;0.1097283449180419
