Site;Number Data Training;Number Global Data;MSE Test;R2 Test;Quality Metric;Quality Sum;P Real;P pred;H Real Preal;H Real Ppred
4.0;20;25;0.018513297724107928;0.5769773997822508;0.030123867625210493;0.048;75.0;90.0;0.0982052033382978;0.1283290709635083
11.0;20;25;0.018513297724107928;0.5769773997822508;nan;0.048;330.0;50.0;0.0959083060330537;0.0284514783161753
18.0;20;25;0.018513297724107928;0.5769773997822508;nan;0.048;3652.0;2250.0;0.0515095706017609;0.0509764643146258
21.0;20;25;0.018513297724107928;0.5769773997822508;nan;0.048;90.0;50.0;0.0986127877393275;0.055579902660981
24.0;20;25;0.018513297724107928;0.5769773997822508;0.017728074248568204;0.048;75.0;100.0;0.0806796201739536;0.0984076944225218
