Site;Number Data Training;Number Global Data;MSE Test;R2 Test;Quality Metric;Quality Sum;P Real;P pred;H Real Preal;H Real Ppred
1.0;20;25;0.0038877869977956532;0.8692139269117539;nan;0;30.0;30.0;0.0425305241829691;0.0425305241829691
4.0;20;25;0.0038877869977956532;0.8692139269117539;nan;0;30.0;30.0;0.0343745209691433;0.0343745209691433
7.0;20;25;0.0038877869977956532;0.8692139269117539;nan;0;90.0;30.0;0.086542647569335;0.0316583333666094
8.0;20;25;0.0038877869977956532;0.8692139269117539;nan;0;90.0;30.0;0.0692507301025263;0.0261748518897128
16.0;20;25;0.0038877869977956532;0.8692139269117539;nan;0;90.0;90.0;0.0895169299721877;0.0895169299721877
