Site;Number Data Training;Number Global Data;MSE Test;R2 Test;Quality Metric;Quality Sum;P Real;P pred;H Real Preal;H Real Ppred
3.0;20;25;0.007556770818447706;0.6332024984104294;nan;0.069;30.0;30.0;0.0404493979934081;0.0404493979934081
13.0;20;25;0.007556770818447706;0.6332024984104294;nan;0.069;3652.0;90.0;0.0993700430118872;0.0459743068795799
19.0;20;25;0.007556770818447706;0.6332024984104294;nan;0.069;30.0;30.0;0.0866235149493999;0.0866235149493999
27.0;20;25;0.007556770818447706;0.6332024984104294;0.06916025460476449;0.069;30.0;90.0;0.0493077354091983;0.1184679900139628
30.0;20;25;0.007556770818447706;0.6332024984104294;nan;0.069;365.0;30.0;0.0943415440641389;0.0218219316716011
