Site;Number Data Training;Number Global Data;MSE Test;R2 Test;Quality Metric;Quality Sum;P Real;P pred;H Real Preal;H Real Ppred
3.0;20;25;0.03053292696547887;0.5215908500601325;0.06230770324085481;0.409;30.0;90.0;0.0404493979934081;0.1027571012342629
4.0;20;25;0.03053292696547887;0.5215908500601325;0.09395454999436499;0.409;30.0;90.0;0.0343745209691433;0.1283290709635083
15.0;20;25;0.03053292696547887;0.5215908500601325;0.154083590696306;0.409;30.0;90.0;0.0825331753189077;0.2366167660152137
21.0;20;25;0.03053292696547887;0.5215908500601325;nan;0.409;90.0;90.0;0.0986127877393275;0.0986127877393275
28.0;20;25;0.03053292696547887;0.5215908500601325;0.09894812544548881;0.409;30.0;90.0;0.056126814949097;0.1550749403945858
