Site;Number Data Training;Number Global Data;MSE Test;R2 Test;Quality Metric;Quality Sum;P Real;P pred;H Real Preal;H Real Ppred
3.0;20;25;0.002991488213138636;0.7885213782699947;nan;0;30.0;30.0;0.0404493979934081;0.0404493979934081
7.0;20;25;0.002991488213138636;0.7885213782699947;nan;0;90.0;30.0;0.086542647569335;0.0316583333666094
14.0;20;25;0.002991488213138636;0.7885213782699947;nan;0;90.0;90.0;0.0669928669115922;0.0669928669115922
17.0;20;25;0.002991488213138636;0.7885213782699947;nan;0;30.0;30.0;0.0413325160789286;0.0413325160789286
29.0;20;25;0.002991488213138636;0.7885213782699947;nan;0;90.0;30.0;0.098923572533551;0.0532782227856177
