Site;Number Data Training;Number Global Data;MSE Test;R2 Test;Quality Metric;Quality Sum;P Real;P pred;H Real Preal;H Real Ppred
25.0;24;25;0.00021078621110522772;0.9677010546276955;0.0099181142790995;0.01;125.0;150.0;0.0940222321495014;0.1039403464286009
