Site;Number Data Training;Number Global Data;MSE Test;R2 Test;Quality Metric;Quality Sum;P Real;P pred;H Real Preal;H Real Ppred
10.0;20;25;0.008020115655688765;0.08021386319621482;nan;0;90.0;90.0;0.0915538363720714;0.0915538363720714
11.0;20;25;0.008020115655688765;0.08021386319621482;nan;0;182.0;30.0;0.0809120145894057;0.020072089411818
16.0;20;25;0.008020115655688765;0.08021386319621482;nan;0;90.0;90.0;0.0895169299721877;0.0895169299721877
18.0;20;25;0.008020115655688765;0.08021386319621482;nan;0;3652.0;365.0;0.0515095706017609;0.0481160170316837
29.0;20;25;0.008020115655688765;0.08021386319621482;nan;0;90.0;90.0;0.098923572533551;0.098923572533551
