Site;Number Data Training;Number Global Data;MSE Test;R2 Test;Quality Metric;Quality Sum;P Real;P pred;H Real Preal;H Real Ppred
1.0;20;25;0.01212289948225358;0.39886164742195984;0.06287049047289771;0.178;30.0;90.0;0.0425305241829691;0.1054010146558668
8.0;20;25;0.01212289948225358;0.39886164742195984;nan;0.178;90.0;90.0;0.0692507301025263;0.0692507301025263
19.0;20;25;0.01212289948225358;0.39886164742195984;0.11528048195616689;0.178;30.0;90.0;0.0866235149493999;0.2019039969055668
20.0;20;25;0.01212289948225358;0.39886164742195984;nan;0.178;90.0;90.0;0.0939738204160915;0.0939738204160915
22.0;20;25;0.01212289948225358;0.39886164742195984;nan;0.178;90.0;90.0;0.0665826349200478;0.0665826349200478
