Site;Number Data Training;Number Global Data;MSE Test;R2 Test;Quality Metric;Quality Sum;P Real;P pred;H Real Preal;H Real Ppred
10.0;20;25;0.006122129371383208;0.3405713870683028;nan;0.003;100.0;90.0;0.0973990073949321;0.0915538363720714
12.0;20;25;0.006122129371383208;0.3405713870683028;nan;0.003;150.0;100.0;0.0962223954294124;0.075515837203816
21.0;20;25;0.006122129371383208;0.3405713870683028;0.0027304464335027034;0.003;90.0;100.0;0.0986127877393275;0.1013432341728302
25.0;20;25;0.006122129371383208;0.3405713870683028;nan;0.003;125.0;125.0;0.0940222321495014;0.0940222321495014
29.0;20;25;0.006122129371383208;0.3405713870683028;nan;0.003;90.0;30.0;0.098923572533551;0.0532782227856177
