Site;SubCatch;Number Data Training;Number Global Data;MSE Test;R2 Test;Quality Metric;Quality Sum;P Real;P pred;H Real Preal;H Real Ppred
39;2;24;25;0.18007578846641317;-0.16945794125073466;0.1918669264354024;0.192;60;75;0.0020502687752442;0.1939171952106466
