Site;Number Data Training;Number Global Data;MSE Test;R2 Test;Quality Metric;Quality Sum;P Real;P pred;H Real Preal;H Real Ppred
4.0;20;25;0.03632676034070105;0.4749843993709816;0.013202385271553596;0.091;75.0;100.0;0.0982052033382978;0.1114075886098514
11.0;20;25;0.03632676034070105;0.4749843993709816;nan;0.091;330.0;50.0;0.0959083060330537;0.0284514783161753
15.0;20;25;0.03632676034070105;0.4749843993709816;0.07753043540385009;0.091;30.0;60.0;0.0825331753189077;0.1600636107227578
18.0;20;25;0.03632676034070105;0.4749843993709816;nan;0.091;3652.0;2250.0;0.0515095706017609;0.0509764643146258
29.0;20;25;0.03632676034070105;0.4749843993709816;nan;0.091;90.0;90.0;0.098923572533551;0.098923572533551
