Site;Number Data Training;Number Global Data;MSE Test;R2 Test;Quality Metric;Quality Sum;P Real;P pred;H Real Preal;H Real Ppred
7.0;20;25;0.0019899568390450532;0.8688816789309006;0.0232595604167075;0.077;100.0;125.0;0.0904205207984803;0.1136800812151878
17.0;20;25;0.0019899568390450532;0.8688816789309006;0.023311678069818903;0.077;75.0;100.0;0.086416666848223;0.1097283449180419
21.0;20;25;0.0019899568390450532;0.8688816789309006;0.029952452586890915;0.077;90.0;125.0;0.0986127877393275;0.1285652403262184
22.0;20;25;0.0019899568390450532;0.8688816789309006;nan;0.077;150.0;100.0;0.0946198779296581;0.0673529852309897
29.0;20;25;0.0019899568390450532;0.8688816789309006;nan;0.077;90.0;30.0;0.098923572533551;0.0532782227856177
