Site;Number Data Training;Number Global Data;MSE Test;R2 Test;Quality Metric;Quality Sum;P Real;P pred;H Real Preal;H Real Ppred
24.0;9;10;0.05264187845210208;0.08603666642110097;0.22954112112246247;0.23;30.0;182.0;0.0306645078478985;0.260205628970361
