Site;Number Data Training;Number Global Data;MSE Test;R2 Test;Quality Metric;Quality Sum;P Real;P pred;H Real Preal;H Real Ppred
3.0;20;25;0.03039619593262876;0.4924889742327858;0.021789937316753702;0.24;75.0;100.0;0.0829605078650181;0.1047504451817718
15.0;20;25;0.03039619593262876;0.4924889742327858;0.0979284482959183;0.24;30.0;75.0;0.0825331753189077;0.180461623614826
18.0;20;25;0.03039619593262876;0.4924889742327858;nan;0.24;3652.0;75.0;0.0515095706017609;0.0236715852474286
28.0;20;25;0.03039619593262876;0.4924889742327858;0.1198608547699373;0.24;50.0;150.0;0.0912401650277275;0.2111010197976648
30.0;20;25;0.03039619593262876;0.4924889742327858;nan;0.24;365.0;100.0;0.0943415440641389;0.0491261932172611
