Site;Number Data Training;Number Global Data;MSE Test;R2 Test;Quality Metric;Quality Sum;P Real;P pred;H Real Preal;H Real Ppred
10.0;20;25;0.003843095363489736;0.6202492409163761;nan;0;90.0;90.0;0.0915538363720714;0.0915538363720714
12.0;20;25;0.003843095363489736;0.6202492409163761;nan;0;90.0;30.0;0.0730083632551525;0.0336530456759948
21.0;20;25;0.003843095363489736;0.6202492409163761;nan;0;90.0;30.0;0.0986127877393275;0.0354389533967742
25.0;20;25;0.003843095363489736;0.6202492409163761;nan;0;90.0;90.0;0.0734978659430122;0.0734978659430122
29.0;20;25;0.003843095363489736;0.6202492409163761;nan;0;90.0;30.0;0.098923572533551;0.0532782227856177
