Site;Number Data Training;Number Global Data;MSE Test;R2 Test;Quality Metric;Quality Sum;P Real;P pred;H Real Preal;H Real Ppred
16.0;20;25;0.002544668845043278;0.8895182664930338;nan;0;90.0;90.0;0.0895169299721877;0.0895169299721877
18.0;20;25;0.002544668845043278;0.8895182664930338;nan;0;3652.0;365.0;0.0515095706017609;0.0481160170316837
21.0;20;25;0.002544668845043278;0.8895182664930338;nan;0;90.0;90.0;0.0986127877393275;0.0986127877393275
24.0;20;25;0.002544668845043278;0.8895182664930338;nan;0;30.0;30.0;0.0306645078478985;0.0306645078478985
25.0;20;25;0.002544668845043278;0.8895182664930338;nan;0;90.0;90.0;0.0734978659430122;0.0734978659430122
