Site;Number Data Training;Number Global Data;MSE Test;R2 Test;Quality Metric;Quality Sum;P Real;P pred;H Real Preal;H Real Ppred
1.0;20;25;0.01407894117575195;0.3667728657660616;0.048355868409462405;0.187;75.0;125.0;0.0850912692667235;0.1334471376761859
7.0;20;25;0.01407894117575195;0.3667728657660616;0.0232595604167075;0.187;100.0;125.0;0.0904205207984803;0.1136800812151878
13.0;20;25;0.01407894117575195;0.3667728657660616;nan;0.187;3000.0;150.0;0.0998605746589843;0.0594677090973026
19.0;20;25;0.01407894117575195;0.3667728657660616;0.11528048195616689;0.187;30.0;90.0;0.0866235149493999;0.2019039969055668
22.0;20;25;0.01407894117575195;0.3667728657660616;nan;0.187;150.0;100.0;0.0946198779296581;0.0673529852309897
