Site;Number Data Training;Number Global Data;MSE Test;R2 Test;Quality Metric;Quality Sum;P Real;P pred;H Real Preal;H Real Ppred
3.0;20;25;0.003941022764518344;0.8111897135701478;nan;0.069;30.0;30.0;0.0404493979934081;0.0404493979934081
12.0;20;25;0.003941022764518344;0.8111897135701478;nan;0.069;90.0;90.0;0.0730083632551525;0.0730083632551525
17.0;20;25;0.003941022764518344;0.8111897135701478;nan;0.069;30.0;30.0;0.0413325160789286;0.0413325160789286
27.0;20;25;0.003941022764518344;0.8111897135701478;0.06916025460476449;0.069;30.0;90.0;0.0493077354091983;0.1184679900139628
28.0;20;25;0.003941022764518344;0.8111897135701478;nan;0.069;30.0;30.0;0.056126814949097;0.056126814949097
