Site;Number Data Training;Number Global Data;MSE Test;R2 Test;Quality Metric;Quality Sum;P Real;P pred;H Real Preal;H Real Ppred
8.0;20;25;0.006586593544918312;0.654246579763178;nan;0;90.0;90.0;0.0692507301025263;0.0692507301025263
14.0;20;25;0.006586593544918312;0.654246579763178;nan;0;90.0;90.0;0.0669928669115922;0.0669928669115922
17.0;20;25;0.006586593544918312;0.654246579763178;nan;0;30.0;30.0;0.0413325160789286;0.0413325160789286
23.0;20;25;0.006586593544918312;0.654246579763178;nan;0;30.0;30.0;0.0601751122032808;0.0601751122032808
30.0;20;25;0.006586593544918312;0.654246579763178;nan;0;365.0;30.0;0.0943415440641389;0.0218219316716011
