Site;Number Data Training;Number Global Data;MSE Test;R2 Test;Quality Metric;Quality Sum;P Real;P pred;H Real Preal;H Real Ppred
8.0;20;25;0.008200694808814654;0.16262739297191797;nan;0;90.0;90.0;0.0692507301025263;0.0692507301025263
11.0;20;25;0.008200694808814654;0.16262739297191797;nan;0;182.0;30.0;0.0809120145894057;0.020072089411818
12.0;20;25;0.008200694808814654;0.16262739297191797;nan;0;90.0;90.0;0.0730083632551525;0.0730083632551525
21.0;20;25;0.008200694808814654;0.16262739297191797;nan;0;90.0;30.0;0.0986127877393275;0.0354389533967742
25.0;20;25;0.008200694808814654;0.16262739297191797;nan;0;90.0;90.0;0.0734978659430122;0.0734978659430122
