Site;Number Data Training;Number Global Data;MSE Test;R2 Test;Quality Metric;Quality Sum;P Real;P pred;H Real Preal;H Real Ppred
1.0;20;25;0.024206734422915162;-0.20204961723527814;0.022969212840433198;0.079;75.0;100.0;0.0850912692667235;0.1080604821071567
8.0;20;25;0.024206734422915162;-0.20204961723527814;nan;0.079;125.0;75.0;0.0867459868794762;0.0551663282849413
10.0;20;25;0.024206734422915162;-0.20204961723527814;0.01827575978408201;0.079;100.0;125.0;0.0973990073949321;0.1156747671790141
16.0;20;25;0.024206734422915162;-0.20204961723527814;nan;0.079;100.0;90.0;0.0844783754487946;0.0895169299721877
23.0;20;25;0.024206734422915162;-0.20204961723527814;0.037729339075152385;0.079;50.0;75.0;0.0951034486697061;0.1328327877448585
