Site;Number Data Training;Number Global Data;MSE Test;R2 Test;Quality Metric;Quality Sum;P Real;P pred;H Real Preal;H Real Ppred
8.0;20;25;0.015073655944752098;0.3462543736970105;nan;0.214;90.0;90.0;0.0692507301025263;0.0692507301025263
11.0;20;25;0.015073655944752098;0.3462543736970105;nan;0.214;182.0;90.0;0.0809120145894057;0.0435498926878454
19.0;20;25;0.015073655944752098;0.3462543736970105;0.11528048195616689;0.214;30.0;90.0;0.0866235149493999;0.2019039969055668
25.0;20;25;0.015073655944752098;0.3462543736970105;nan;0.214;90.0;90.0;0.0734978659430122;0.0734978659430122
28.0;20;25;0.015073655944752098;0.3462543736970105;0.09894812544548881;0.214;30.0;90.0;0.056126814949097;0.1550749403945858
