Site;Number Data Training;Number Global Data;MSE Test;R2 Test;Quality Metric;Quality Sum;P Real;P pred;H Real Preal;H Real Ppred
1.0;20;25;0.004695144786994908;0.7672380837075982;nan;0.186;75.0;60.0;0.0850912692667235;0.0759114644001612
8.0;20;25;0.004695144786994908;0.7672380837075982;nan;0.186;125.0;100.0;0.0867459868794762;0.0671801751349022
19.0;20;25;0.004695144786994908;0.7672380837075982;0.08355299194062568;0.186;30.0;75.0;0.0866235149493999;0.1701765068900256
20.0;20;25;0.004695144786994908;0.7672380837075982;0.1028640221111458;0.186;100.0;365.0;0.0910601462720121;0.1939241683831579
22.0;20;25;0.004695144786994908;0.7672380837075982;nan;0.186;150.0;75.0;0.0946198779296581;0.0720847793771322
