Site;Number Data Training;Number Global Data;MSE Test;R2 Test;Quality Metric;Quality Sum;P Real;P pred;H Real Preal;H Real Ppred
3.0;20;25;0.02332461870560487;0.6105597821797257;nan;0.13;75.0;75.0;0.0829605078650181;0.0829605078650181
15.0;20;25;0.02332461870560487;0.6105597821797257;0.0979284482959183;0.13;30.0;75.0;0.0825331753189077;0.180461623614826
18.0;20;25;0.02332461870560487;0.6105597821797257;nan;0.13;3652.0;2250.0;0.0515095706017609;0.0509764643146258
28.0;20;25;0.02332461870560487;0.6105597821797257;0.032093643247467704;0.13;50.0;75.0;0.0912401650277275;0.1233338082751952
30.0;20;25;0.02332461870560487;0.6105597821797257;nan;0.13;365.0;100.0;0.0943415440641389;0.0491261932172611
